{
  "test_metrics_ensemble": {
    "ndcg": 0.6074625619778731,
    "spearman": 0.4487208008898776,
    "mrr_top2": 1.0,
    "mrr_top4": 1.0,
    "ndcg10": 0.6074625619778731,
    "ndcg_at_4": 0.35315119534797357,
    "ndcg_at_12": 0.6073485785565707,
    "ndcg_at_16": 0.6085758587186159,
    "ndcg_at_20": 0.6091817595418625,
    "roc_auc_upset": 0.7314814814814815,
    "rank_mae_pred_vs_playoff_final_results": 7.199999809265137,
    "rank_rmse_pred_vs_playoff_final_results": 9.088454246520996,
    "rank_mae_eos_standings_vs_playoff_final_results": 3.7333333333333334,
    "rank_rmse_eos_standings_vs_playoff_final_results": 6.093712606722878,
    "playoff_metrics": {
      "spearman_pred_vs_playoff_final_results": 0.4398220244716351,
      "ndcg_at_4_final_four": 0.35315119534797357,
      "ndcg10_pred_vs_playoff_final_results": 0.6074676310162628,
      "brier_championship_odds": 0.03222232684493065,
      "rank_mae_pred_vs_playoff_final_results": 7.199999809265137,
      "rank_rmse_pred_vs_playoff_final_results": 9.088454246520996,
      "rank_mae_eos_standings_vs_playoff_final_results": 3.7333333333333334,
      "rank_rmse_eos_standings_vs_playoff_final_results": 6.093712606722878
    }
  },
  "test_metrics_model_a": {
    "ndcg": 0.6074625619778731,
    "spearman": 0.4442714126807564,
    "mrr_top2": 1.0,
    "mrr_top4": 1.0,
    "ndcg10": 0.6074625619778731,
    "ndcg_at_4": 0.35315119534797357,
    "ndcg_at_12": 0.6073485785565707,
    "ndcg_at_16": 0.6085757262059206,
    "ndcg_at_20": 0.6091816270297502,
    "roc_auc_upset": 0.7314814814814815
  },
  "test_metrics_model_b": {
    "ndcg": 0.8062814887710054,
    "spearman": 0.37708565072302563,
    "mrr_top2": 1.0,
    "mrr_top4": 1.0,
    "ndcg10": 0.8062814887710054,
    "ndcg_at_4": 0.7116242168324007,
    "ndcg_at_12": 0.8060924934497766,
    "ndcg_at_16": 0.8061110219189691,
    "ndcg_at_20": 0.8436847574104821,
    "roc_auc_upset": 0.7873303167420815
  },
  "test_metrics_model_c": {
    "ndcg": 0.3335099094849099,
    "spearman": 0.23559510567296996,
    "mrr_top2": 0.16666666666666666,
    "mrr_top4": 0.16666666666666666,
    "ndcg10": 0.3335099094849099,
    "ndcg_at_4": 0.0011069724610271625,
    "ndcg_at_12": 0.3389081203242068,
    "ndcg_at_16": 0.3596647393089661,
    "ndcg_at_20": 0.3700007332224158,
    "roc_auc_upset": 0.7633928571428571
  },
  "test_metrics_by_conference": {
    "E": {
      "ndcg": 0.38369169619137905,
      "spearman": 0.2321428571428571
    },
    "W": {
      "ndcg": 0.9537622970575228,
      "spearman": 0.6749999999999999
    }
  },
  "notes": {
    "eos_rank_source": "eos_final_rank"
  }
}