{
  "notes": {
    "eval_on": "test",
    "eos_rank_source": "eos_final_rank",
    "upset_definition": "sleeper = EOS_global_rank > predicted_strength",
    "mrr_top2": "1/rank of first team in top 2 (champion+runner-up) in predicted order.",
    "mrr_top4": "1/rank of first team in top 4 (conference finals) in predicted order.",
    "per_conference_relevance": "Within E/W: actual rank derived from EOS_global_rank (1=best in conf); NDCG/Spearman use this relevance.",
    "playoff_metrics": "Spearman (pred global vs playoff_final_results), NDCG@4 (final four), Brier (champion vs odds). rank_mae/rank_rmse: pred vs playoff_final_results; eos_standings vs playoff_final_results (baseline)."
  },
  "split_info": {
    "train_frac": 0.75,
    "n_train_dates": 141,
    "n_test_dates": 36,
    "split_mode": "seasons"
  },
  "test_metrics_ensemble": {
    "ndcg": 0.4864310820761743,
    "spearman": 0.4874304783092325,
    "mrr_top2": 0.5,
    "mrr_top4": 0.5,
    "ndcg10": 0.4864310820761743,
    "ndcg_at_4": 0.4645175546554888,
    "ndcg_at_12": 0.5319459749929746,
    "ndcg_at_16": 0.5319273985906312,
    "ndcg_at_20": 0.5331465159610177,
    "roc_auc_upset": 0.7678571428571428,
    "rank_mae_pred_vs_playoff_final_results": 7.0,
    "rank_rmse_pred_vs_playoff_final_results": 8.763561248779297,
    "rank_mae_eos_standings_vs_playoff_final_results": 3.1333333333333333,
    "rank_rmse_eos_standings_vs_playoff_final_results": 4.449719092257398,
    "playoff_metrics": {
      "spearman_pred_vs_playoff_final_results": 0.47319243604004446,
      "ndcg_at_4_final_four": 0.4645175546554888,
      "ndcg10_pred_vs_playoff_final_results": 0.48642061262344366,
      "brier_championship_odds": 0.03222232684493065,
      "rank_mae_pred_vs_playoff_final_results": 7.0,
      "rank_rmse_pred_vs_playoff_final_results": 8.763561248779297,
      "rank_mae_eos_standings_vs_playoff_final_results": 3.1333333333333333,
      "rank_rmse_eos_standings_vs_playoff_final_results": 4.449719092257398
    }
  },
  "test_metrics_model_a": {
    "ndcg": 0.4864310820761743,
    "spearman": 0.4874304783092325,
    "mrr_top2": 0.5,
    "mrr_top4": 0.5,
    "ndcg10": 0.4864310820761743,
    "ndcg_at_4": 0.4645175546554888,
    "ndcg_at_12": 0.5319459749929746,
    "ndcg_at_16": 0.5319273985906312,
    "ndcg_at_20": 0.5331465159610177,
    "roc_auc_upset": 0.7678571428571428
  },
  "test_metrics_model_b": {
    "ndcg": 0.22684841108198367,
    "spearman": 0.6529477196885429,
    "mrr_top2": 0.25,
    "mrr_top4": 0.25,
    "ndcg10": 0.22684841108198367,
    "ndcg_at_4": 0.16775742802418675,
    "ndcg_at_12": 0.42993111381881716,
    "ndcg_at_16": 0.4300318352717083,
    "ndcg_at_20": 0.43003003547448737,
    "roc_auc_upset": 0.6977777777777778
  },
  "test_metrics_model_c": {
    "ndcg": 0.05124995751403931,
    "spearman": 0.30233592880978866,
    "mrr_top2": 0.06666666666666667,
    "mrr_top4": 0.2,
    "ndcg10": 0.05124995751403931,
    "ndcg_at_4": 0.00711064040423231,
    "ndcg_at_12": 0.056899138174850025,
    "ndcg_at_16": 0.17781540372208415,
    "ndcg_at_20": 0.18021312496782235,
    "roc_auc_upset": 0.8258928571428571
  },
  "test_metrics_by_conference": {
    "E": {
      "ndcg": 0.26862493552803235,
      "spearman": 0.2714285714285714
    },
    "W": {
      "ndcg": 0.7504940786340119,
      "spearman": 0.6749999999999999
    }
  },
  "by_season": {
    "2023-24": {
      "test_metrics_ensemble": {
        "ndcg": 0.6074625619778731,
        "spearman": 0.4487208008898776,
        "mrr_top2": 1.0,
        "mrr_top4": 1.0,
        "ndcg10": 0.6074625619778731,
        "ndcg_at_4": 0.35315119534797357,
        "ndcg_at_12": 0.6073485785565707,
        "ndcg_at_16": 0.6085758587186159,
        "ndcg_at_20": 0.6091817595418625,
        "roc_auc_upset": 0.7314814814814815,
        "rank_mae_pred_vs_playoff_final_results": 7.199999809265137,
        "rank_rmse_pred_vs_playoff_final_results": 9.088454246520996,
        "rank_mae_eos_standings_vs_playoff_final_results": 3.7333333333333334,
        "rank_rmse_eos_standings_vs_playoff_final_results": 6.093712606722878,
        "playoff_metrics": {
          "spearman_pred_vs_playoff_final_results": 0.4398220244716351,
          "ndcg_at_4_final_four": 0.35315119534797357,
          "ndcg10_pred_vs_playoff_final_results": 0.6074676310162628,
          "brier_championship_odds": 0.03222232684493065,
          "rank_mae_pred_vs_playoff_final_results": 7.199999809265137,
          "rank_rmse_pred_vs_playoff_final_results": 9.088454246520996,
          "rank_mae_eos_standings_vs_playoff_final_results": 3.7333333333333334,
          "rank_rmse_eos_standings_vs_playoff_final_results": 6.093712606722878
        }
      },
      "test_metrics_model_a": {
        "ndcg": 0.6074625619778731,
        "spearman": 0.4442714126807564,
        "mrr_top2": 1.0,
        "mrr_top4": 1.0,
        "ndcg10": 0.6074625619778731,
        "ndcg_at_4": 0.35315119534797357,
        "ndcg_at_12": 0.6073485785565707,
        "ndcg_at_16": 0.6085757262059206,
        "ndcg_at_20": 0.6091816270297502,
        "roc_auc_upset": 0.7314814814814815
      },
      "test_metrics_model_b": {
        "ndcg": 0.8062814887710054,
        "spearman": 0.37708565072302563,
        "mrr_top2": 1.0,
        "mrr_top4": 1.0,
        "ndcg10": 0.8062814887710054,
        "ndcg_at_4": 0.7116242168324007,
        "ndcg_at_12": 0.8060924934497766,
        "ndcg_at_16": 0.8061110219189691,
        "ndcg_at_20": 0.8436847574104821,
        "roc_auc_upset": 0.7873303167420815
      },
      "test_metrics_model_c": {
        "ndcg": 0.3335099094849099,
        "spearman": 0.23559510567296996,
        "mrr_top2": 0.16666666666666666,
        "mrr_top4": 0.16666666666666666,
        "ndcg10": 0.3335099094849099,
        "ndcg_at_4": 0.0011069724610271625,
        "ndcg_at_12": 0.3389081203242068,
        "ndcg_at_16": 0.3596647393089661,
        "ndcg_at_20": 0.3700007332224158,
        "roc_auc_upset": 0.7633928571428571
      },
      "test_metrics_by_conference": {
        "E": {
          "ndcg": 0.38369169619137905,
          "spearman": 0.2321428571428571
        },
        "W": {
          "ndcg": 0.9537622970575228,
          "spearman": 0.6749999999999999
        }
      },
      "notes": {
        "eos_rank_source": "eos_final_rank"
      }
    },
    "2024-25": {
      "test_metrics_ensemble": {
        "ndcg": 0.4864310820761743,
        "spearman": 0.4874304783092325,
        "mrr_top2": 0.5,
        "mrr_top4": 0.5,
        "ndcg10": 0.4864310820761743,
        "ndcg_at_4": 0.4645175546554888,
        "ndcg_at_12": 0.5319459749929746,
        "ndcg_at_16": 0.5319273985906312,
        "ndcg_at_20": 0.5331465159610177,
        "roc_auc_upset": 0.7678571428571428,
        "rank_mae_pred_vs_playoff_final_results": 7.0,
        "rank_rmse_pred_vs_playoff_final_results": 8.763561248779297,
        "rank_mae_eos_standings_vs_playoff_final_results": 3.1333333333333333,
        "rank_rmse_eos_standings_vs_playoff_final_results": 4.449719092257398,
        "playoff_metrics": {
          "spearman_pred_vs_playoff_final_results": 0.47319243604004446,
          "ndcg_at_4_final_four": 0.4645175546554888,
          "ndcg10_pred_vs_playoff_final_results": 0.48642061262344366,
          "brier_championship_odds": 0.03222232684493065,
          "rank_mae_pred_vs_playoff_final_results": 7.0,
          "rank_rmse_pred_vs_playoff_final_results": 8.763561248779297,
          "rank_mae_eos_standings_vs_playoff_final_results": 3.1333333333333333,
          "rank_rmse_eos_standings_vs_playoff_final_results": 4.449719092257398
        }
      },
      "test_metrics_model_a": {
        "ndcg": 0.4864310820761743,
        "spearman": 0.4874304783092325,
        "mrr_top2": 0.5,
        "mrr_top4": 0.5,
        "ndcg10": 0.4864310820761743,
        "ndcg_at_4": 0.4645175546554888,
        "ndcg_at_12": 0.5319459749929746,
        "ndcg_at_16": 0.5319273985906312,
        "ndcg_at_20": 0.5331465159610177,