{
  "test_metrics_ensemble": {
    "ndcg": 0.5576017753363869,
    "spearman": 0.41490545050055616,
    "mrr_top2": 1.0,
    "mrr_top4": 1.0,
    "ndcg10": 0.5576017753363869,
    "ndcg_at_4": 0.35315119534797357,
    "ndcg_at_12": 0.6013857100219041,
    "ndcg_at_16": 0.6026737276571305,
    "ndcg_at_20": 0.6032888949505524,
    "roc_auc_upset": 0.8035714285714286,
    "rank_mae_pred_vs_playoff_final_results": 7.266666889190674,
    "rank_rmse_pred_vs_playoff_final_results": 9.36304759979248,
    "rank_mae_eos_standings_vs_playoff_final_results": 3.7333333333333334,
    "rank_rmse_eos_standings_vs_playoff_final_results": 6.093712606722878,
    "playoff_metrics": {
      "spearman_pred_vs_playoff_final_results": 0.4829810901001112,
      "ndcg_at_4_final_four": 0.35315119534797357,
      "ndcg10_pred_vs_playoff_final_results": 0.5576033661646869,
      "brier_championship_odds": 0.03222232684493065,
      "rank_mae_pred_vs_playoff_final_results": 7.266666889190674,
      "rank_rmse_pred_vs_playoff_final_results": 9.36304759979248,
      "rank_mae_eos_standings_vs_playoff_final_results": 3.7333333333333334,
      "rank_rmse_eos_standings_vs_playoff_final_results": 6.093712606722878
    }
  },
  "test_metrics_model_a": {
    "ndcg": 0.5407413372147801,
    "spearman": 0.3984427141268076,
    "mrr_top2": 1.0,
    "mrr_top4": 1.0,
    "ndcg10": 0.5407413372147801,
    "ndcg_at_4": 0.35315119534797357,
    "ndcg_at_12": 0.5845297005839842,
    "ndcg_at_16": 0.5858190111756436,
    "ndcg_at_20": 0.5864342525998384,
    "roc_auc_upset": 0.8125
  },
  "test_metrics_model_b": {
    "ndcg": 0.5666733229202083,
    "spearman": 0.3979977753058954,
    "mrr_top2": 0.5,
    "mrr_top4": 0.5,
    "ndcg10": 0.5666733229202083,
    "ndcg_at_4": 0.4437410146181249,
    "ndcg_at_12": 0.566548669775727,
    "ndcg_at_16": 0.6062337547661321,
    "ndcg_at_20": 0.6109330187951364,
    "roc_auc_upset": 0.8258928571428571
  },
  "test_metrics_model_c": {
    "ndcg": 0.333487026575135,
    "spearman": 0.23159065628476083,
    "mrr_top2": 0.16666666666666666,
    "mrr_top4": 0.16666666666666666,
    "ndcg10": 0.333487026575135,
    "ndcg_at_4": 0.0011069724610271625,
    "ndcg_at_12": 0.33890731926775686,
    "ndcg_at_16": 0.35966393831396193,
    "ndcg_at_20": 0.3699999322309346,
    "roc_auc_upset": 0.7633928571428571
  },
  "test_metrics_by_conference": {
    "E": {
      "ndcg": 0.4082558957314894,
      "spearman": 0.27499999999999997
    },
    "W": {
      "ndcg": 0.913726858264557,
      "spearman": 0.5357142857142856
    }
  },
  "notes": {
    "eos_rank_source": "eos_final_rank"
  }
}