{
  "notes": {
    "eval_on": "test",
    "eos_rank_source": "eos_final_rank",
    "upset_definition": "sleeper = EOS_global_rank > predicted_strength",
    "mrr_top2": "1/rank of first team in top 2 (champion+runner-up) in predicted order.",
    "mrr_top4": "1/rank of first team in top 4 (conference finals) in predicted order.",
    "per_conference_relevance": "Within E/W: actual rank derived from EOS_global_rank (1=best in conf); NDCG/Spearman use this relevance.",
    "playoff_metrics": "Spearman (pred global vs playoff_final_results), NDCG@4 (final four), Brier (champion vs odds). rank_mae/rank_rmse: pred vs playoff_final_results; eos_standings vs playoff_final_results (baseline)."
  },
  "split_info": {
    "train_frac": 0.75,
    "n_train_dates": 141,
    "n_test_dates": 36,
    "split_mode": "seasons"
  },
  "test_metrics_ensemble": {
    "ndcg": 0.4809458098532685,
    "spearman": 0.44338153503893213,
    "mrr_top2": 0.5,
    "mrr_top4": 0.5,
    "ndcg10": 0.4809458098532685,
    "ndcg_at_4": 0.46444719014824637,
    "ndcg_at_12": 0.5250595461607585,
    "ndcg_at_16": 0.526283010763041,
    "ndcg_at_20": 0.5286289716865386,
    "roc_auc_upset": 0.7857142857142857,
    "rank_mae_pred_vs_playoff_final_results": 7.266666889190674,
    "rank_rmse_pred_vs_playoff_final_results": 9.132360458374023,
    "rank_mae_eos_standings_vs_playoff_final_results": 3.1333333333333333,
    "rank_rmse_eos_standings_vs_playoff_final_results": 4.449719092257398,
    "playoff_metrics": {
      "spearman_pred_vs_playoff_final_results": 0.4522803114571746,
      "ndcg_at_4_final_four": 0.46444719014824637,
      "ndcg10_pred_vs_playoff_final_results": 0.4809336630284629,
      "brier_championship_odds": 0.03222232684493065,
      "rank_mae_pred_vs_playoff_final_results": 7.266666889190674,
      "rank_rmse_pred_vs_playoff_final_results": 9.132360458374023,
      "rank_mae_eos_standings_vs_playoff_final_results": 3.1333333333333333,
      "rank_rmse_eos_standings_vs_playoff_final_results": 4.449719092257398
    }
  },
  "test_metrics_model_a": {
    "ndcg": 0.48065728793437357,
    "spearman": 0.4407119021134594,
    "mrr_top2": 0.5,
    "mrr_top4": 0.5,
    "ndcg10": 0.48065728793437357,
    "ndcg_at_4": 0.46444719014824637,
    "ndcg_at_12": 0.5247711000271015,
    "ndcg_at_16": 0.5259945867549223,
    "ndcg_at_20": 0.5283405489469726,
    "roc_auc_upset": 0.7901785714285714
  },
  "test_metrics_model_b": {
    "ndcg": 0.1662121788752517,
    "spearman": 0.5506117908787541,
    "mrr_top2": 0.2,
    "mrr_top4": 0.2,
    "ndcg10": 0.1662121788752517,
    "ndcg_at_4": 0.04029517653159447,
    "ndcg_at_12": 0.21005485347828273,
    "ndcg_at_16": 0.2308623471507798,
    "ndcg_at_20": 0.3787428055881671,
    "roc_auc_upset": 0.8348214285714286
  },
  "test_metrics_model_c": {
    "ndcg": 0.05124995751403931,
    "spearman": 0.30189098998887653,
    "mrr_top2": 0.0625,
    "mrr_top4": 0.2,
    "ndcg10": 0.05124995751403931,
    "ndcg_at_4": 0.00711064040423231,
    "ndcg_at_12": 0.056899138174850025,
    "ndcg_at_16": 0.1769467286075223,
    "ndcg_at_20": 0.17934445367388585,
    "roc_auc_upset": 0.8258928571428571
  },
  "test_metrics_by_conference": {
    "E": {
      "ndcg": 0.2615177182865235,
      "spearman": 0.2321428571428571
    },
    "W": {
      "ndcg": 0.7357002930456261,
      "spearman": 0.5785714285714285
    }
  },
  "by_season": {
    "2023-24": {
      "test_metrics_ensemble": {
        "ndcg": 0.5576017753363869,
        "spearman": 0.41490545050055616,
        "mrr_top2": 1.0,
        "mrr_top4": 1.0,
        "ndcg10": 0.5576017753363869,
        "ndcg_at_4": 0.35315119534797357,
        "ndcg_at_12": 0.6013857100219041,
        "ndcg_at_16": 0.6026737276571305,
        "ndcg_at_20": 0.6032888949505524,
        "roc_auc_upset": 0.8035714285714286,
        "rank_mae_pred_vs_playoff_final_results": 7.266666889190674,
        "rank_rmse_pred_vs_playoff_final_results": 9.36304759979248,
        "rank_mae_eos_standings_vs_playoff_final_results": 3.7333333333333334,
        "rank_rmse_eos_standings_vs_playoff_final_results": 6.093712606722878,
        "playoff_metrics": {
          "spearman_pred_vs_playoff_final_results": 0.4829810901001112,
          "ndcg_at_4_final_four": 0.35315119534797357,
          "ndcg10_pred_vs_playoff_final_results": 0.5576033661646869,
          "brier_championship_odds": 0.03222232684493065,
          "rank_mae_pred_vs_playoff_final_results": 7.266666889190674,
          "rank_rmse_pred_vs_playoff_final_results": 9.36304759979248,
          "rank_mae_eos_standings_vs_playoff_final_results": 3.7333333333333334,
          "rank_rmse_eos_standings_vs_playoff_final_results": 6.093712606722878
        }
      },
      "test_metrics_model_a": {
        "ndcg": 0.5407413372147801,
        "spearman": 0.3984427141268076,
        "mrr_top2": 1.0,
        "mrr_top4": 1.0,
        "ndcg10": 0.5407413372147801,
        "ndcg_at_4": 0.35315119534797357,
        "ndcg_at_12": 0.5845297005839842,
        "ndcg_at_16": 0.5858190111756436,
        "ndcg_at_20": 0.5864342525998384,
        "roc_auc_upset": 0.8125
      },
      "test_metrics_model_b": {
        "ndcg": 0.5666733229202083,
        "spearman": 0.3979977753058954,
        "mrr_top2": 0.5,
        "mrr_top4": 0.5,
        "ndcg10": 0.5666733229202083,
        "ndcg_at_4": 0.4437410146181249,
        "ndcg_at_12": 0.566548669775727,
        "ndcg_at_16": 0.6062337547661321,
        "ndcg_at_20": 0.6109330187951364,
        "roc_auc_upset": 0.8258928571428571
      },
      "test_metrics_model_c": {
        "ndcg": 0.333487026575135,
        "spearman": 0.23159065628476083,
        "mrr_top2": 0.16666666666666666,
        "mrr_top4": 0.16666666666666666,
        "ndcg10": 0.333487026575135,
        "ndcg_at_4": 0.0011069724610271625,
        "ndcg_at_12": 0.33890731926775686,
        "ndcg_at_16": 0.35966393831396193,
        "ndcg_at_20": 0.3699999322309346,
        "roc_auc_upset": 0.7633928571428571
      },
      "test_metrics_by_conference": {
        "E": {
          "ndcg": 0.4082558957314894,
          "spearman": 0.27499999999999997
        },
        "W": {
          "ndcg": 0.913726858264557,
          "spearman": 0.5357142857142856
        }
      },
      "notes": {
        "eos_rank_source": "eos_final_rank"
      }
    },
    "2024-25": {
      "test_metrics_ensemble": {
        "ndcg": 0.4809458098532685,
        "spearman": 0.44338153503893213,
        "mrr_top2": 0.5,
        "mrr_top4": 0.5,
        "ndcg10": 0.4809458098532685,
        "ndcg_at_4": 0.46444719014824637,
        "ndcg_at_12": 0.5250595461607585,
        "ndcg_at_16": 0.526283010763041,
        "ndcg_at_20": 0.5286289716865386,
        "roc_auc_upset": 0.7857142857142857,
        "rank_mae_pred_vs_playoff_final_results": 7.266666889190674,
        "rank_rmse_pred_vs_playoff_final_results": 9.132360458374023,
        "rank_mae_eos_standings_vs_playoff_final_results": 3.1333333333333333,
        "rank_rmse_eos_standings_vs_playoff_final_results": 4.449719092257398,
        "playoff_metrics": {
          "spearman_pred_vs_playoff_final_results": 0.4522803114571746,
          "ndcg_at_4_final_four": 0.46444719014824637,
          "ndcg10_pred_vs_playoff_final_results": 0.4809336630284629,
          "brier_championship_odds": 0.03222232684493065,
          "rank_mae_pred_vs_playoff_final_results": 7.266666889190674,
          "rank_rmse_pred_vs_playoff_final_results": 9.132360458374023,
          "rank_mae_eos_standings_vs_playoff_final_results": 3.1333333333333333,
          "rank_rmse_eos_standings_vs_playoff_final_results": 4.449719092257398
        }
      },
      "test_metrics_model_a": {
        "ndcg": 0.48065728793437357,
        "spearman": 0.4407119021134594,
        "mrr_top2": 0.5,
        "mrr_top4": 0.5,
        "ndcg10": 0.48065728793437357,
        "ndcg_at_4": 0.46444719014824637,
        "ndcg_at_12": 0.5247711000271015,
        "ndcg_at_16": 0.5259945867549223,