{
  "notes": {
    "eval_on": "test",
    "eos_rank_source": "eos_final_rank",
    "upset_definition": "sleeper = EOS_global_rank > predicted_strength",
    "mrr_top2": "1/rank of first team in top 2 (champion+runner-up) in predicted order.",
    "mrr_top4": "1/rank of first team in top 4 (conference finals) in predicted order.",
    "per_conference_relevance": "Within E/W: actual rank derived from EOS_global_rank (1=best in conf); NDCG/Spearman use this relevance.",
    "playoff_metrics": "Spearman (pred global vs playoff_final_results), NDCG@4 (final four), Brier (champion vs odds). rank_mae/rank_rmse: pred vs playoff_final_results; eos_standings vs playoff_final_results (baseline)."
  },
  "split_info": {
    "train_frac": 0.75,
    "n_train_dates": 141,
    "n_test_dates": 36,
    "split_mode": "seasons"
  },
  "test_metrics_ensemble": {
    "ndcg": 0.4897090596138588,
    "spearman": 0.4958843159065628,
    "mrr_top2": 0.5,
    "mrr_top4": 0.5,
    "ndcg10": 0.4897090596138588,
    "ndcg_at_4": 0.4643944167678145,
    "ndcg_at_12": 0.5338204941032715,
    "ndcg_at_16": 0.5338012430503699,
    "ndcg_at_20": 0.5374050219439375,
    "roc_auc_upset": 0.746606334841629,
    "rank_mae_pred_vs_playoff_final_results": 6.733333110809326,
    "rank_rmse_pred_vs_playoff_final_results": 8.690991401672363,
    "rank_mae_eos_standings_vs_playoff_final_results": 3.1333333333333333,
    "rank_rmse_eos_standings_vs_playoff_final_results": 4.449719092257398,
    "playoff_metrics": {
      "spearman_pred_vs_playoff_final_results": 0.5012235817575084,
      "ndcg_at_4_final_four": 0.4643812234227066,
      "ndcg10_pred_vs_playoff_final_results": 0.4896956948045531,
      "brier_championship_odds": 0.03222232684493065,
      "rank_mae_pred_vs_playoff_final_results": 6.733333110809326,
      "rank_rmse_pred_vs_playoff_final_results": 8.690991401672363,
      "rank_mae_eos_standings_vs_playoff_final_results": 3.1333333333333333,
      "rank_rmse_eos_standings_vs_playoff_final_results": 4.449719092257398
    }
  },
  "test_metrics_model_a": {
    "ndcg": 0.4897090596138588,
    "spearman": 0.4958843159065628,
    "mrr_top2": 0.5,
    "mrr_top4": 0.5,
    "ndcg10": 0.4897090596138588,
    "ndcg_at_4": 0.4643944167678145,
    "ndcg_at_12": 0.5338204941032715,
    "ndcg_at_16": 0.5338012430503699,
    "ndcg_at_20": 0.5374050219439375,
    "roc_auc_upset": 0.746606334841629
  },
  "test_metrics_model_b": {
    "ndcg": 0.22879203486576485,
    "spearman": 0.6560622914349278,
    "mrr_top2": 0.25,
    "mrr_top4": 0.25,
    "ndcg10": 0.22879203486576485,
    "ndcg_at_4": 0.16775742802418675,
    "ndcg_at_12": 0.40994186116406833,
    "ndcg_at_16": 0.42989723156064796,
    "ndcg_at_20": 0.42990074015224805,
    "roc_auc_upset": 0.6977777777777778
  },
  "test_metrics_model_c": {
    "ndcg": 0.05304264223120525,
    "spearman": 0.31790878754171303,
    "mrr_top2": 0.0625,
    "mrr_top4": 0.2,
    "ndcg10": 0.05304264223120525,
    "ndcg_at_4": 0.0072603807417201014,
    "ndcg_at_12": 0.058691352012581785,
    "ndcg_at_16": 0.17873880497176609,
    "ndcg_at_20": 0.18113652215618123,
    "roc_auc_upset": 0.8169642857142857
  },
  "test_metrics_by_conference": {
    "E": {
      "ndcg": 0.27745335871982874,
      "spearman": 0.3
    },
    "W": {
      "ndcg": 0.7723141400583361,
      "spearman": 0.657142857142857
    }
  },
  "by_season": {
    "2023-24": {
      "test_metrics_ensemble": {
        "ndcg": 0.6046048304390055,
        "spearman": 0.4229143492769744,
        "mrr_top2": 1.0,
        "mrr_top4": 1.0,
        "ndcg10": 0.6046048304390055,
        "ndcg_at_4": 0.35315119534797357,
        "ndcg_at_12": 0.6044513781350177,
        "ndcg_at_16": 0.6057391331945912,
        "ndcg_at_20": 0.6063542171877105,
        "roc_auc_upset": 0.7546296296296297,
        "rank_mae_pred_vs_playoff_final_results": 7.5333333015441895,
        "rank_rmse_pred_vs_playoff_final_results": 9.298745155334473,
        "rank_mae_eos_standings_vs_playoff_final_results": 3.7333333333333334,
        "rank_rmse_eos_standings_vs_playoff_final_results": 6.093712606722878,
        "playoff_metrics": {
          "spearman_pred_vs_playoff_final_results": 0.4518353726362625,
          "ndcg_at_4_final_four": 0.35315119534797357,
          "ndcg10_pred_vs_playoff_final_results": 0.6046041112846795,
          "brier_championship_odds": 0.03222232684493065,
          "rank_mae_pred_vs_playoff_final_results": 7.5333333015441895,
          "rank_rmse_pred_vs_playoff_final_results": 9.298745155334473,
          "rank_mae_eos_standings_vs_playoff_final_results": 3.7333333333333334,
          "rank_rmse_eos_standings_vs_playoff_final_results": 6.093712606722878
        }
      },
      "test_metrics_model_a": {
        "ndcg": 0.5955186798503143,
        "spearman": 0.4206896551724138,
        "mrr_top2": 1.0,
        "mrr_top4": 1.0,
        "ndcg10": 0.5955186798503143,
        "ndcg_at_4": 0.35315119534797357,
        "ndcg_at_12": 0.5953676141798527,
        "ndcg_at_16": 0.5966560660182862,
        "ndcg_at_20": 0.597271189960745,
        "roc_auc_upset": 0.7546296296296297
      },
      "test_metrics_model_b": {
        "ndcg": 0.8063721939044944,
        "spearman": 0.3917686318131257,
        "mrr_top2": 1.0,
        "mrr_top4": 1.0,
        "ndcg10": 0.8063721939044944,
        "ndcg_at_4": 0.7116242168324007,
        "ndcg_at_12": 0.8061831747580044,
        "ndcg_at_16": 0.8062052696254408,
        "ndcg_at_20": 0.8110706038319128,
        "roc_auc_upset": 0.8258928571428571
      },
      "test_metrics_model_c": {
        "ndcg": 0.33348743391404295,
        "spearman": 0.24093437152391545,
        "mrr_top2": 0.16666666666666666,
        "mrr_top4": 0.16666666666666666,
        "ndcg10": 0.33348743391404295,
        "ndcg_at_4": 0.001111095381373398,
        "ndcg_at_12": 0.3389077264996702,
        "ndcg_at_16": 0.3596643455146382,
        "ndcg_at_20": 0.3699901174713633,
        "roc_auc_upset": 0.8133333333333332
      },
      "test_metrics_by_conference": {
        "E": {
          "ndcg": 0.4083672068826328,
          "spearman": 0.2964285714285714
        },
        "W": {
          "ndcg": 0.9322282740664924,
          "spearman": 0.5714285714285713
        }
      },
      "notes": {
        "eos_rank_source": "eos_final_rank"
      }
    },
    "2024-25": {
      "test_metrics_ensemble": {
        "ndcg": 0.4897090596138588,
        "spearman": 0.4958843159065628,
        "mrr_top2": 0.5,
        "mrr_top4": 0.5,
        "ndcg10": 0.4897090596138588,
        "ndcg_at_4": 0.4643944167678145,
        "ndcg_at_12": 0.5338204941032715,
        "ndcg_at_16": 0.5338012430503699,
        "ndcg_at_20": 0.5374050219439375,
        "roc_auc_upset": 0.746606334841629,
        "rank_mae_pred_vs_playoff_final_results": 6.733333110809326,
        "rank_rmse_pred_vs_playoff_final_results": 8.690991401672363,
        "rank_mae_eos_standings_vs_playoff_final_results": 3.1333333333333333,
        "rank_rmse_eos_standings_vs_playoff_final_results": 4.449719092257398,
        "playoff_metrics": {
          "spearman_pred_vs_playoff_final_results": 0.5012235817575084,
          "ndcg_at_4_final_four": 0.4643812234227066,
          "ndcg10_pred_vs_playoff_final_results": 0.4896956948045531,
          "brier_championship_odds": 0.03222232684493065,
          "rank_mae_pred_vs_playoff_final_results": 6.733333110809326,
          "rank_rmse_pred_vs_playoff_final_results": 8.690991401672363,
          "rank_mae_eos_standings_vs_playoff_final_results": 3.1333333333333333,
          "rank_rmse_eos_standings_vs_playoff_final_results": 4.449719092257398
        }
      },
      "test_metrics_model_a": {
        "ndcg": 0.4897090596138588,
        "spearman": 0.4958843159065628,
        "mrr_top2": 0.5,
        "mrr_top4": 0.5,
        "ndcg10": 0.4897090596138588,
        "ndcg_at_4": 0.4643944167678145,
        "ndcg_at_12": 0.5338204941032715,
        "ndcg_at_16": 0.5338012430503699,