{
  "test_metrics_ensemble": {
    "ndcg": 0.6046048304390055,
    "spearman": 0.4229143492769744,
    "mrr_top2": 1.0,
    "mrr_top4": 1.0,
    "ndcg10": 0.6046048304390055,
    "ndcg_at_4": 0.35315119534797357,
    "ndcg_at_12": 0.6044513781350177,
    "ndcg_at_16": 0.6057391331945912,
    "ndcg_at_20": 0.6063542171877105,
    "roc_auc_upset": 0.7546296296296297,
    "rank_mae_pred_vs_playoff_final_results": 7.5333333015441895,
    "rank_rmse_pred_vs_playoff_final_results": 9.298745155334473,
    "rank_mae_eos_standings_vs_playoff_final_results": 3.7333333333333334,
    "rank_rmse_eos_standings_vs_playoff_final_results": 6.093712606722878,
    "playoff_metrics": {
      "spearman_pred_vs_playoff_final_results": 0.4518353726362625,
      "ndcg_at_4_final_four": 0.35315119534797357,
      "ndcg10_pred_vs_playoff_final_results": 0.6046041112846795,
      "brier_championship_odds": 0.03222232684493065,
      "rank_mae_pred_vs_playoff_final_results": 7.5333333015441895,
      "rank_rmse_pred_vs_playoff_final_results": 9.298745155334473,
      "rank_mae_eos_standings_vs_playoff_final_results": 3.7333333333333334,
      "rank_rmse_eos_standings_vs_playoff_final_results": 6.093712606722878
    }
  },
  "test_metrics_model_a": {
    "ndcg": 0.5955186798503143,
    "spearman": 0.4206896551724138,
    "mrr_top2": 1.0,
    "mrr_top4": 1.0,
    "ndcg10": 0.5955186798503143,
    "ndcg_at_4": 0.35315119534797357,
    "ndcg_at_12": 0.5953676141798527,
    "ndcg_at_16": 0.5966560660182862,
    "ndcg_at_20": 0.597271189960745,
    "roc_auc_upset": 0.7546296296296297
  },
  "test_metrics_model_b": {
    "ndcg": 0.8063721939044944,
    "spearman": 0.3917686318131257,
    "mrr_top2": 1.0,
    "mrr_top4": 1.0,
    "ndcg10": 0.8063721939044944,
    "ndcg_at_4": 0.7116242168324007,
    "ndcg_at_12": 0.8061831747580044,
    "ndcg_at_16": 0.8062052696254408,
    "ndcg_at_20": 0.8110706038319128,
    "roc_auc_upset": 0.8258928571428571
  },
  "test_metrics_model_c": {
    "ndcg": 0.33348743391404295,
    "spearman": 0.24093437152391545,
    "mrr_top2": 0.16666666666666666,
    "mrr_top4": 0.16666666666666666,
    "ndcg10": 0.33348743391404295,
    "ndcg_at_4": 0.001111095381373398,
    "ndcg_at_12": 0.3389077264996702,
    "ndcg_at_16": 0.3596643455146382,
    "ndcg_at_20": 0.3699901174713633,
    "roc_auc_upset": 0.8133333333333332
  },
  "test_metrics_by_conference": {
    "E": {
      "ndcg": 0.4083672068826328,
      "spearman": 0.2964285714285714
    },
    "W": {
      "ndcg": 0.9322282740664924,
      "spearman": 0.5714285714285713
    }
  },
  "notes": {
    "eos_rank_source": "eos_final_rank"
  }
}