{
  "test_metrics_ensemble": {
    "ndcg": 0.4897090596138588,
    "spearman": 0.4958843159065628,
    "mrr_top2": 0.5,
    "mrr_top4": 0.5,
    "ndcg10": 0.4897090596138588,
    "ndcg_at_4": 0.4643944167678145,
    "ndcg_at_12": 0.5338204941032715,
    "ndcg_at_16": 0.5338012430503699,
    "ndcg_at_20": 0.5374050219439375,
    "roc_auc_upset": 0.746606334841629,
    "rank_mae_pred_vs_playoff_final_results": 6.733333110809326,
    "rank_rmse_pred_vs_playoff_final_results": 8.690991401672363,
    "rank_mae_eos_standings_vs_playoff_final_results": 3.1333333333333333,
    "rank_rmse_eos_standings_vs_playoff_final_results": 4.449719092257398,
    "playoff_metrics": {
      "spearman_pred_vs_playoff_final_results": 0.5012235817575084,
      "ndcg_at_4_final_four": 0.4643812234227066,
      "ndcg10_pred_vs_playoff_final_results": 0.4896956948045531,
      "brier_championship_odds": 0.03222232684493065,
      "rank_mae_pred_vs_playoff_final_results": 6.733333110809326,
      "rank_rmse_pred_vs_playoff_final_results": 8.690991401672363,
      "rank_mae_eos_standings_vs_playoff_final_results": 3.1333333333333333,
      "rank_rmse_eos_standings_vs_playoff_final_results": 4.449719092257398
    }
  },
  "test_metrics_model_a": {
    "ndcg": 0.4897090596138588,
    "spearman": 0.4958843159065628,
    "mrr_top2": 0.5,
    "mrr_top4": 0.5,
    "ndcg10": 0.4897090596138588,
    "ndcg_at_4": 0.4643944167678145,
    "ndcg_at_12": 0.5338204941032715,
    "ndcg_at_16": 0.5338012430503699,
    "ndcg_at_20": 0.5374050219439375,
    "roc_auc_upset": 0.746606334841629
  },
  "test_metrics_model_b": {
    "ndcg": 0.22879203486576485,
    "spearman": 0.6560622914349278,
    "mrr_top2": 0.25,
    "mrr_top4": 0.25,
    "ndcg10": 0.22879203486576485,
    "ndcg_at_4": 0.16775742802418675,
    "ndcg_at_12": 0.40994186116406833,
    "ndcg_at_16": 0.42989723156064796,
    "ndcg_at_20": 0.42990074015224805,
    "roc_auc_upset": 0.6977777777777778
  },
  "test_metrics_model_c": {
    "ndcg": 0.05304264223120525,
    "spearman": 0.31790878754171303,
    "mrr_top2": 0.0625,
    "mrr_top4": 0.2,
    "ndcg10": 0.05304264223120525,
    "ndcg_at_4": 0.0072603807417201014,
    "ndcg_at_12": 0.058691352012581785,
    "ndcg_at_16": 0.17873880497176609,
    "ndcg_at_20": 0.18113652215618123,
    "roc_auc_upset": 0.8169642857142857
  },
  "test_metrics_by_conference": {
    "E": {
      "ndcg": 0.27745335871982874,
      "spearman": 0.3
    },
    "W": {
      "ndcg": 0.7723141400583361,
      "spearman": 0.657142857142857
    }
  },
  "notes": {
    "eos_rank_source": "eos_final_rank"
  }
}