{
  "notes": {
    "eval_on": "test",
    "eos_rank_source": "eos_final_rank",
    "upset_definition": "sleeper = EOS_global_rank > predicted_strength",
    "mrr_top2": "1/rank of first team in top 2 (champion+runner-up) in predicted order.",
    "mrr_top4": "1/rank of first team in top 4 (conference finals) in predicted order.",
    "per_conference_relevance": "Within E/W: actual rank derived from EOS_global_rank (1=best in conf); NDCG/Spearman use this relevance.",
    "playoff_metrics": "Spearman (pred global vs playoff_final_results), NDCG@4 (final four), Brier (champion vs odds). rank_mae/rank_rmse: pred vs playoff_final_results; eos_standings vs playoff_final_results (baseline)."
  },
  "split_info": {
    "train_frac": 0.75,
    "n_train_dates": 141,
    "n_test_dates": 36,
    "split_mode": "seasons"
  },
  "test_metrics_ensemble": {
    "ndcg": 0.48423763641964424,
    "spearman": 0.4629588431590656,
    "mrr_top2": 0.5,
    "mrr_top4": 0.5,
    "ndcg10": 0.48423763641964424,
    "ndcg_at_4": 0.4732201012417847,
    "ndcg_at_12": 0.48411113400466754,
    "ndcg_at_16": 0.5270493808599067,
    "ndcg_at_20": 0.5282688799977859,
    "roc_auc_upset": 0.7946428571428572,
    "rank_mae_pred_vs_playoff_final_results": 7.066666603088379,
    "rank_rmse_pred_vs_playoff_final_results": 8.970321655273438,
    "rank_mae_eos_standings_vs_playoff_final_results": 3.1333333333333333,
    "rank_rmse_eos_standings_vs_playoff_final_results": 4.449719092257398,
    "playoff_metrics": {
      "spearman_pred_vs_playoff_final_results": 0.47185761957730815,
      "ndcg_at_4_final_four": 0.4732201012417847,
      "ndcg10_pred_vs_playoff_final_results": 0.4842250552149381,
      "brier_championship_odds": 0.03222232684493065,
      "rank_mae_pred_vs_playoff_final_results": 7.066666603088379,
      "rank_rmse_pred_vs_playoff_final_results": 8.970321655273438,
      "rank_mae_eos_standings_vs_playoff_final_results": 3.1333333333333333,
      "rank_rmse_eos_standings_vs_playoff_final_results": 4.449719092257398
    }
  },
  "test_metrics_model_a": {
    "ndcg": 0.4842567738984996,
    "spearman": 0.4420467185761958,
    "mrr_top2": 0.5,
    "mrr_top4": 0.5,
    "ndcg10": 0.4842567738984996,
    "ndcg_at_4": 0.4732201012417847,
    "ndcg_at_12": 0.48413026645673535,
    "ndcg_at_16": 0.5270609532834934,
    "ndcg_at_20": 0.5282581118686108,
    "roc_auc_upset": 0.8080357142857143
  },
  "test_metrics_model_b": {
    "ndcg": 0.21209615237186374,
    "spearman": 0.6649610678531702,
    "mrr_top2": 0.16666666666666666,
    "mrr_top4": 0.16666666666666666,
    "ndcg10": 0.21209615237186374,
    "ndcg_at_4": 0.04222475049449274,
    "ndcg_at_12": 0.3876293218862865,
    "ndcg_at_16": 0.40790845921318203,
    "ndcg_at_20": 0.4079881328969226,
    "roc_auc_upset": 0.6515837104072397
  },
  "test_metrics_model_c": {
    "ndcg": 0.05124995751403931,
    "spearman": 0.307230255839822,
    "mrr_top2": 0.0625,
    "mrr_top4": 0.2,
    "ndcg10": 0.05124995751403931,
    "ndcg_at_4": 0.00711064040423231,
    "ndcg_at_12": 0.056899138174850025,
    "ndcg_at_16": 0.1769467286075223,
    "ndcg_at_20": 0.17934460063934335,
    "roc_auc_upset": 0.8214285714285714
  },
  "test_metrics_by_conference": {
    "E": {
      "ndcg": 0.3073162860653836,
      "spearman": 0.2785714285714285
    },
    "W": {
      "ndcg": 0.7491563943572732,
      "spearman": 0.5821428571428571
    }
  },
  "by_season": {
    "2023-24": {
      "test_metrics_ensemble": {
        "ndcg": 0.5704387245670197,
        "spearman": 0.3067853170189099,
        "mrr_top2": 1.0,
        "mrr_top4": 1.0,
        "ndcg10": 0.5704387245670197,
        "ndcg_at_4": 0.35315119534797357,
        "ndcg_at_12": 0.6155900301030454,
        "ndcg_at_16": 0.6155505675962272,
        "ndcg_at_20": 0.6155481674149644,
        "roc_auc_upset": 0.8472222222222222,
        "rank_mae_pred_vs_playoff_final_results": 8.266666412353516,
        "rank_rmse_pred_vs_playoff_final_results": 10.191499710083008,
        "rank_mae_eos_standings_vs_playoff_final_results": 3.7333333333333334,
        "rank_rmse_eos_standings_vs_playoff_final_results": 6.093712606722878,
        "playoff_metrics": {
          "spearman_pred_vs_playoff_final_results": 0.35661846496106786,
          "ndcg_at_4_final_four": 0.35315119534797357,
          "ndcg10_pred_vs_playoff_final_results": 0.5704437936054095,
          "brier_championship_odds": 0.03222232684493065,
          "rank_mae_pred_vs_playoff_final_results": 8.266666412353516,
          "rank_rmse_pred_vs_playoff_final_results": 10.191499710083008,
          "rank_mae_eos_standings_vs_playoff_final_results": 3.7333333333333334,
          "rank_rmse_eos_standings_vs_playoff_final_results": 6.093712606722878
        }
      },
      "test_metrics_model_a": {
        "ndcg": 0.5704387245670197,
        "spearman": 0.3067853170189099,
        "mrr_top2": 1.0,
        "mrr_top4": 1.0,
        "ndcg10": 0.5704387245670197,
        "ndcg_at_4": 0.35315119534797357,
        "ndcg_at_12": 0.6155900301030454,
        "ndcg_at_16": 0.6155505675962272,
        "ndcg_at_20": 0.6155481674149644,
        "roc_auc_upset": 0.8472222222222222
      },
      "test_metrics_model_b": {
        "ndcg": 0.7979150243419343,
        "spearman": 0.4771968854282535,
        "mrr_top2": 1.0,
        "mrr_top4": 1.0,
        "ndcg10": 0.7979150243419343,
        "ndcg_at_4": 0.6907114070725182,
        "ndcg_at_12": 0.7977054490609347,
        "ndcg_at_16": 0.8392882582580324,
        "ndcg_at_20": 0.8440655872898907,
        "roc_auc_upset": 0.78125
      },
      "test_metrics_model_c": {
        "ndcg": 0.333487026575135,
        "spearman": 0.23159065628476083,
        "mrr_top2": 0.16666666666666666,
        "mrr_top4": 0.16666666666666666,
        "ndcg10": 0.333487026575135,
        "ndcg_at_4": 0.0011069724610271625,
        "ndcg_at_12": 0.33890731926775686,
        "ndcg_at_16": 0.35966393831396193,
        "ndcg_at_20": 0.3699999322309346,
        "roc_auc_upset": 0.7633928571428571
      },
      "test_metrics_by_conference": {
        "E": {
          "ndcg": 0.35722781210573246,
          "spearman": 0.10714285714285714
        },
        "W": {
          "ndcg": 0.9157644810937698,
          "spearman": 0.48571428571428565
        }
      },
      "notes": {
        "eos_rank_source": "eos_final_rank"
      }
    },
    "2024-25": {
      "test_metrics_ensemble": {
        "ndcg": 0.48423763641964424,
        "spearman": 0.4629588431590656,
        "mrr_top2": 0.5,
        "mrr_top4": 0.5,
        "ndcg10": 0.48423763641964424,
        "ndcg_at_4": 0.4732201012417847,
        "ndcg_at_12": 0.48411113400466754,
        "ndcg_at_16": 0.5270493808599067,
        "ndcg_at_20": 0.5282688799977859,
        "roc_auc_upset": 0.7946428571428572,
        "rank_mae_pred_vs_playoff_final_results": 7.066666603088379,
        "rank_rmse_pred_vs_playoff_final_results": 8.970321655273438,
        "rank_mae_eos_standings_vs_playoff_final_results": 3.1333333333333333,
        "rank_rmse_eos_standings_vs_playoff_final_results": 4.449719092257398,
        "playoff_metrics": {
          "spearman_pred_vs_playoff_final_results": 0.47185761957730815,
          "ndcg_at_4_final_four": 0.4732201012417847,
          "ndcg10_pred_vs_playoff_final_results": 0.4842250552149381,
          "brier_championship_odds": 0.03222232684493065,
          "rank_mae_pred_vs_playoff_final_results": 7.066666603088379,
          "rank_rmse_pred_vs_playoff_final_results": 8.970321655273438,
          "rank_mae_eos_standings_vs_playoff_final_results": 3.1333333333333333,
          "rank_rmse_eos_standings_vs_playoff_final_results": 4.449719092257398
        }
      },
      "test_metrics_model_a": {
        "ndcg": 0.4842567738984996,
        "spearman": 0.4420467185761958,
        "mrr_top2": 0.5,
        "mrr_top4": 0.5,
        "ndcg10": 0.4842567738984996,
        "ndcg_at_4": 0.4732201012417847,
        "ndcg_at_12": 0.48413026645673535,