{
  "test_metrics_ensemble": {
    "ndcg": 0.5704387245670197,
    "spearman": 0.3067853170189099,
    "mrr_top2": 1.0,
    "mrr_top4": 1.0,
    "ndcg10": 0.5704387245670197,
    "ndcg_at_4": 0.35315119534797357,
    "ndcg_at_12": 0.6155900301030454,
    "ndcg_at_16": 0.6155505675962272,
    "ndcg_at_20": 0.6155481674149644,
    "roc_auc_upset": 0.8472222222222222,
    "rank_mae_pred_vs_playoff_final_results": 8.266666412353516,
    "rank_rmse_pred_vs_playoff_final_results": 10.191499710083008,
    "rank_mae_eos_standings_vs_playoff_final_results": 3.7333333333333334,
    "rank_rmse_eos_standings_vs_playoff_final_results": 6.093712606722878,
    "playoff_metrics": {
      "spearman_pred_vs_playoff_final_results": 0.35661846496106786,
      "ndcg_at_4_final_four": 0.35315119534797357,
      "ndcg10_pred_vs_playoff_final_results": 0.5704437936054095,
      "brier_championship_odds": 0.03222232684493065,
      "rank_mae_pred_vs_playoff_final_results": 8.266666412353516,
      "rank_rmse_pred_vs_playoff_final_results": 10.191499710083008,
      "rank_mae_eos_standings_vs_playoff_final_results": 3.7333333333333334,
      "rank_rmse_eos_standings_vs_playoff_final_results": 6.093712606722878
    }
  },
  "test_metrics_model_a": {
    "ndcg": 0.5704387245670197,
    "spearman": 0.3067853170189099,
    "mrr_top2": 1.0,
    "mrr_top4": 1.0,
    "ndcg10": 0.5704387245670197,
    "ndcg_at_4": 0.35315119534797357,
    "ndcg_at_12": 0.6155900301030454,
    "ndcg_at_16": 0.6155505675962272,
    "ndcg_at_20": 0.6155481674149644,
    "roc_auc_upset": 0.8472222222222222
  },
  "test_metrics_model_b": {
    "ndcg": 0.7979150243419343,
    "spearman": 0.4771968854282535,
    "mrr_top2": 1.0,
    "mrr_top4": 1.0,
    "ndcg10": 0.7979150243419343,
    "ndcg_at_4": 0.6907114070725182,
    "ndcg_at_12": 0.7977054490609347,
    "ndcg_at_16": 0.8392882582580324,
    "ndcg_at_20": 0.8440655872898907,
    "roc_auc_upset": 0.78125
  },
  "test_metrics_model_c": {
    "ndcg": 0.333487026575135,
    "spearman": 0.23159065628476083,
    "mrr_top2": 0.16666666666666666,
    "mrr_top4": 0.16666666666666666,
    "ndcg10": 0.333487026575135,
    "ndcg_at_4": 0.0011069724610271625,
    "ndcg_at_12": 0.33890731926775686,
    "ndcg_at_16": 0.35966393831396193,
    "ndcg_at_20": 0.3699999322309346,
    "roc_auc_upset": 0.7633928571428571
  },
  "test_metrics_by_conference": {
    "E": {
      "ndcg": 0.35722781210573246,
      "spearman": 0.10714285714285714
    },
    "W": {
      "ndcg": 0.9157644810937698,
      "spearman": 0.48571428571428565
    }
  },
  "notes": {
    "eos_rank_source": "eos_final_rank"
  }
}