{
  "test_metrics_ensemble": {
    "ndcg": 0.48423763641964424,
    "spearman": 0.4629588431590656,
    "mrr_top2": 0.5,
    "mrr_top4": 0.5,
    "ndcg10": 0.48423763641964424,
    "ndcg_at_4": 0.4732201012417847,
    "ndcg_at_12": 0.48411113400466754,
    "ndcg_at_16": 0.5270493808599067,
    "ndcg_at_20": 0.5282688799977859,
    "roc_auc_upset": 0.7946428571428572,
    "rank_mae_pred_vs_playoff_final_results": 7.066666603088379,
    "rank_rmse_pred_vs_playoff_final_results": 8.970321655273438,
    "rank_mae_eos_standings_vs_playoff_final_results": 3.1333333333333333,
    "rank_rmse_eos_standings_vs_playoff_final_results": 4.449719092257398,
    "playoff_metrics": {
      "spearman_pred_vs_playoff_final_results": 0.47185761957730815,
      "ndcg_at_4_final_four": 0.4732201012417847,
      "ndcg10_pred_vs_playoff_final_results": 0.4842250552149381,
      "brier_championship_odds": 0.03222232684493065,
      "rank_mae_pred_vs_playoff_final_results": 7.066666603088379,
      "rank_rmse_pred_vs_playoff_final_results": 8.970321655273438,
      "rank_mae_eos_standings_vs_playoff_final_results": 3.1333333333333333,
      "rank_rmse_eos_standings_vs_playoff_final_results": 4.449719092257398
    }
  },
  "test_metrics_model_a": {
    "ndcg": 0.4842567738984996,
    "spearman": 0.4420467185761958,
    "mrr_top2": 0.5,
    "mrr_top4": 0.5,
    "ndcg10": 0.4842567738984996,
    "ndcg_at_4": 0.4732201012417847,
    "ndcg_at_12": 0.48413026645673535,
    "ndcg_at_16": 0.5270609532834934,
    "ndcg_at_20": 0.5282581118686108,
    "roc_auc_upset": 0.8080357142857143
  },
  "test_metrics_model_b": {
    "ndcg": 0.21209615237186374,
    "spearman": 0.6649610678531702,
    "mrr_top2": 0.16666666666666666,
    "mrr_top4": 0.16666666666666666,
    "ndcg10": 0.21209615237186374,
    "ndcg_at_4": 0.04222475049449274,
    "ndcg_at_12": 0.3876293218862865,
    "ndcg_at_16": 0.40790845921318203,
    "ndcg_at_20": 0.4079881328969226,
    "roc_auc_upset": 0.6515837104072397
  },
  "test_metrics_model_c": {
    "ndcg": 0.05124995751403931,
    "spearman": 0.307230255839822,
    "mrr_top2": 0.0625,
    "mrr_top4": 0.2,
    "ndcg10": 0.05124995751403931,
    "ndcg_at_4": 0.00711064040423231,
    "ndcg_at_12": 0.056899138174850025,
    "ndcg_at_16": 0.1769467286075223,
    "ndcg_at_20": 0.17934460063934335,
    "roc_auc_upset": 0.8214285714285714
  },
  "test_metrics_by_conference": {
    "E": {
      "ndcg": 0.3073162860653836,
      "spearman": 0.2785714285714285
    },
    "W": {
      "ndcg": 0.7491563943572732,
      "spearman": 0.5821428571428571
    }
  },
  "notes": {
    "eos_rank_source": "eos_final_rank"
  }
}