{
  "test_metrics_ensemble": {
    "ndcg": 0.5485155815971164,
    "spearman": 0.3939933259176863,
    "mrr_top2": 1.0,
    "mrr_top4": 1.0,
    "ndcg10": 0.5485155815971164,
    "ndcg_at_4": 0.35315119534797357,
    "ndcg_at_12": 0.5922631946005057,
    "ndcg_at_16": 0.5935179613164646,
    "ndcg_at_20": 0.59411272177076,
    "roc_auc_upset": 0.7589285714285714,
    "rank_mae_pred_vs_playoff_final_results": 7.800000190734863,
    "rank_rmse_pred_vs_playoff_final_results": 9.52890396118164,
    "rank_mae_eos_standings_vs_playoff_final_results": 3.7333333333333334,
    "rank_rmse_eos_standings_vs_playoff_final_results": 6.093712606722878,
    "playoff_metrics": {
      "spearman_pred_vs_playoff_final_results": 0.44382647385984425,
      "ndcg_at_4_final_four": 0.35315119534797357,
      "ndcg10_pred_vs_playoff_final_results": 0.5485205936656977,
      "brier_championship_odds": 0.03222232684493065,
      "rank_mae_pred_vs_playoff_final_results": 7.800000190734863,
      "rank_rmse_pred_vs_playoff_final_results": 9.52890396118164,
      "rank_mae_eos_standings_vs_playoff_final_results": 3.7333333333333334,
      "rank_rmse_eos_standings_vs_playoff_final_results": 6.093712606722878
    }
  },
  "test_metrics_model_a": {
    "ndcg": 0.5485155815971164,
    "spearman": 0.3904338153503893,
    "mrr_top2": 1.0,
    "mrr_top4": 1.0,
    "ndcg10": 0.5485155815971164,
    "ndcg_at_4": 0.35315119534797357,
    "ndcg_at_12": 0.5922631946005057,
    "ndcg_at_16": 0.5935179613164646,
    "ndcg_at_20": 0.59411272177076,
    "roc_auc_upset": 0.7589285714285714
  },
  "test_metrics_model_b": {
    "ndcg": 0.8242639259776298,
    "spearman": 0.4251390433815351,
    "mrr_top2": 1.0,
    "mrr_top4": 1.0,
    "ndcg10": 0.8242639259776298,
    "ndcg_at_4": 0.7116242168324007,
    "ndcg_at_12": 0.8240688689567119,
    "ndcg_at_16": 0.8290554091543958,
    "ndcg_at_20": 0.8666242526673152,
    "roc_auc_upset": 0.8035714285714286
  },
  "test_metrics_model_c": {
    "ndcg": 0.3335099094849099,
    "spearman": 0.23559510567296996,
    "mrr_top2": 0.16666666666666666,
    "mrr_top4": 0.16666666666666666,
    "ndcg10": 0.3335099094849099,
    "ndcg_at_4": 0.0011069724610271625,
    "ndcg_at_12": 0.3389081203242068,
    "ndcg_at_16": 0.3596647393089661,
    "ndcg_at_20": 0.3700007332224158,
    "roc_auc_upset": 0.7633928571428571
  },
  "test_metrics_by_conference": {
    "E": {
      "ndcg": 0.3851402749883562,
      "spearman": 0.2642857142857143
    },
    "W": {
      "ndcg": 0.9078109931735288,
      "spearman": 0.48571428571428565
    }
  },
  "notes": {
    "eos_rank_source": "eos_final_rank"
  }
}