{
  "test_metrics_ensemble": {
    "ndcg": 0.5467417305992823,
    "spearman": 0.39265850945494996,
    "mrr_top2": 1.0,
    "mrr_top4": 1.0,
    "ndcg10": 0.5467417305992823,
    "ndcg_at_4": 0.33513898093933947,
    "ndcg_at_12": 0.54796956235424,
    "ndcg_at_16": 0.590579286941365,
    "ndcg_at_20": 0.5911832455466912,
    "roc_auc_upset": 0.7066666666666667,
    "rank_mae_pred_vs_playoff_final_results": 7.599999904632568,
    "rank_rmse_pred_vs_playoff_final_results": 9.539392471313477,
    "rank_mae_eos_standings_vs_playoff_final_results": 3.7333333333333334,
    "rank_rmse_eos_standings_vs_playoff_final_results": 6.093712606722878,
    "playoff_metrics": {
      "spearman_pred_vs_playoff_final_results": 0.4264738598442714,
      "ndcg_at_4_final_four": 0.33513815635527017,
      "ndcg10_pred_vs_playoff_final_results": 0.5467366310352207,
      "brier_championship_odds": 0.03222232684493065,
      "rank_mae_pred_vs_playoff_final_results": 7.599999904632568,
      "rank_rmse_pred_vs_playoff_final_results": 9.539392471313477,
      "rank_mae_eos_standings_vs_playoff_final_results": 3.7333333333333334,
      "rank_rmse_eos_standings_vs_playoff_final_results": 6.093712606722878
    }
  },
  "test_metrics_model_a": {
    "ndcg": 0.5467417305992823,
    "spearman": 0.3993325917686318,
    "mrr_top2": 1.0,
    "mrr_top4": 1.0,
    "ndcg10": 0.5467417305992823,
    "ndcg_at_4": 0.33513898093933947,
    "ndcg_at_12": 0.54796956235424,
    "ndcg_at_16": 0.590579286941365,
    "ndcg_at_20": 0.591194418184429,
    "roc_auc_upset": 0.7022222222222222
  },
  "test_metrics_model_b": {
    "ndcg": 0.46146022050816893,
    "spearman": 0.4024471635150167,
    "mrr_top2": 0.5,
    "mrr_top4": 0.5,
    "ndcg10": 0.46146022050816893,
    "ndcg_at_4": 0.44093212795935904,
    "ndcg_at_12": 0.551960042708708,
    "ndcg_at_16": 0.551999698103875,
    "ndcg_at_20": 0.5948500279661888,
    "roc_auc_upset": 0.7999999999999999
  },
  "test_metrics_model_c": {
    "ndcg": 0.33348743391404295,
    "spearman": 0.24093437152391545,
    "mrr_top2": 0.16666666666666666,
    "mrr_top4": 0.16666666666666666,
    "ndcg10": 0.33348743391404295,
    "ndcg_at_4": 0.001111095381373398,
    "ndcg_at_12": 0.3389077264996702,
    "ndcg_at_16": 0.3596643455146382,
    "ndcg_at_20": 0.3699901174713633,
    "roc_auc_upset": 0.8133333333333332
  },
  "test_metrics_by_conference": {
    "E": {
      "ndcg": 0.3864126789300188,
      "spearman": 0.23571428571428568
    },
    "W": {
      "ndcg": 0.9110015806350747,
      "spearman": 0.5892857142857142
    }
  },
  "notes": {
    "eos_rank_source": "eos_final_rank"
  }
}