{
  "test_metrics_ensemble": {
    "ndcg": 0.48269443153053604,
    "spearman": 0.4771968854282535,
    "mrr_top2": 0.5,
    "mrr_top4": 0.5,
    "ndcg10": 0.48269443153053604,
    "ndcg_at_4": 0.4643519436832566,
    "ndcg_at_12": 0.5278687846123248,
    "ndcg_at_16": 0.5294234418517343,
    "ndcg_at_20": 0.5318549968662367,
    "roc_auc_upset": 0.7647058823529411,
    "rank_mae_pred_vs_playoff_final_results": 7.0,
    "rank_rmse_pred_vs_playoff_final_results": 8.85061264038086,
    "rank_mae_eos_standings_vs_playoff_final_results": 3.1333333333333333,
    "rank_rmse_eos_standings_vs_playoff_final_results": 4.449719092257398,
    "playoff_metrics": {
      "spearman_pred_vs_playoff_final_results": 0.47274749721913245,
      "ndcg_at_4_final_four": 0.46433662668392073,
      "ndcg10_pred_vs_playoff_final_results": 0.4826789997934975,
      "brier_championship_odds": 0.03222232684493065,
      "rank_mae_pred_vs_playoff_final_results": 7.0,
      "rank_rmse_pred_vs_playoff_final_results": 8.85061264038086,
      "rank_mae_eos_standings_vs_playoff_final_results": 3.1333333333333333,
      "rank_rmse_eos_standings_vs_playoff_final_results": 4.449719092257398
    }
  },
  "test_metrics_model_a": {
    "ndcg": 0.48269443153053604,
    "spearman": 0.4771968854282535,
    "mrr_top2": 0.5,
    "mrr_top4": 0.5,
    "ndcg10": 0.48269443153053604,
    "ndcg_at_4": 0.4643519436832566,
    "ndcg_at_12": 0.5278687846123248,
    "ndcg_at_16": 0.5294234418517343,
    "ndcg_at_20": 0.5318549968662367,
    "roc_auc_upset": 0.7647058823529411
  },
  "test_metrics_model_b": {
    "ndcg": 0.15760907171331281,
    "spearman": 0.5030033370411569,
    "mrr_top2": 0.16666666666666666,
    "mrr_top4": 0.16666666666666666,
    "ndcg10": 0.15760907171331281,
    "ndcg_at_4": 0.04166423104576856,
    "ndcg_at_12": 0.2014648927871823,
    "ndcg_at_16": 0.22227304629417363,
    "ndcg_at_20": 0.22227300388427004,
    "roc_auc_upset": 0.7511961722488038
  },
  "test_metrics_model_c": {
    "ndcg": 0.05304264223120525,
    "spearman": 0.31790878754171303,
    "mrr_top2": 0.0625,
    "mrr_top4": 0.2,
    "ndcg10": 0.05304264223120525,
    "ndcg_at_4": 0.0072603807417201014,
    "ndcg_at_12": 0.058691352012581785,
    "ndcg_at_16": 0.17873880497176609,
    "ndcg_at_20": 0.18113652215618123,
    "roc_auc_upset": 0.8169642857142857
  },
  "test_metrics_by_conference": {
    "E": {
      "ndcg": 0.25339361387465187,
      "spearman": 0.27499999999999997
    },
    "W": {
      "ndcg": 0.7501273303062654,
      "spearman": 0.6249999999999999
    }
  },
  "notes": {
    "eos_rank_source": "eos_final_rank"
  }
}