{
  "notes": {
    "eval_on": "test",
    "eos_rank_source": "eos_final_rank",
    "upset_definition": "sleeper = EOS_global_rank > predicted_strength",
    "mrr_top2": "1/rank of first team in top 2 (champion+runner-up) in predicted order.",
    "mrr_top4": "1/rank of first team in top 4 (conference finals) in predicted order.",
    "per_conference_relevance": "Within E/W: actual rank derived from EOS_global_rank (1=best in conf); NDCG/Spearman use this relevance.",
    "playoff_metrics": "Spearman (pred global vs playoff_final_results), NDCG@4 (final four), Brier (champion vs odds). rank_mae/rank_rmse: pred vs playoff_final_results; eos_standings vs playoff_final_results (baseline)."
  },
  "split_info": {
    "train_frac": 0.75,
    "n_train_dates": 141,
    "n_test_dates": 36,
    "split_mode": "seasons"
  },
  "test_metrics_ensemble": {
    "ndcg": 0.5297655389451095,
    "spearman": 0.48031145717463847,
    "mrr_top2": 0.5,
    "mrr_top4": 0.5,
    "ndcg10": 0.5297655389451095,
    "ndcg_at_4": 0.4643944167678145,
    "ndcg_at_12": 0.5299913662679892,
    "ndcg_at_16": 0.5299527607059568,
    "ndcg_at_20": 0.5317226918092799,
    "roc_auc_upset": 0.78125,
    "rank_mae_pred_vs_playoff_final_results": 7.199999809265137,
    "rank_rmse_pred_vs_playoff_final_results": 8.824209213256836,
    "rank_mae_eos_standings_vs_playoff_final_results": 3.1333333333333333,
    "rank_rmse_eos_standings_vs_playoff_final_results": 4.449719092257398,
    "playoff_metrics": {
      "spearman_pred_vs_playoff_final_results": 0.4794215795328142,
      "ndcg_at_4_final_four": 0.4643812234227066,
      "ndcg10_pred_vs_playoff_final_results": 0.5297527082981205,
      "brier_championship_odds": 0.03222232684493065,
      "rank_mae_pred_vs_playoff_final_results": 7.199999809265137,
      "rank_rmse_pred_vs_playoff_final_results": 8.824209213256836,
      "rank_mae_eos_standings_vs_playoff_final_results": 3.1333333333333333,
      "rank_rmse_eos_standings_vs_playoff_final_results": 4.449719092257398
    }
  },
  "test_metrics_model_a": {
    "ndcg": 0.5297655389451095,
    "spearman": 0.47274749721913245,
    "mrr_top2": 0.5,
    "mrr_top4": 0.5,
    "ndcg10": 0.5297655389451095,
    "ndcg_at_4": 0.4643944167678145,
    "ndcg_at_12": 0.5299913662679892,
    "ndcg_at_16": 0.5299527607059568,
    "ndcg_at_20": 0.5317022380611598,
    "roc_auc_upset": 0.7857142857142857
  },
  "test_metrics_model_b": {
    "ndcg": 0.22564277801768587,
    "spearman": 0.6040044493882092,
    "mrr_top2": 0.25,
    "mrr_top4": 0.25,
    "ndcg10": 0.22564277801768587,
    "ndcg_at_4": 0.16775742802418675,
    "ndcg_at_12": 0.22559457087171111,
    "ndcg_at_16": 0.40539310015815333,
    "ndcg_at_20": 0.405394500831662,
    "roc_auc_upset": 0.7321428571428572
  },
  "test_metrics_model_c": {
    "ndcg": 0.05139534647930671,
    "spearman": 0.3050055617352614,
    "mrr_top2": 0.06666666666666667,
    "mrr_top4": 0.2,
    "ndcg10": 0.05139534647930671,
    "ndcg_at_4": 0.0072603807417201014,
    "ndcg_at_12": 0.05704448895120833,
    "ndcg_at_16": 0.1779607433491712,
    "ndcg_at_20": 0.18035846395567354,
    "roc_auc_upset": 0.8258928571428571
  },
  "test_metrics_by_conference": {
    "E": {
      "ndcg": 0.25813788295657203,
      "spearman": 0.24285714285714283
    },
    "W": {
      "ndcg": 0.7510775020335729,
      "spearman": 0.7
    }
  },
  "by_season": {
    "2023-24": {
      "test_metrics_ensemble": {
        "ndcg": 0.5438237488175858,
        "spearman": 0.37085650723025576,
        "mrr_top2": 1.0,
        "mrr_top4": 1.0,
        "ndcg10": 0.5438237488175858,
        "ndcg_at_4": 0.3560053866302678,
        "ndcg_at_12": 0.5875725942114469,
        "ndcg_at_16": 0.5894182134325076,
        "ndcg_at_20": 0.5894157144400392,
        "roc_auc_upset": 0.7589285714285714,
        "rank_mae_pred_vs_playoff_final_results": 7.800000190734863,
        "rank_rmse_pred_vs_playoff_final_results": 9.709102630615234,
        "rank_mae_eos_standings_vs_playoff_final_results": 3.7333333333333334,
        "rank_rmse_eos_standings_vs_playoff_final_results": 6.093712606722878,
        "playoff_metrics": {
          "spearman_pred_vs_playoff_final_results": 0.44560622914349274,
          "ndcg_at_4_final_four": 0.3560053866302678,
          "ndcg10_pred_vs_playoff_final_results": 0.5438296385878395,
          "brier_championship_odds": 0.03222232684493065,
          "rank_mae_pred_vs_playoff_final_results": 7.800000190734863,
          "rank_rmse_pred_vs_playoff_final_results": 9.709102630615234,
          "rank_mae_eos_standings_vs_playoff_final_results": 3.7333333333333334,
          "rank_rmse_eos_standings_vs_playoff_final_results": 6.093712606722878
        }
      },
      "test_metrics_model_a": {
        "ndcg": 0.5438237488175858,
        "spearman": 0.364182424916574,
        "mrr_top2": 1.0,
        "mrr_top4": 1.0,
        "ndcg10": 0.5438237488175858,
        "ndcg_at_4": 0.3560053866302678,
        "ndcg_at_12": 0.5875725942114469,
        "ndcg_at_16": 0.5894182134325076,
        "ndcg_at_20": 0.5894157144400392,
        "roc_auc_upset": 0.7633928571428572
      },
      "test_metrics_model_b": {
        "ndcg": 0.8063721939044944,
        "spearman": 0.4202447163515017,
        "mrr_top2": 1.0,
        "mrr_top4": 1.0,
        "ndcg10": 0.8063721939044944,
        "ndcg_at_4": 0.7116242168324007,
        "ndcg_at_12": 0.8061831747580044,
        "ndcg_at_16": 0.8111732952929006,
        "ndcg_at_20": 0.8111709267600997,
        "roc_auc_upset": 0.7955555555555556
      },
      "test_metrics_model_c": {
        "ndcg": 0.33348743391404295,
        "spearman": 0.23337041156840932,
        "mrr_top2": 0.16666666666666666,
        "mrr_top4": 0.16666666666666666,
        "ndcg10": 0.33348743391404295,
        "ndcg_at_4": 0.001111095381373398,
        "ndcg_at_12": 0.3389077264996702,
        "ndcg_at_16": 0.3596643455146382,
        "ndcg_at_20": 0.37000033942981986,
        "roc_auc_upset": 0.7633928571428571
      },
      "test_metrics_by_conference": {
        "E": {
          "ndcg": 0.38369169619137905,
          "spearman": 0.25357142857142856
        },
        "W": {
          "ndcg": 0.9028525201635361,
          "spearman": 0.4142857142857142
        }
      },
      "notes": {
        "eos_rank_source": "eos_final_rank"
      }
    },
    "2024-25": {
      "test_metrics_ensemble": {
        "ndcg": 0.5297655389451095,
        "spearman": 0.48031145717463847,
        "mrr_top2": 0.5,
        "mrr_top4": 0.5,
        "ndcg10": 0.5297655389451095,
        "ndcg_at_4": 0.4643944167678145,
        "ndcg_at_12": 0.5299913662679892,
        "ndcg_at_16": 0.5299527607059568,
        "ndcg_at_20": 0.5317226918092799,
        "roc_auc_upset": 0.78125,
        "rank_mae_pred_vs_playoff_final_results": 7.199999809265137,
        "rank_rmse_pred_vs_playoff_final_results": 8.824209213256836,
        "rank_mae_eos_standings_vs_playoff_final_results": 3.1333333333333333,
        "rank_rmse_eos_standings_vs_playoff_final_results": 4.449719092257398,
        "playoff_metrics": {
          "spearman_pred_vs_playoff_final_results": 0.4794215795328142,
          "ndcg_at_4_final_four": 0.4643812234227066,
          "ndcg10_pred_vs_playoff_final_results": 0.5297527082981205,
          "brier_championship_odds": 0.03222232684493065,
          "rank_mae_pred_vs_playoff_final_results": 7.199999809265137,
          "rank_rmse_pred_vs_playoff_final_results": 8.824209213256836,
          "rank_mae_eos_standings_vs_playoff_final_results": 3.1333333333333333,
          "rank_rmse_eos_standings_vs_playoff_final_results": 4.449719092257398
        }
      },
      "test_metrics_model_a": {
        "ndcg": 0.5297655389451095,
        "spearman": 0.47274749721913245,
        "mrr_top2": 0.5,
        "mrr_top4": 0.5,
        "ndcg10": 0.5297655389451095,
        "ndcg_at_4": 0.4643944167678145,
        "ndcg_at_12": 0.5299913662679892,
        "ndcg_at_16": 0.5299527607059568,