{
  "test_metrics_ensemble": {
    "ndcg": 0.5297655389451095,
    "spearman": 0.48031145717463847,
    "mrr_top2": 0.5,
    "mrr_top4": 0.5,
    "ndcg10": 0.5297655389451095,
    "ndcg_at_4": 0.4643944167678145,
    "ndcg_at_12": 0.5299913662679892,
    "ndcg_at_16": 0.5299527607059568,
    "ndcg_at_20": 0.5317226918092799,
    "roc_auc_upset": 0.78125,
    "rank_mae_pred_vs_playoff_final_results": 7.199999809265137,
    "rank_rmse_pred_vs_playoff_final_results": 8.824209213256836,
    "rank_mae_eos_standings_vs_playoff_final_results": 3.1333333333333333,
    "rank_rmse_eos_standings_vs_playoff_final_results": 4.449719092257398,
    "playoff_metrics": {
      "spearman_pred_vs_playoff_final_results": 0.4794215795328142,
      "ndcg_at_4_final_four": 0.4643812234227066,
      "ndcg10_pred_vs_playoff_final_results": 0.5297527082981205,
      "brier_championship_odds": 0.03222232684493065,
      "rank_mae_pred_vs_playoff_final_results": 7.199999809265137,
      "rank_rmse_pred_vs_playoff_final_results": 8.824209213256836,
      "rank_mae_eos_standings_vs_playoff_final_results": 3.1333333333333333,
      "rank_rmse_eos_standings_vs_playoff_final_results": 4.449719092257398
    }
  },
  "test_metrics_model_a": {
    "ndcg": 0.5297655389451095,
    "spearman": 0.47274749721913245,
    "mrr_top2": 0.5,
    "mrr_top4": 0.5,
    "ndcg10": 0.5297655389451095,
    "ndcg_at_4": 0.4643944167678145,
    "ndcg_at_12": 0.5299913662679892,
    "ndcg_at_16": 0.5299527607059568,
    "ndcg_at_20": 0.5317022380611598,
    "roc_auc_upset": 0.7857142857142857
  },
  "test_metrics_model_b": {
    "ndcg": 0.22564277801768587,
    "spearman": 0.6040044493882092,
    "mrr_top2": 0.25,
    "mrr_top4": 0.25,
    "ndcg10": 0.22564277801768587,
    "ndcg_at_4": 0.16775742802418675,
    "ndcg_at_12": 0.22559457087171111,
    "ndcg_at_16": 0.40539310015815333,
    "ndcg_at_20": 0.405394500831662,
    "roc_auc_upset": 0.7321428571428572
  },
  "test_metrics_model_c": {
    "ndcg": 0.05139534647930671,
    "spearman": 0.3050055617352614,
    "mrr_top2": 0.06666666666666667,
    "mrr_top4": 0.2,
    "ndcg10": 0.05139534647930671,
    "ndcg_at_4": 0.0072603807417201014,
    "ndcg_at_12": 0.05704448895120833,
    "ndcg_at_16": 0.1779607433491712,
    "ndcg_at_20": 0.18035846395567354,
    "roc_auc_upset": 0.8258928571428571
  },
  "test_metrics_by_conference": {
    "E": {
      "ndcg": 0.25813788295657203,
      "spearman": 0.24285714285714283
    },
    "W": {
      "ndcg": 0.7510775020335729,
      "spearman": 0.7
    }
  },
  "notes": {
    "eos_rank_source": "eos_final_rank"
  }
}