{
  "test_metrics_ensemble": {
    "ndcg": 0.5438237488175858,
    "spearman": 0.37085650723025576,
    "mrr_top2": 1.0,
    "mrr_top4": 1.0,
    "ndcg10": 0.5438237488175858,
    "ndcg_at_4": 0.3560053866302678,
    "ndcg_at_12": 0.5875725942114469,
    "ndcg_at_16": 0.5894182134325076,
    "ndcg_at_20": 0.5894157144400392,
    "roc_auc_upset": 0.7589285714285714,
    "rank_mae_pred_vs_playoff_final_results": 7.800000190734863,
    "rank_rmse_pred_vs_playoff_final_results": 9.709102630615234,
    "rank_mae_eos_standings_vs_playoff_final_results": 3.7333333333333334,
    "rank_rmse_eos_standings_vs_playoff_final_results": 6.093712606722878,
    "playoff_metrics": {
      "spearman_pred_vs_playoff_final_results": 0.44560622914349274,
      "ndcg_at_4_final_four": 0.3560053866302678,
      "ndcg10_pred_vs_playoff_final_results": 0.5438296385878395,
      "brier_championship_odds": 0.03222232684493065,
      "rank_mae_pred_vs_playoff_final_results": 7.800000190734863,
      "rank_rmse_pred_vs_playoff_final_results": 9.709102630615234,
      "rank_mae_eos_standings_vs_playoff_final_results": 3.7333333333333334,
      "rank_rmse_eos_standings_vs_playoff_final_results": 6.093712606722878
    }
  },
  "test_metrics_model_a": {
    "ndcg": 0.5438237488175858,
    "spearman": 0.364182424916574,
    "mrr_top2": 1.0,
    "mrr_top4": 1.0,
    "ndcg10": 0.5438237488175858,
    "ndcg_at_4": 0.3560053866302678,
    "ndcg_at_12": 0.5875725942114469,
    "ndcg_at_16": 0.5894182134325076,
    "ndcg_at_20": 0.5894157144400392,
    "roc_auc_upset": 0.7633928571428572
  },
  "test_metrics_model_b": {
    "ndcg": 0.8063721939044944,
    "spearman": 0.4202447163515017,
    "mrr_top2": 1.0,
    "mrr_top4": 1.0,
    "ndcg10": 0.8063721939044944,
    "ndcg_at_4": 0.7116242168324007,
    "ndcg_at_12": 0.8061831747580044,
    "ndcg_at_16": 0.8111732952929006,
    "ndcg_at_20": 0.8111709267600997,
    "roc_auc_upset": 0.7955555555555556
  },
  "test_metrics_model_c": {
    "ndcg": 0.33348743391404295,
    "spearman": 0.23337041156840932,
    "mrr_top2": 0.16666666666666666,
    "mrr_top4": 0.16666666666666666,
    "ndcg10": 0.33348743391404295,
    "ndcg_at_4": 0.001111095381373398,
    "ndcg_at_12": 0.3389077264996702,
    "ndcg_at_16": 0.3596643455146382,
    "ndcg_at_20": 0.37000033942981986,
    "roc_auc_upset": 0.7633928571428571
  },
  "test_metrics_by_conference": {
    "E": {
      "ndcg": 0.38369169619137905,
      "spearman": 0.25357142857142856
    },
    "W": {
      "ndcg": 0.9028525201635361,
      "spearman": 0.4142857142857142
    }
  },
  "notes": {
    "eos_rank_source": "eos_final_rank"
  }
}