{
  "test_metrics_ensemble": {
    "ndcg": 0.5491507967561244,
    "spearman": 0.38954393770856505,
    "mrr_top2": 1.0,
    "mrr_top4": 1.0,
    "ndcg10": 0.5491507967561244,
    "ndcg_at_4": 0.35315119534797357,
    "ndcg_at_12": 0.5943076939320555,
    "ndcg_at_16": 0.5955360312386904,
    "ndcg_at_20": 0.5964097371629459,
    "roc_auc_upset": 0.7149321266968326,
    "rank_mae_pred_vs_playoff_final_results": 7.599999904632568,
    "rank_rmse_pred_vs_playoff_final_results": 9.563820838928223,
    "rank_mae_eos_standings_vs_playoff_final_results": 3.7333333333333334,
    "rank_rmse_eos_standings_vs_playoff_final_results": 6.093712606722878,
    "playoff_metrics": {
      "spearman_pred_vs_playoff_final_results": 0.4593993325917686,
      "ndcg_at_4_final_four": 0.35315119534797357,
      "ndcg10_pred_vs_playoff_final_results": 0.549156332252533,
      "brier_championship_odds": 0.03222232684493065,
      "rank_mae_pred_vs_playoff_final_results": 7.599999904632568,
      "rank_rmse_pred_vs_playoff_final_results": 9.563820838928223,
      "rank_mae_eos_standings_vs_playoff_final_results": 3.7333333333333334,
      "rank_rmse_eos_standings_vs_playoff_final_results": 6.093712606722878
    }
  },
  "test_metrics_model_a": {
    "ndcg": 0.5491507967561244,
    "spearman": 0.3837597330367074,
    "mrr_top2": 1.0,
    "mrr_top4": 1.0,
    "ndcg10": 0.5491507967561244,
    "ndcg_at_4": 0.35315119534797357,
    "ndcg_at_12": 0.5943076939320555,
    "ndcg_at_16": 0.5955360312386904,
    "ndcg_at_20": 0.5964097371629459,
    "roc_auc_upset": 0.7194570135746606
  },
  "test_metrics_model_b": {
    "ndcg": 0.5666733229202083,
    "spearman": 0.44649610678531704,
    "mrr_top2": 0.5,
    "mrr_top4": 0.5,
    "ndcg10": 0.5666733229202083,
    "ndcg_at_4": 0.4437410146181249,
    "ndcg_at_12": 0.566549273748529,
    "ndcg_at_16": 0.5665877761026735,
    "ndcg_at_20": 0.6096810292268917,
    "roc_auc_upset": 0.8035714285714286
  },
  "test_metrics_model_c": {
    "ndcg": 0.3335103168238178,
    "spearman": 0.23737486095661847,
    "mrr_top2": 0.16666666666666666,
    "mrr_top4": 0.16666666666666666,
    "ndcg10": 0.3335103168238178,
    "ndcg_at_4": 0.001111095381373398,
    "ndcg_at_12": 0.33890852755612016,
    "ndcg_at_16": 0.3596651465096424,
    "ndcg_at_20": 0.37000114042130106,
    "roc_auc_upset": 0.7633928571428571
  },
  "test_metrics_by_conference": {
    "E": {
      "ndcg": 0.38369169619137905,
      "spearman": 0.25357142857142856
    },
    "W": {
      "ndcg": 0.9301967694983223,
      "spearman": 0.5178571428571428
    }
  },
  "notes": {
    "eos_rank_source": "eos_final_rank"
  }
}