{
  "test_metrics_ensemble": {
    "ndcg": 0.5301572016906174,
    "spearman": 0.4682981090100112,
    "mrr_top2": 0.5,
    "mrr_top4": 0.5,
    "ndcg10": 0.5301572016906174,
    "ndcg_at_4": 0.46419083189100974,
    "ndcg_at_12": 0.5303614983126808,
    "ndcg_at_16": 0.5303425125853817,
    "ndcg_at_20": 0.5338723441964324,
    "roc_auc_upset": 0.755656108597285,
    "rank_mae_pred_vs_playoff_final_results": 6.866666793823242,
    "rank_rmse_pred_vs_playoff_final_results": 8.925618171691895,
    "rank_mae_eos_standings_vs_playoff_final_results": 3.1333333333333333,
    "rank_rmse_eos_standings_vs_playoff_final_results": 4.449719092257398,
    "playoff_metrics": {
      "spearman_pred_vs_playoff_final_results": 0.4638487208008899,
      "ndcg_at_4_final_four": 0.4641908019749954,
      "ndcg10_pred_vs_playoff_final_results": 0.5301465776916622,
      "brier_championship_odds": 0.03222232684493065,
      "rank_mae_pred_vs_playoff_final_results": 6.866666793823242,
      "rank_rmse_pred_vs_playoff_final_results": 8.925618171691895,
      "rank_mae_eos_standings_vs_playoff_final_results": 3.1333333333333333,
      "rank_rmse_eos_standings_vs_playoff_final_results": 4.449719092257398
    }
  },
  "test_metrics_model_a": {
    "ndcg": 0.5301572016906174,
    "spearman": 0.4602892102335928,
    "mrr_top2": 0.5,
    "mrr_top4": 0.5,
    "ndcg10": 0.5301572016906174,
    "ndcg_at_4": 0.46419083189100974,
    "ndcg_at_12": 0.5303614983126808,
    "ndcg_at_16": 0.5303425125853817,
    "ndcg_at_20": 0.5338499983242555,
    "roc_auc_upset": 0.7601809954751131
  },
  "test_metrics_model_b": {
    "ndcg": 0.19710003553644426,
    "spearman": 0.6195773081201335,
    "mrr_top2": 0.14285714285714285,
    "mrr_top4": 0.14285714285714285,
    "ndcg10": 0.19710003553644426,
    "ndcg_at_4": 0.04166423104576856,
    "ndcg_at_12": 0.2197838797009263,
    "ndcg_at_16": 0.38603336407198635,
    "ndcg_at_20": 0.38607026959657764,
    "roc_auc_upset": 0.75
  },
  "test_metrics_model_c": {
    "ndcg": 0.05124995751403931,
    "spearman": 0.31123470522803115,
    "mrr_top2": 0.07142857142857142,
    "mrr_top4": 0.2,
    "ndcg10": 0.05124995751403931,
    "ndcg_at_4": 0.00711064040423231,
    "ndcg_at_12": 0.056899138174850025,
    "ndcg_at_16": 0.17975039715984434,
    "ndcg_at_20": 0.18214810989505317,
    "roc_auc_upset": 0.8214285714285714
  },
  "test_metrics_by_conference": {
    "E": {
      "ndcg": 0.24887195160673453,
      "spearman": 0.18214285714285713
    },
    "W": {
      "ndcg": 0.7519157235194247,
      "spearman": 0.7214285714285712
    }
  },
  "notes": {
    "eos_rank_source": "eos_final_rank"
  }
}