{
  "test_metrics_ensemble": {
    "ndcg": 0.6034760461638479,
    "spearman": 0.4206896551724138,
    "mrr_top2": 1.0,
    "mrr_top4": 1.0,
    "ndcg10": 0.6034760461638479,
    "ndcg_at_4": 0.33513898093933947,
    "ndcg_at_12": 0.6033228903544392,
    "ndcg_at_16": 0.604546574539823,
    "ndcg_at_20": 0.6051524911252033,
    "roc_auc_upset": 0.7366071428571428,
    "rank_mae_pred_vs_playoff_final_results": 7.4666666984558105,
    "rank_rmse_pred_vs_playoff_final_results": 9.316652297973633,
    "rank_mae_eos_standings_vs_playoff_final_results": 3.7333333333333334,
    "rank_rmse_eos_standings_vs_playoff_final_results": 6.093712606722878,
    "playoff_metrics": {
      "spearman_pred_vs_playoff_final_results": 0.4705228031145718,
      "ndcg_at_4_final_four": 0.33513815635527017,
      "ndcg10_pred_vs_playoff_final_results": 0.60347524554174,
      "brier_championship_odds": 0.03222232684493065,
      "rank_mae_pred_vs_playoff_final_results": 7.4666666984558105,
      "rank_rmse_pred_vs_playoff_final_results": 9.316652297973633,
      "rank_mae_eos_standings_vs_playoff_final_results": 3.7333333333333334,
      "rank_rmse_eos_standings_vs_playoff_final_results": 6.093712606722878
    }
  },
  "test_metrics_model_a": {
    "ndcg": 0.6034760461638479,
    "spearman": 0.4206896551724138,
    "mrr_top2": 1.0,
    "mrr_top4": 1.0,
    "ndcg10": 0.6034760461638479,
    "ndcg_at_4": 0.33513898093933947,
    "ndcg_at_12": 0.6033228903544392,
    "ndcg_at_16": 0.604546574539823,
    "ndcg_at_20": 0.6051524911252033,
    "roc_auc_upset": 0.7366071428571428
  },
  "test_metrics_model_b": {
    "ndcg": 0.5666733229202083,
    "spearman": 0.4024471635150167,
    "mrr_top2": 0.5,
    "mrr_top4": 0.5,
    "ndcg10": 0.5666733229202083,
    "ndcg_at_4": 0.4437410146181249,
    "ndcg_at_12": 0.5665278459246605,
    "ndcg_at_16": 0.5665865585323687,
    "ndcg_at_20": 0.6084220248795902,
    "roc_auc_upset": 0.8
  },
  "test_metrics_model_c": {
    "ndcg": 0.333487026575135,
    "spearman": 0.24048943270300333,
    "mrr_top2": 0.16666666666666666,
    "mrr_top4": 0.16666666666666666,
    "ndcg10": 0.333487026575135,
    "ndcg_at_4": 0.0011069724610271625,
    "ndcg_at_12": 0.33890731926775686,
    "ndcg_at_16": 0.35966393831396193,
    "ndcg_at_20": 0.37116955007129654,
    "roc_auc_upset": 0.7777777777777778
  },
  "test_metrics_by_conference": {
    "E": {
      "ndcg": 0.38376048546002806,
      "spearman": 0.2607142857142857
    },
    "W": {
      "ndcg": 0.9293047301489092,
      "spearman": 0.5714285714285713
    }
  },
  "notes": {
    "eos_rank_source": "eos_final_rank"
  }
}