{
  "notes": {
    "eval_on": "test",
    "eos_rank_source": "eos_final_rank",
    "upset_definition": "sleeper = EOS_global_rank > predicted_strength",
    "mrr_top2": "1/rank of first team in top 2 (champion+runner-up) in predicted order.",
    "mrr_top4": "1/rank of first team in top 4 (conference finals) in predicted order.",
    "per_conference_relevance": "Within E/W: actual rank derived from EOS_global_rank (1=best in conf); NDCG/Spearman use this relevance.",
    "playoff_metrics": "Spearman (pred global vs playoff_final_results), NDCG@4 (final four), Brier (champion vs odds). rank_mae/rank_rmse: pred vs playoff_final_results; eos_standings vs playoff_final_results (baseline)."
  },
  "split_info": {
    "train_frac": 0.75,
    "n_train_dates": 141,
    "n_test_dates": 36,
    "split_mode": "seasons"
  },
  "test_metrics_ensemble": {
    "ndcg": 0.48097083604382035,
    "spearman": 0.4625139043381535,
    "mrr_top2": 0.5,
    "mrr_top4": 0.5,
    "ndcg10": 0.48097083604382035,
    "ndcg_at_4": 0.46444719014824637,
    "ndcg_at_12": 0.5250845657777514,
    "ndcg_at_16": 0.5250659848226431,
    "ndcg_at_20": 0.5286333984850612,
    "roc_auc_upset": 0.7737556561085972,
    "rank_mae_pred_vs_playoff_final_results": 7.133333206176758,
    "rank_rmse_pred_vs_playoff_final_results": 8.97403621673584,
    "rank_mae_eos_standings_vs_playoff_final_results": 3.1333333333333333,
    "rank_rmse_eos_standings_vs_playoff_final_results": 4.449719092257398,
    "playoff_metrics": {
      "spearman_pred_vs_playoff_final_results": 0.45984427141268075,
      "ndcg_at_4_final_four": 0.46444719014824637,
      "ndcg10_pred_vs_playoff_final_results": 0.48096034114256836,
      "brier_championship_odds": 0.03222232684493065,
      "rank_mae_pred_vs_playoff_final_results": 7.133333206176758,
      "rank_rmse_pred_vs_playoff_final_results": 8.97403621673584,
      "rank_mae_eos_standings_vs_playoff_final_results": 3.1333333333333333,
      "rank_rmse_eos_standings_vs_playoff_final_results": 4.449719092257398
    }
  },
  "test_metrics_model_a": {
    "ndcg": 0.48097778796118146,
    "spearman": 0.4629588431590656,
    "mrr_top2": 0.5,
    "mrr_top4": 0.5,
    "ndcg10": 0.48097778796118146,
    "ndcg_at_4": 0.4645175546554888,
    "ndcg_at_12": 0.5250915158690721,
    "ndcg_at_16": 0.5250729343808502,
    "ndcg_at_20": 0.5286403480127027,
    "roc_auc_upset": 0.7737556561085972
  },
  "test_metrics_model_b": {
    "ndcg": 0.17782794441293784,
    "spearman": 0.611123470522803,
    "mrr_top2": 0.25,
    "mrr_top4": 0.25,
    "ndcg10": 0.17782794441293784,
    "ndcg_at_4": 0.16775742802418675,
    "ndcg_at_12": 0.22308103923079017,
    "ndcg_at_16": 0.40235700178379974,
    "ndcg_at_20": 0.4023958042122496,
    "roc_auc_upset": 0.6830357142857143
  },
  "test_metrics_model_c": {
    "ndcg": 0.05124995751403931,
    "spearman": 0.30189098998887653,
    "mrr_top2": 0.0625,
    "mrr_top4": 0.2,
    "ndcg10": 0.05124995751403931,
    "ndcg_at_4": 0.00711064040423231,
    "ndcg_at_12": 0.056899138174850025,
    "ndcg_at_16": 0.1769467286075223,
    "ndcg_at_20": 0.17934445367388585,
    "roc_auc_upset": 0.8258928571428571
  },
  "test_metrics_by_conference": {
    "E": {
      "ndcg": 0.2611877778415992,
      "spearman": 0.22499999999999998
    },
    "W": {
      "ndcg": 0.7377325343055607,
      "spearman": 0.6642857142857141
    }
  },
  "by_season": {
    "2023-24": {
      "test_metrics_ensemble": {
        "ndcg": 0.5485155815971164,
        "spearman": 0.3939933259176863,
        "mrr_top2": 1.0,
        "mrr_top4": 1.0,
        "ndcg10": 0.5485155815971164,
        "ndcg_at_4": 0.35315119534797357,
        "ndcg_at_12": 0.5922631946005057,
        "ndcg_at_16": 0.5935179613164646,
        "ndcg_at_20": 0.59411272177076,
        "roc_auc_upset": 0.7589285714285714,
        "rank_mae_pred_vs_playoff_final_results": 7.800000190734863,
        "rank_rmse_pred_vs_playoff_final_results": 9.52890396118164,
        "rank_mae_eos_standings_vs_playoff_final_results": 3.7333333333333334,
        "rank_rmse_eos_standings_vs_playoff_final_results": 6.093712606722878,
        "playoff_metrics": {
          "spearman_pred_vs_playoff_final_results": 0.44382647385984425,
          "ndcg_at_4_final_four": 0.35315119534797357,
          "ndcg10_pred_vs_playoff_final_results": 0.5485205936656977,
          "brier_championship_odds": 0.03222232684493065,
          "rank_mae_pred_vs_playoff_final_results": 7.800000190734863,
          "rank_rmse_pred_vs_playoff_final_results": 9.52890396118164,
          "rank_mae_eos_standings_vs_playoff_final_results": 3.7333333333333334,
          "rank_rmse_eos_standings_vs_playoff_final_results": 6.093712606722878
        }
      },
      "test_metrics_model_a": {
        "ndcg": 0.5485155815971164,
        "spearman": 0.3904338153503893,
        "mrr_top2": 1.0,
        "mrr_top4": 1.0,
        "ndcg10": 0.5485155815971164,
        "ndcg_at_4": 0.35315119534797357,
        "ndcg_at_12": 0.5922631946005057,
        "ndcg_at_16": 0.5935179613164646,
        "ndcg_at_20": 0.59411272177076,
        "roc_auc_upset": 0.7589285714285714
      },
      "test_metrics_model_b": {
        "ndcg": 0.8242639259776298,
        "spearman": 0.4251390433815351,
        "mrr_top2": 1.0,
        "mrr_top4": 1.0,
        "ndcg10": 0.8242639259776298,
        "ndcg_at_4": 0.7116242168324007,
        "ndcg_at_12": 0.8240688689567119,
        "ndcg_at_16": 0.8290554091543958,
        "ndcg_at_20": 0.8666242526673152,
        "roc_auc_upset": 0.8035714285714286
      },
      "test_metrics_model_c": {
        "ndcg": 0.3335099094849099,
        "spearman": 0.23559510567296996,
        "mrr_top2": 0.16666666666666666,
        "mrr_top4": 0.16666666666666666,
        "ndcg10": 0.3335099094849099,
        "ndcg_at_4": 0.0011069724610271625,
        "ndcg_at_12": 0.3389081203242068,
        "ndcg_at_16": 0.3596647393089661,
        "ndcg_at_20": 0.3700007332224158,
        "roc_auc_upset": 0.7633928571428571
      },
      "test_metrics_by_conference": {
        "E": {
          "ndcg": 0.3851402749883562,
          "spearman": 0.2642857142857143
        },
        "W": {
          "ndcg": 0.9078109931735288,
          "spearman": 0.48571428571428565
        }
      },
      "notes": {
        "eos_rank_source": "eos_final_rank"
      }
    },
    "2024-25": {
      "test_metrics_ensemble": {
        "ndcg": 0.48097083604382035,
        "spearman": 0.4625139043381535,
        "mrr_top2": 0.5,
        "mrr_top4": 0.5,
        "ndcg10": 0.48097083604382035,
        "ndcg_at_4": 0.46444719014824637,
        "ndcg_at_12": 0.5250845657777514,
        "ndcg_at_16": 0.5250659848226431,
        "ndcg_at_20": 0.5286333984850612,
        "roc_auc_upset": 0.7737556561085972,
        "rank_mae_pred_vs_playoff_final_results": 7.133333206176758,
        "rank_rmse_pred_vs_playoff_final_results": 8.97403621673584,
        "rank_mae_eos_standings_vs_playoff_final_results": 3.1333333333333333,
        "rank_rmse_eos_standings_vs_playoff_final_results": 4.449719092257398,
        "playoff_metrics": {
          "spearman_pred_vs_playoff_final_results": 0.45984427141268075,
          "ndcg_at_4_final_four": 0.46444719014824637,
          "ndcg10_pred_vs_playoff_final_results": 0.48096034114256836,
          "brier_championship_odds": 0.03222232684493065,
          "rank_mae_pred_vs_playoff_final_results": 7.133333206176758,
          "rank_rmse_pred_vs_playoff_final_results": 8.97403621673584,
          "rank_mae_eos_standings_vs_playoff_final_results": 3.1333333333333333,
          "rank_rmse_eos_standings_vs_playoff_final_results": 4.449719092257398
        }
      },
      "test_metrics_model_a": {
        "ndcg": 0.48097778796118146,
        "spearman": 0.4629588431590656,
        "mrr_top2": 0.5,
        "mrr_top4": 0.5,
        "ndcg10": 0.48097778796118146,
        "ndcg_at_4": 0.4645175546554888,
        "ndcg_at_12": 0.5250915158690721,
        "ndcg_at_16": 0.5250729343808502,