{
  "notes": {
    "eval_on": "test",
    "eos_rank_source": "eos_final_rank",
    "upset_definition": "sleeper = EOS_global_rank > predicted_strength",
    "mrr_top2": "1/rank of first team in top 2 (champion+runner-up) in predicted order.",
    "mrr_top4": "1/rank of first team in top 4 (conference finals) in predicted order.",
    "per_conference_relevance": "Within E/W: actual rank derived from EOS_global_rank (1=best in conf); NDCG/Spearman use this relevance.",
    "playoff_metrics": "Spearman (pred global vs playoff_final_results), NDCG@4 (final four), Brier (champion vs odds). rank_mae/rank_rmse: pred vs playoff_final_results; eos_standings vs playoff_final_results (baseline)."
  },
  "split_info": {
    "train_frac": 0.75,
    "n_train_dates": 141,
    "n_test_dates": 36,
    "split_mode": "seasons"
  },
  "test_metrics_ensemble": {
    "ndcg": 0.5288711504303034,
    "spearman": 0.46918798665183536,
    "mrr_top2": 0.5,
    "mrr_top4": 0.5,
    "ndcg10": 0.5288711504303034,
    "ndcg_at_4": 0.46437685999867345,
    "ndcg_at_12": 0.529075784855821,
    "ndcg_at_16": 0.5302989155536731,
    "ndcg_at_20": 0.5326493712291663,
    "roc_auc_upset": 0.7678571428571428,
    "rank_mae_pred_vs_playoff_final_results": 7.0,
    "rank_rmse_pred_vs_playoff_final_results": 8.918146133422852,
    "rank_mae_eos_standings_vs_playoff_final_results": 3.1333333333333333,
    "rank_rmse_eos_standings_vs_playoff_final_results": 4.449719092257398,
    "playoff_metrics": {
      "spearman_pred_vs_playoff_final_results": 0.47274749721913245,
      "ndcg_at_4_final_four": 0.4643768342304213,
      "ndcg10_pred_vs_playoff_final_results": 0.5288596189416448,
      "brier_championship_odds": 0.03222232684493065,
      "rank_mae_pred_vs_playoff_final_results": 7.0,
      "rank_rmse_pred_vs_playoff_final_results": 8.918146133422852,
      "rank_mae_eos_standings_vs_playoff_final_results": 3.1333333333333333,
      "rank_rmse_eos_standings_vs_playoff_final_results": 4.449719092257398
    }
  },
  "test_metrics_model_a": {
    "ndcg": 0.5288747789910296,
    "spearman": 0.4696329254727475,
    "mrr_top2": 0.5,
    "mrr_top4": 0.5,
    "ndcg10": 0.5288747789910296,
    "ndcg_at_4": 0.46437685999867345,
    "ndcg_at_12": 0.5290794124634434,
    "ndcg_at_16": 0.5303025428830365,
    "ndcg_at_20": 0.5326529985425759,
    "roc_auc_upset": 0.7678571428571428
  },
  "test_metrics_model_b": {
    "ndcg": 0.16744612903542058,
    "spearman": 0.5612903225806452,
    "mrr_top2": 0.2,
    "mrr_top4": 0.2,
    "ndcg10": 0.16744612903542058,
    "ndcg_at_4": 0.04166423104576856,
    "ndcg_at_12": 0.21137678289118866,
    "ndcg_at_16": 0.23214344669601006,
    "ndcg_at_20": 0.3824697869397046,
    "roc_auc_upset": 0.8055555555555556
  },
  "test_metrics_model_c": {
    "ndcg": 0.05124995751403931,
    "spearman": 0.307230255839822,
    "mrr_top2": 0.0625,
    "mrr_top4": 0.2,
    "ndcg10": 0.05124995751403931,
    "ndcg_at_4": 0.00711064040423231,
    "ndcg_at_12": 0.056899138174850025,
    "ndcg_at_16": 0.1769467286075223,
    "ndcg_at_20": 0.17934460063934335,
    "roc_auc_upset": 0.8214285714285714
  },
  "test_metrics_by_conference": {
    "E": {
      "ndcg": 0.25751473124992535,
      "spearman": 0.1964285714285714
    },
    "W": {
      "ndcg": 0.7519157235194247,
      "spearman": 0.6499999999999999
    }
  },
  "by_season": {
    "2023-24": {
      "test_metrics_ensemble": {
        "ndcg": 0.5489821400322619,
        "spearman": 0.4117908787541713,
        "mrr_top2": 1.0,
        "mrr_top4": 1.0,
        "ndcg10": 0.5489821400322619,
        "ndcg_at_4": 0.35315119534797357,
        "ndcg_at_12": 0.5941377428633982,
        "ndcg_at_16": 0.5953923033489539,
        "ndcg_at_20": 0.5959982271428963,
        "roc_auc_upset": 0.75,
        "rank_mae_pred_vs_playoff_final_results": 7.5333333015441895,
        "rank_rmse_pred_vs_playoff_final_results": 9.387935638427734,
        "rank_mae_eos_standings_vs_playoff_final_results": 3.7333333333333334,
        "rank_rmse_eos_standings_vs_playoff_final_results": 6.093712606722878,
        "playoff_metrics": {
          "spearman_pred_vs_playoff_final_results": 0.4558398220244716,
          "ndcg_at_4_final_four": 0.35315119534797357,
          "ndcg10_pred_vs_playoff_final_results": 0.5489771219359819,
          "brier_championship_odds": 0.03222232684493065,
          "rank_mae_pred_vs_playoff_final_results": 7.5333333015441895,
          "rank_rmse_pred_vs_playoff_final_results": 9.387935638427734,
          "rank_mae_eos_standings_vs_playoff_final_results": 3.7333333333333334,
          "rank_rmse_eos_standings_vs_playoff_final_results": 6.093712606722878
        }
      },
      "test_metrics_model_a": {
        "ndcg": 0.5412078524993463,
        "spearman": 0.40511679644048937,
        "mrr_top2": 1.0,
        "mrr_top4": 1.0,
        "ndcg10": 0.5412078524993463,
        "ndcg_at_4": 0.35315119534797357,
        "ndcg_at_12": 0.5863654973806433,
        "ndcg_at_16": 0.587620654043772,
        "ndcg_at_20": 0.5882266120191478,
        "roc_auc_upset": 0.7544642857142858
      },
      "test_metrics_model_b": {
        "ndcg": 0.8078715524385408,
        "spearman": 0.34015572858731924,
        "mrr_top2": 1.0,
        "mrr_top4": 1.0,
        "ndcg10": 0.8078715524385408,
        "ndcg_at_4": 0.729074614628521,
        "ndcg_at_12": 0.807682139459777,
        "ndcg_at_16": 0.8077005459936417,
        "ndcg_at_20": 0.8124799392619413,
        "roc_auc_upset": 0.8266666666666667
      },
      "test_metrics_model_c": {
        "ndcg": 0.333487026575135,
        "spearman": 0.23159065628476083,
        "mrr_top2": 0.16666666666666666,
        "mrr_top4": 0.16666666666666666,
        "ndcg10": 0.333487026575135,
        "ndcg_at_4": 0.0011069724610271625,
        "ndcg_at_12": 0.33890731926775686,
        "ndcg_at_16": 0.35966393831396193,
        "ndcg_at_20": 0.3699999322309346,
        "roc_auc_upset": 0.7633928571428571
      },
      "test_metrics_by_conference": {
        "E": {
          "ndcg": 0.38504331979094114,
          "spearman": 0.23571428571428568
        },
        "W": {
          "ndcg": 0.9153942893025865,
          "spearman": 0.5785714285714285
        }
      },
      "notes": {
        "eos_rank_source": "eos_final_rank"
      }
    },
    "2024-25": {
      "test_metrics_ensemble": {
        "ndcg": 0.5288711504303034,
        "spearman": 0.46918798665183536,
        "mrr_top2": 0.5,
        "mrr_top4": 0.5,
        "ndcg10": 0.5288711504303034,
        "ndcg_at_4": 0.46437685999867345,
        "ndcg_at_12": 0.529075784855821,
        "ndcg_at_16": 0.5302989155536731,
        "ndcg_at_20": 0.5326493712291663,
        "roc_auc_upset": 0.7678571428571428,
        "rank_mae_pred_vs_playoff_final_results": 7.0,
        "rank_rmse_pred_vs_playoff_final_results": 8.918146133422852,
        "rank_mae_eos_standings_vs_playoff_final_results": 3.1333333333333333,
        "rank_rmse_eos_standings_vs_playoff_final_results": 4.449719092257398,
        "playoff_metrics": {
          "spearman_pred_vs_playoff_final_results": 0.47274749721913245,
          "ndcg_at_4_final_four": 0.4643768342304213,
          "ndcg10_pred_vs_playoff_final_results": 0.5288596189416448,
          "brier_championship_odds": 0.03222232684493065,
          "rank_mae_pred_vs_playoff_final_results": 7.0,
          "rank_rmse_pred_vs_playoff_final_results": 8.918146133422852,
          "rank_mae_eos_standings_vs_playoff_final_results": 3.1333333333333333,
          "rank_rmse_eos_standings_vs_playoff_final_results": 4.449719092257398
        }
      },
      "test_metrics_model_a": {
        "ndcg": 0.5288747789910296,
        "spearman": 0.4696329254727475,
        "mrr_top2": 0.5,
        "mrr_top4": 0.5,
        "ndcg10": 0.5288747789910296,
        "ndcg_at_4": 0.46437685999867345,
        "ndcg_at_12": 0.5290794124634434,
        "ndcg_at_16": 0.5303025428830365,
        "ndcg_at_20": 0.5326529985425759,