{
  "test_metrics_ensemble": {
    "ndcg": 0.5489821400322619,
    "spearman": 0.4117908787541713,
    "mrr_top2": 1.0,
    "mrr_top4": 1.0,
    "ndcg10": 0.5489821400322619,
    "ndcg_at_4": 0.35315119534797357,
    "ndcg_at_12": 0.5941377428633982,
    "ndcg_at_16": 0.5953923033489539,
    "ndcg_at_20": 0.5959982271428963,
    "roc_auc_upset": 0.75,
    "rank_mae_pred_vs_playoff_final_results": 7.5333333015441895,
    "rank_rmse_pred_vs_playoff_final_results": 9.387935638427734,
    "rank_mae_eos_standings_vs_playoff_final_results": 3.7333333333333334,
    "rank_rmse_eos_standings_vs_playoff_final_results": 6.093712606722878,
    "playoff_metrics": {
      "spearman_pred_vs_playoff_final_results": 0.4558398220244716,
      "ndcg_at_4_final_four": 0.35315119534797357,
      "ndcg10_pred_vs_playoff_final_results": 0.5489771219359819,
      "brier_championship_odds": 0.03222232684493065,
      "rank_mae_pred_vs_playoff_final_results": 7.5333333015441895,
      "rank_rmse_pred_vs_playoff_final_results": 9.387935638427734,
      "rank_mae_eos_standings_vs_playoff_final_results": 3.7333333333333334,
      "rank_rmse_eos_standings_vs_playoff_final_results": 6.093712606722878
    }
  },
  "test_metrics_model_a": {
    "ndcg": 0.5412078524993463,
    "spearman": 0.40511679644048937,
    "mrr_top2": 1.0,
    "mrr_top4": 1.0,
    "ndcg10": 0.5412078524993463,
    "ndcg_at_4": 0.35315119534797357,
    "ndcg_at_12": 0.5863654973806433,
    "ndcg_at_16": 0.587620654043772,
    "ndcg_at_20": 0.5882266120191478,
    "roc_auc_upset": 0.7544642857142858
  },
  "test_metrics_model_b": {
    "ndcg": 0.8078715524385408,
    "spearman": 0.34015572858731924,
    "mrr_top2": 1.0,
    "mrr_top4": 1.0,
    "ndcg10": 0.8078715524385408,
    "ndcg_at_4": 0.729074614628521,
    "ndcg_at_12": 0.807682139459777,
    "ndcg_at_16": 0.8077005459936417,
    "ndcg_at_20": 0.8124799392619413,
    "roc_auc_upset": 0.8266666666666667
  },
  "test_metrics_model_c": {
    "ndcg": 0.333487026575135,
    "spearman": 0.23159065628476083,
    "mrr_top2": 0.16666666666666666,
    "mrr_top4": 0.16666666666666666,
    "ndcg10": 0.333487026575135,
    "ndcg_at_4": 0.0011069724610271625,
    "ndcg_at_12": 0.33890731926775686,
    "ndcg_at_16": 0.35966393831396193,
    "ndcg_at_20": 0.3699999322309346,
    "roc_auc_upset": 0.7633928571428571
  },
  "test_metrics_by_conference": {
    "E": {
      "ndcg": 0.38504331979094114,
      "spearman": 0.23571428571428568
    },
    "W": {
      "ndcg": 0.9153942893025865,
      "spearman": 0.5785714285714285
    }
  },
  "notes": {
    "eos_rank_source": "eos_final_rank"
  }
}