{
  "test_metrics_ensemble": {
    "ndcg": 0.6043762311132497,
    "spearman": 0.4189098998887653,
    "mrr_top2": 1.0,
    "mrr_top4": 1.0,
    "ndcg10": 0.6043762311132497,
    "ndcg_at_4": 0.35315119534797357,
    "ndcg_at_12": 0.6042228388548014,
    "ndcg_at_16": 0.6060974150887798,
    "ndcg_at_20": 0.6060948415594998,
    "roc_auc_upset": 0.7321428571428572,
    "rank_mae_pred_vs_playoff_final_results": 7.400000095367432,
    "rank_rmse_pred_vs_playoff_final_results": 9.330951690673828,
    "rank_mae_eos_standings_vs_playoff_final_results": 3.7333333333333334,
    "rank_rmse_eos_standings_vs_playoff_final_results": 6.093712606722878,
    "playoff_metrics": {
      "spearman_pred_vs_playoff_final_results": 0.4629588431590656,
      "ndcg_at_4_final_four": 0.35315119534797357,
      "ndcg10_pred_vs_playoff_final_results": 0.6043755119589236,
      "brier_championship_odds": 0.03222232684493065,
      "rank_mae_pred_vs_playoff_final_results": 7.400000095367432,
      "rank_rmse_pred_vs_playoff_final_results": 9.330951690673828,
      "rank_mae_eos_standings_vs_playoff_final_results": 3.7333333333333334,
      "rank_rmse_eos_standings_vs_playoff_final_results": 6.093712606722878
    }
  },
  "test_metrics_model_a": {
    "ndcg": 0.6043810165771516,
    "spearman": 0.41357063403781974,
    "mrr_top2": 1.0,
    "mrr_top4": 1.0,
    "ndcg10": 0.6043810165771516,
    "ndcg_at_4": 0.35315119534797357,
    "ndcg_at_12": 0.6042276230617191,
    "ndcg_at_16": 0.6061021989287202,
    "ndcg_at_20": 0.6060996253783999,
    "roc_auc_upset": 0.7366071428571428
  },
  "test_metrics_model_b": {
    "ndcg": 0.5592593021370424,
    "spearman": 0.4509454949944383,
    "mrr_top2": 0.5,
    "mrr_top4": 0.5,
    "ndcg10": 0.5592593021370424,
    "ndcg_at_4": 0.44093212795935904,
    "ndcg_at_12": 0.5591351914362709,
    "ndcg_at_16": 0.5591736462951301,
    "ndcg_at_20": 0.6028926004654065,
    "roc_auc_upset": 0.7777777777777778
  },
  "test_metrics_model_c": {
    "ndcg": 0.3335103168238178,
    "spearman": 0.23737486095661847,
    "mrr_top2": 0.16666666666666666,
    "mrr_top4": 0.16666666666666666,
    "ndcg10": 0.3335103168238178,
    "ndcg_at_4": 0.001111095381373398,
    "ndcg_at_12": 0.33890852755612016,
    "ndcg_at_16": 0.3596651465096424,
    "ndcg_at_20": 0.37000114042130106,
    "roc_auc_upset": 0.7633928571428571
  },
  "test_metrics_by_conference": {
    "E": {
      "ndcg": 0.40649848933393984,
      "spearman": 0.2821428571428571
    },
    "W": {
      "ndcg": 0.9250814924538788,
      "spearman": 0.5285714285714286
    }
  },
  "notes": {
    "eos_rank_source": "eos_final_rank"
  }
}