{
  "test_metrics_ensemble": {
    "ndcg": 0.49282818869992795,
    "spearman": 0.5012235817575084,
    "mrr_top2": 0.5,
    "mrr_top4": 0.5,
    "ndcg10": 0.49282818869992795,
    "ndcg_at_4": 0.5004034533491234,
    "ndcg_at_12": 0.536585590412739,
    "ndcg_at_16": 0.5378081708986998,
    "ndcg_at_20": 0.5401995012771428,
    "roc_auc_upset": 0.76,
    "rank_mae_pred_vs_playoff_final_results": 6.5333333015441895,
    "rank_rmse_pred_vs_playoff_final_results": 8.644844055175781,
    "rank_mae_eos_standings_vs_playoff_final_results": 3.1333333333333333,
    "rank_rmse_eos_standings_vs_playoff_final_results": 4.449719092257398,
    "playoff_metrics": {
      "spearman_pred_vs_playoff_final_results": 0.5119021134593993,
      "ndcg_at_4_final_four": 0.5004034533491234,
      "ndcg10_pred_vs_playoff_final_results": 0.49281957012275424,
      "brier_championship_odds": 0.03222232684493065,
      "rank_mae_pred_vs_playoff_final_results": 6.5333333015441895,
      "rank_rmse_pred_vs_playoff_final_results": 8.644844055175781,
      "rank_mae_eos_standings_vs_playoff_final_results": 3.1333333333333333,
      "rank_rmse_eos_standings_vs_playoff_final_results": 4.449719092257398
    }
  },
  "test_metrics_model_a": {
    "ndcg": 0.4928233296500236,
    "spearman": 0.4905450500556173,
    "mrr_top2": 0.5,
    "mrr_top4": 0.5,
    "ndcg10": 0.4928233296500236,
    "ndcg_at_4": 0.5004034533491234,
    "ndcg_at_12": 0.5365807326391476,
    "ndcg_at_16": 0.5378033134977286,
    "ndcg_at_20": 0.540190131482702,
    "roc_auc_upset": 0.7644444444444445
  },
  "test_metrics_model_b": {
    "ndcg": 0.15760900910004919,
    "spearman": 0.5056729699666296,
    "mrr_top2": 0.16666666666666666,
    "mrr_top4": 0.16666666666666666,
    "ndcg10": 0.15760900910004919,
    "ndcg_at_4": 0.04166423104576856,
    "ndcg_at_12": 0.20291026973147086,
    "ndcg_at_16": 0.22368707331384097,
    "ndcg_at_20": 0.2236870409571503,
    "roc_auc_upset": 0.795
  },
  "test_metrics_model_c": {
    "ndcg": 0.05124995751403931,
    "spearman": 0.3196885428253615,
    "mrr_top2": 0.07142857142857142,
    "mrr_top4": 0.2,
    "ndcg10": 0.05124995751403931,
    "ndcg_at_4": 0.00711064040423231,
    "ndcg_at_12": 0.056899138174850025,
    "ndcg_at_16": 0.18061907061753987,
    "ndcg_at_20": 0.18301677953213064,
    "roc_auc_upset": 0.8169642857142857
  },
  "test_metrics_by_conference": {
    "E": {
      "ndcg": 0.26905470613580096,
      "spearman": 0.2678571428571428
    },
    "W": {
      "ndcg": 0.7743588954336382,
      "spearman": 0.7214285714285712
    }
  },
  "notes": {
    "eos_rank_source": "eos_final_rank"
  }
}