{
  "test_metrics_ensemble": {
    "ndcg": 0.48222411504150225,
    "spearman": 0.4166852057842047,
    "mrr_top2": 0.5,
    "mrr_top4": 0.5,
    "ndcg10": 0.48222411504150225,
    "ndcg_at_4": 0.46414085016152934,
    "ndcg_at_12": 0.4820983088947473,
    "ndcg_at_16": 0.523647299481308,
    "ndcg_at_20": 0.5248395994178452,
    "roc_auc_upset": 0.8035714285714286,
    "rank_mae_pred_vs_playoff_final_results": 7.5333333015441895,
    "rank_rmse_pred_vs_playoff_final_results": 9.348796844482422,
    "rank_mae_eos_standings_vs_playoff_final_results": 3.1333333333333333,
    "rank_rmse_eos_standings_vs_playoff_final_results": 4.449719092257398,
    "playoff_metrics": {
      "spearman_pred_vs_playoff_final_results": 0.43003337041156836,
      "ndcg_at_4_final_four": 0.4641255331621935,
      "ndcg10_pred_vs_playoff_final_results": 0.482209223781333,
      "brier_championship_odds": 0.03222232684493065,
      "rank_mae_pred_vs_playoff_final_results": 7.5333333015441895,
      "rank_rmse_pred_vs_playoff_final_results": 9.348796844482422,
      "rank_mae_eos_standings_vs_playoff_final_results": 3.1333333333333333,
      "rank_rmse_eos_standings_vs_playoff_final_results": 4.449719092257398
    }
  },
  "test_metrics_model_a": {
    "ndcg": 0.48222411504150225,
    "spearman": 0.4166852057842047,
    "mrr_top2": 0.5,
    "mrr_top4": 0.5,
    "ndcg10": 0.48222411504150225,
    "ndcg_at_4": 0.46414085016152934,
    "ndcg_at_12": 0.4820983088947473,
    "ndcg_at_16": 0.523647299481308,
    "ndcg_at_20": 0.5248395994178452,
    "roc_auc_upset": 0.8035714285714286
  },
  "test_metrics_model_b": {
    "ndcg": 0.21441960365664167,
    "spearman": 0.625361512791991,
    "mrr_top2": 0.2,
    "mrr_top4": 0.2,
    "ndcg10": 0.21441960365664167,
    "ndcg_at_4": 0.04166423104576856,
    "ndcg_at_12": 0.2363948388153914,
    "ndcg_at_16": 0.3988133450625917,
    "ndcg_at_20": 0.39881223808433286,
    "roc_auc_upset": 0.751131221719457
  },
  "test_metrics_model_c": {
    "ndcg": 0.05139534647930671,
    "spearman": 0.3050055617352614,
    "mrr_top2": 0.06666666666666667,
    "mrr_top4": 0.2,
    "ndcg10": 0.05139534647930671,
    "ndcg_at_4": 0.0072603807417201014,
    "ndcg_at_12": 0.05704448895120833,
    "ndcg_at_16": 0.1779607433491712,
    "ndcg_at_20": 0.18035846395567354,
    "roc_auc_upset": 0.8258928571428571
  },
  "test_metrics_by_conference": {
    "E": {
      "ndcg": 0.23654944626595967,
      "spearman": 0.22499999999999998
    },
    "W": {
      "ndcg": 0.7501074971217991,
      "spearman": 0.5964285714285712
    }
  },
  "notes": {
    "eos_rank_source": "eos_final_rank"
  }
}