{
  "notes": {
    "eval_on": "test",
    "eos_rank_source": "eos_final_rank",
    "upset_definition": "sleeper = EOS_global_rank > predicted_strength",
    "mrr_top2": "1/rank of first team in top 2 (champion+runner-up) in predicted order.",
    "mrr_top4": "1/rank of first team in top 4 (conference finals) in predicted order.",
    "per_conference_relevance": "Within E/W: actual rank derived from EOS_global_rank (1=best in conf); NDCG/Spearman use this relevance.",
    "playoff_metrics": "Spearman (pred global vs playoff_final_results), NDCG@4 (final four), Brier (champion vs odds). rank_mae/rank_rmse: pred vs playoff_final_results; eos_standings vs playoff_final_results (baseline)."
  },
  "split_info": {
    "train_frac": 0.75,
    "n_train_dates": 141,
    "n_test_dates": 36,
    "split_mode": "seasons"
  },
  "test_metrics_ensemble": {
    "ndcg": 0.48222411504150225,
    "spearman": 0.4166852057842047,
    "mrr_top2": 0.5,
    "mrr_top4": 0.5,
    "ndcg10": 0.48222411504150225,
    "ndcg_at_4": 0.46414085016152934,
    "ndcg_at_12": 0.4820983088947473,
    "ndcg_at_16": 0.523647299481308,
    "ndcg_at_20": 0.5248395994178452,
    "roc_auc_upset": 0.8035714285714286,
    "rank_mae_pred_vs_playoff_final_results": 7.5333333015441895,
    "rank_rmse_pred_vs_playoff_final_results": 9.348796844482422,
    "rank_mae_eos_standings_vs_playoff_final_results": 3.1333333333333333,
    "rank_rmse_eos_standings_vs_playoff_final_results": 4.449719092257398,
    "playoff_metrics": {
      "spearman_pred_vs_playoff_final_results": 0.43003337041156836,
      "ndcg_at_4_final_four": 0.4641255331621935,
      "ndcg10_pred_vs_playoff_final_results": 0.482209223781333,
      "brier_championship_odds": 0.03222232684493065,
      "rank_mae_pred_vs_playoff_final_results": 7.5333333015441895,
      "rank_rmse_pred_vs_playoff_final_results": 9.348796844482422,
      "rank_mae_eos_standings_vs_playoff_final_results": 3.1333333333333333,
      "rank_rmse_eos_standings_vs_playoff_final_results": 4.449719092257398
    }
  },
  "test_metrics_model_a": {
    "ndcg": 0.48222411504150225,
    "spearman": 0.4166852057842047,
    "mrr_top2": 0.5,
    "mrr_top4": 0.5,
    "ndcg10": 0.48222411504150225,
    "ndcg_at_4": 0.46414085016152934,
    "ndcg_at_12": 0.4820983088947473,
    "ndcg_at_16": 0.523647299481308,
    "ndcg_at_20": 0.5248395994178452,
    "roc_auc_upset": 0.8035714285714286
  },
  "test_metrics_model_b": {
    "ndcg": 0.21441960365664167,
    "spearman": 0.625361512791991,
    "mrr_top2": 0.2,
    "mrr_top4": 0.2,
    "ndcg10": 0.21441960365664167,
    "ndcg_at_4": 0.04166423104576856,
    "ndcg_at_12": 0.2363948388153914,
    "ndcg_at_16": 0.3988133450625917,
    "ndcg_at_20": 0.39881223808433286,
    "roc_auc_upset": 0.751131221719457
  },
  "test_metrics_model_c": {
    "ndcg": 0.05139534647930671,
    "spearman": 0.3050055617352614,
    "mrr_top2": 0.06666666666666667,
    "mrr_top4": 0.2,
    "ndcg10": 0.05139534647930671,
    "ndcg_at_4": 0.0072603807417201014,
    "ndcg_at_12": 0.05704448895120833,
    "ndcg_at_16": 0.1779607433491712,
    "ndcg_at_20": 0.18035846395567354,
    "roc_auc_upset": 0.8258928571428571
  },
  "test_metrics_by_conference": {
    "E": {
      "ndcg": 0.23654944626595967,
      "spearman": 0.22499999999999998
    },
    "W": {
      "ndcg": 0.7501074971217991,
      "spearman": 0.5964285714285712
    }
  },
  "by_season": {
    "2023-24": {
      "test_metrics_ensemble": {
        "ndcg": 0.5485627705693908,
        "spearman": 0.40155728587319245,
        "mrr_top2": 1.0,
        "mrr_top4": 1.0,
        "ndcg10": 0.5485627705693908,
        "ndcg_at_4": 0.35315119534797357,
        "ndcg_at_12": 0.5937198222005005,
        "ndcg_at_16": 0.5949481477694238,
        "ndcg_at_20": 0.5955428994027807,
        "roc_auc_upset": 0.8392857142857143,
        "rank_mae_pred_vs_playoff_final_results": 7.599999904632568,
        "rank_rmse_pred_vs_playoff_final_results": 9.46924877166748,
        "rank_mae_eos_standings_vs_playoff_final_results": 3.7333333333333334,
        "rank_rmse_eos_standings_vs_playoff_final_results": 6.093712606722878,
        "playoff_metrics": {
          "spearman_pred_vs_playoff_final_results": 0.4513904338153503,
          "ndcg_at_4_final_four": 0.35315119534797357,
          "ndcg10_pred_vs_playoff_final_results": 0.5485677826379722,
          "brier_championship_odds": 0.03222232684493065,
          "rank_mae_pred_vs_playoff_final_results": 7.599999904632568,
          "rank_rmse_pred_vs_playoff_final_results": 9.46924877166748,
          "rank_mae_eos_standings_vs_playoff_final_results": 3.7333333333333334,
          "rank_rmse_eos_standings_vs_playoff_final_results": 6.093712606722878
        }
      },
      "test_metrics_model_a": {
        "ndcg": 0.54078824580577,
        "spearman": 0.3890989988876529,
        "mrr_top2": 1.0,
        "mrr_top4": 1.0,
        "ndcg10": 0.54078824580577,
        "ndcg_at_4": 0.35315119534797357,
        "ndcg_at_12": 0.5859473395493531,
        "ndcg_at_16": 0.5871762613140415,
        "ndcg_at_20": 0.5877710471298749,
        "roc_auc_upset": 0.84375
      },
      "test_metrics_model_b": {
        "ndcg": 0.8063721939044944,
        "spearman": 0.37886540600667407,
        "mrr_top2": 1.0,
        "mrr_top4": 1.0,
        "ndcg10": 0.8063721939044944,
        "ndcg_at_4": 0.7116242168324007,
        "ndcg_at_12": 0.806184579734205,
        "ndcg_at_16": 0.8062028086231668,
        "ndcg_at_20": 0.8109821685035129,
        "roc_auc_upset": 0.8
      },
      "test_metrics_model_c": {
        "ndcg": 0.333487026575135,
        "spearman": 0.2382647385984427,
        "mrr_top2": 0.16666666666666666,
        "mrr_top4": 0.16666666666666666,
        "ndcg10": 0.333487026575135,
        "ndcg_at_4": 0.0011069724610271625,
        "ndcg_at_12": 0.33890731926775686,
        "ndcg_at_16": 0.3602072243020767,
        "ndcg_at_20": 0.37054321582955735,
        "roc_auc_upset": 0.7589285714285714
      },
      "test_metrics_by_conference": {
        "E": {
          "ndcg": 0.38320669373549215,
          "spearman": 0.23571428571428568
        },
        "W": {
          "ndcg": 0.9193500683938988,
          "spearman": 0.5214285714285714
        }
      },
      "notes": {
        "eos_rank_source": "eos_final_rank"
      }
    },
    "2024-25": {
      "test_metrics_ensemble": {
        "ndcg": 0.48222411504150225,
        "spearman": 0.4166852057842047,
        "mrr_top2": 0.5,
        "mrr_top4": 0.5,
        "ndcg10": 0.48222411504150225,
        "ndcg_at_4": 0.46414085016152934,
        "ndcg_at_12": 0.4820983088947473,
        "ndcg_at_16": 0.523647299481308,
        "ndcg_at_20": 0.5248395994178452,
        "roc_auc_upset": 0.8035714285714286,
        "rank_mae_pred_vs_playoff_final_results": 7.5333333015441895,
        "rank_rmse_pred_vs_playoff_final_results": 9.348796844482422,
        "rank_mae_eos_standings_vs_playoff_final_results": 3.1333333333333333,
        "rank_rmse_eos_standings_vs_playoff_final_results": 4.449719092257398,
        "playoff_metrics": {
          "spearman_pred_vs_playoff_final_results": 0.43003337041156836,
          "ndcg_at_4_final_four": 0.4641255331621935,
          "ndcg10_pred_vs_playoff_final_results": 0.482209223781333,
          "brier_championship_odds": 0.03222232684493065,
          "rank_mae_pred_vs_playoff_final_results": 7.5333333015441895,
          "rank_rmse_pred_vs_playoff_final_results": 9.348796844482422,
          "rank_mae_eos_standings_vs_playoff_final_results": 3.1333333333333333,
          "rank_rmse_eos_standings_vs_playoff_final_results": 4.449719092257398
        }
      },
      "test_metrics_model_a": {
        "ndcg": 0.48222411504150225,
        "spearman": 0.4166852057842047,
        "mrr_top2": 0.5,
        "mrr_top4": 0.5,
        "ndcg10": 0.48222411504150225,
        "ndcg_at_4": 0.46414085016152934,
        "ndcg_at_12": 0.4820983088947473,
        "ndcg_at_16": 0.523647299481308,