{
  "test_metrics_ensemble": {
    "ndcg": 0.5485627705693908,
    "spearman": 0.40155728587319245,
    "mrr_top2": 1.0,
    "mrr_top4": 1.0,
    "ndcg10": 0.5485627705693908,
    "ndcg_at_4": 0.35315119534797357,
    "ndcg_at_12": 0.5937198222005005,
    "ndcg_at_16": 0.5949481477694238,
    "ndcg_at_20": 0.5955428994027807,
    "roc_auc_upset": 0.8392857142857143,
    "rank_mae_pred_vs_playoff_final_results": 7.599999904632568,
    "rank_rmse_pred_vs_playoff_final_results": 9.46924877166748,
    "rank_mae_eos_standings_vs_playoff_final_results": 3.7333333333333334,
    "rank_rmse_eos_standings_vs_playoff_final_results": 6.093712606722878,
    "playoff_metrics": {
      "spearman_pred_vs_playoff_final_results": 0.4513904338153503,
      "ndcg_at_4_final_four": 0.35315119534797357,
      "ndcg10_pred_vs_playoff_final_results": 0.5485677826379722,
      "brier_championship_odds": 0.03222232684493065,
      "rank_mae_pred_vs_playoff_final_results": 7.599999904632568,
      "rank_rmse_pred_vs_playoff_final_results": 9.46924877166748,
      "rank_mae_eos_standings_vs_playoff_final_results": 3.7333333333333334,
      "rank_rmse_eos_standings_vs_playoff_final_results": 6.093712606722878
    }
  },
  "test_metrics_model_a": {
    "ndcg": 0.54078824580577,
    "spearman": 0.3890989988876529,
    "mrr_top2": 1.0,
    "mrr_top4": 1.0,
    "ndcg10": 0.54078824580577,
    "ndcg_at_4": 0.35315119534797357,
    "ndcg_at_12": 0.5859473395493531,
    "ndcg_at_16": 0.5871762613140415,
    "ndcg_at_20": 0.5877710471298749,
    "roc_auc_upset": 0.84375
  },
  "test_metrics_model_b": {
    "ndcg": 0.8063721939044944,
    "spearman": 0.37886540600667407,
    "mrr_top2": 1.0,
    "mrr_top4": 1.0,
    "ndcg10": 0.8063721939044944,
    "ndcg_at_4": 0.7116242168324007,
    "ndcg_at_12": 0.806184579734205,
    "ndcg_at_16": 0.8062028086231668,
    "ndcg_at_20": 0.8109821685035129,
    "roc_auc_upset": 0.8
  },
  "test_metrics_model_c": {
    "ndcg": 0.333487026575135,
    "spearman": 0.2382647385984427,
    "mrr_top2": 0.16666666666666666,
    "mrr_top4": 0.16666666666666666,
    "ndcg10": 0.333487026575135,
    "ndcg_at_4": 0.0011069724610271625,
    "ndcg_at_12": 0.33890731926775686,
    "ndcg_at_16": 0.3602072243020767,
    "ndcg_at_20": 0.37054321582955735,
    "roc_auc_upset": 0.7589285714285714
  },
  "test_metrics_by_conference": {
    "E": {
      "ndcg": 0.38320669373549215,
      "spearman": 0.23571428571428568
    },
    "W": {
      "ndcg": 0.9193500683938988,
      "spearman": 0.5214285714285714
    }
  },
  "notes": {
    "eos_rank_source": "eos_final_rank"
  }
}