{
  "notes": {
    "eval_on": "test",
    "eos_rank_source": "eos_final_rank",
    "upset_definition": "sleeper = EOS_global_rank > predicted_strength",
    "mrr_top2": "1/rank of first team in top 2 (champion+runner-up) in predicted order.",
    "mrr_top4": "1/rank of first team in top 4 (conference finals) in predicted order.",
    "per_conference_relevance": "Within E/W: actual rank derived from EOS_global_rank (1=best in conf); NDCG/Spearman use this relevance.",
    "playoff_metrics": "Spearman (pred global vs playoff_final_results), NDCG@4 (final four), Brier (champion vs odds). rank_mae/rank_rmse: pred vs playoff_final_results; eos_standings vs playoff_final_results (baseline)."
  },
  "split_info": {
    "train_frac": 0.75,
    "n_train_dates": 141,
    "n_test_dates": 36,
    "split_mode": "seasons"
  },
  "test_metrics_ensemble": {
    "ndcg": 0.4923673652332178,
    "spearman": 0.5101223581757508,
    "mrr_top2": 0.5,
    "mrr_top4": 0.5,
    "ndcg10": 0.4923673652332178,
    "ndcg_at_4": 0.5000971133624064,
    "ndcg_at_12": 0.5378806988832784,
    "ndcg_at_16": 0.539103180026697,
    "ndcg_at_20": 0.5414490928277403,
    "roc_auc_upset": 0.75,
    "rank_mae_pred_vs_playoff_final_results": 6.733333110809326,
    "rank_rmse_pred_vs_playoff_final_results": 8.56737995147705,
    "rank_mae_eos_standings_vs_playoff_final_results": 3.1333333333333333,
    "rank_rmse_eos_standings_vs_playoff_final_results": 4.449719092257398,
    "playoff_metrics": {
      "spearman_pred_vs_playoff_final_results": 0.5012235817575084,
      "ndcg_at_4_final_four": 0.5000817963630705,
      "ndcg10_pred_vs_playoff_final_results": 0.49235193660530435,
      "brier_championship_odds": 0.03222232684493065,
      "rank_mae_pred_vs_playoff_final_results": 6.733333110809326,
      "rank_rmse_pred_vs_playoff_final_results": 8.56737995147705,
      "rank_mae_eos_standings_vs_playoff_final_results": 3.1333333333333333,
      "rank_rmse_eos_standings_vs_playoff_final_results": 4.449719092257398
    }
  },
  "test_metrics_model_a": {
    "ndcg": 0.4923673652332178,
    "spearman": 0.5101223581757508,
    "mrr_top2": 0.5,
    "mrr_top4": 0.5,
    "ndcg10": 0.4923673652332178,
    "ndcg_at_4": 0.5000971133624064,
    "ndcg_at_12": 0.5378806988832784,
    "ndcg_at_16": 0.539103180026697,
    "ndcg_at_20": 0.5414490928277403,
    "roc_auc_upset": 0.75
  },
  "test_metrics_model_b": {
    "ndcg": 0.16753016469221063,
    "spearman": 0.5666295884315907,
    "mrr_top2": 0.2,
    "mrr_top4": 0.2,
    "ndcg10": 0.16753016469221063,
    "ndcg_at_4": 0.04166423104576856,
    "ndcg_at_12": 0.21279667617765533,
    "ndcg_at_16": 0.23312021081819584,
    "ndcg_at_20": 0.38602722908248727,
    "roc_auc_upset": 0.8009049773755655
  },
  "test_metrics_model_c": {
    "ndcg": 0.05124995751403931,
    "spearman": 0.30189098998887653,
    "mrr_top2": 0.0625,
    "mrr_top4": 0.2,
    "ndcg10": 0.05124995751403931,
    "ndcg_at_4": 0.00711064040423231,
    "ndcg_at_12": 0.056899138174850025,
    "ndcg_at_16": 0.1769467286075223,
    "ndcg_at_20": 0.17934445367388585,
    "roc_auc_upset": 0.8258928571428571
  },
  "test_metrics_by_conference": {
    "E": {
      "ndcg": 0.2512516693166079,
      "spearman": 0.24285714285714283
    },
    "W": {
      "ndcg": 0.7723538271486643,
      "spearman": 0.7035714285714285
    }
  },
  "by_season": {
    "2023-24": {
      "test_metrics_ensemble": {
        "ndcg": 0.40051044009902026,
        "spearman": 0.40600667408231367,
        "mrr_top2": 1.0,
        "mrr_top4": 1.0,
        "ndcg10": 0.40051044009902026,
        "ndcg_at_4": 0.35315119534797357,
        "ndcg_at_12": 0.5759554110373621,
        "ndcg_at_16": 0.5778660493912244,
        "ndcg_at_20": 0.5778727738606058,
        "roc_auc_upset": 0.7276785714285715,
        "rank_mae_pred_vs_playoff_final_results": 7.333333492279053,
        "rank_rmse_pred_vs_playoff_final_results": 9.433980941772461,
        "rank_mae_eos_standings_vs_playoff_final_results": 3.7333333333333334,
        "rank_rmse_eos_standings_vs_playoff_final_results": 6.093712606722878,
        "playoff_metrics": {
          "spearman_pred_vs_playoff_final_results": 0.46073414905450494,
          "ndcg_at_4_final_four": 0.35315119534797357,
          "ndcg10_pred_vs_playoff_final_results": 0.40051597559542895,
          "brier_championship_odds": 0.03222232684493065,
          "rank_mae_pred_vs_playoff_final_results": 7.333333492279053,
          "rank_rmse_pred_vs_playoff_final_results": 9.433980941772461,
          "rank_mae_eos_standings_vs_playoff_final_results": 3.7333333333333334,
          "rank_rmse_eos_standings_vs_playoff_final_results": 6.093712606722878
        }
      },
      "test_metrics_model_a": {
        "ndcg": 0.40051044009902026,
        "spearman": 0.4006674082313682,
        "mrr_top2": 1.0,
        "mrr_top4": 1.0,
        "ndcg10": 0.40051044009902026,
        "ndcg_at_4": 0.35315119534797357,
        "ndcg_at_12": 0.5759554110373621,
        "ndcg_at_16": 0.5778660493912244,
        "ndcg_at_20": 0.5778726268951483,
        "roc_auc_upset": 0.7321428571428571
      },
      "test_metrics_model_b": {
        "ndcg": 0.5639460609698026,
        "spearman": 0.43359288097886545,
        "mrr_top2": 0.5,
        "mrr_top4": 0.5,
        "ndcg10": 0.5639460609698026,
        "ndcg_at_4": 0.44093212795935904,
        "ndcg_at_12": 0.5638200505271448,
        "ndcg_at_16": 0.5638637027263753,
        "ndcg_at_20": 0.6063013053955906,
        "roc_auc_upset": 0.8035714285714286
      },
      "test_metrics_model_c": {
        "ndcg": 0.333487026575135,
        "spearman": 0.23159065628476083,
        "mrr_top2": 0.16666666666666666,
        "mrr_top4": 0.16666666666666666,
        "ndcg10": 0.333487026575135,
        "ndcg_at_4": 0.0011069724610271625,
        "ndcg_at_12": 0.33890731926775686,
        "ndcg_at_16": 0.35966393831396193,
        "ndcg_at_20": 0.3699999322309346,
        "roc_auc_upset": 0.7633928571428571
      },
      "test_metrics_by_conference": {
        "E": {
          "ndcg": 0.38689768138590575,
          "spearman": 0.2678571428571428
        },
        "W": {
          "ndcg": 0.9213871629856155,
          "spearman": 0.5
        }
      },
      "notes": {
        "eos_rank_source": "eos_final_rank"
      }
    },
    "2024-25": {
      "test_metrics_ensemble": {
        "ndcg": 0.4923673652332178,
        "spearman": 0.5101223581757508,
        "mrr_top2": 0.5,
        "mrr_top4": 0.5,
        "ndcg10": 0.4923673652332178,
        "ndcg_at_4": 0.5000971133624064,
        "ndcg_at_12": 0.5378806988832784,
        "ndcg_at_16": 0.539103180026697,
        "ndcg_at_20": 0.5414490928277403,
        "roc_auc_upset": 0.75,
        "rank_mae_pred_vs_playoff_final_results": 6.733333110809326,
        "rank_rmse_pred_vs_playoff_final_results": 8.56737995147705,
        "rank_mae_eos_standings_vs_playoff_final_results": 3.1333333333333333,
        "rank_rmse_eos_standings_vs_playoff_final_results": 4.449719092257398,
        "playoff_metrics": {
          "spearman_pred_vs_playoff_final_results": 0.5012235817575084,
          "ndcg_at_4_final_four": 0.5000817963630705,
          "ndcg10_pred_vs_playoff_final_results": 0.49235193660530435,
          "brier_championship_odds": 0.03222232684493065,
          "rank_mae_pred_vs_playoff_final_results": 6.733333110809326,
          "rank_rmse_pred_vs_playoff_final_results": 8.56737995147705,
          "rank_mae_eos_standings_vs_playoff_final_results": 3.1333333333333333,
          "rank_rmse_eos_standings_vs_playoff_final_results": 4.449719092257398
        }
      },
      "test_metrics_model_a": {
        "ndcg": 0.4923673652332178,
        "spearman": 0.5101223581757508,
        "mrr_top2": 0.5,
        "mrr_top4": 0.5,
        "ndcg10": 0.4923673652332178,
        "ndcg_at_4": 0.5000971133624064,
        "ndcg_at_12": 0.5378806988832784,
        "ndcg_at_16": 0.539103180026697,
        "ndcg_at_20": 0.5414490928277403,