{
  "notes": {
    "eval_on": "test",
    "eos_rank_source": "eos_final_rank",
    "upset_definition": "sleeper = EOS_global_rank > predicted_strength",
    "mrr_top2": "1/rank of first team in top 2 (champion+runner-up) in predicted order.",
    "mrr_top4": "1/rank of first team in top 4 (conference finals) in predicted order.",
    "per_conference_relevance": "Within E/W: actual rank derived from EOS_global_rank (1=best in conf); NDCG/Spearman use this relevance.",
    "playoff_metrics": "Spearman (pred global vs playoff_final_results), NDCG@4 (final four), Brier (champion vs odds). rank_mae/rank_rmse: pred vs playoff_final_results; eos_standings vs playoff_final_results (baseline)."
  },
  "split_info": {
    "train_frac": 0.75,
    "n_train_dates": 141,
    "n_test_dates": 36,
    "split_mode": "seasons"
  },
  "test_metrics_ensemble": {
    "ndcg": 0.49320532186164506,
    "spearman": 0.4896551724137932,
    "mrr_top2": 0.5,
    "mrr_top4": 0.5,
    "ndcg10": 0.49320532186164506,
    "ndcg_at_4": 0.5002400720228743,
    "ndcg_at_12": 0.5373158379977224,
    "ndcg_at_16": 0.5372958759458293,
    "ndcg_at_20": 0.540899631133963,
    "roc_auc_upset": 0.746606334841629,
    "rank_mae_pred_vs_playoff_final_results": 6.733333110809326,
    "rank_rmse_pred_vs_playoff_final_results": 8.744522094726562,
    "rank_mae_eos_standings_vs_playoff_final_results": 3.1333333333333333,
    "rank_rmse_eos_standings_vs_playoff_final_results": 4.449719092257398,
    "playoff_metrics": {
      "spearman_pred_vs_playoff_final_results": 0.5101223581757508,
      "ndcg_at_4_final_four": 0.5002400720228743,
      "ndcg10_pred_vs_playoff_final_results": 0.4931932605368445,
      "brier_championship_odds": 0.03222232684493065,
      "rank_mae_pred_vs_playoff_final_results": 6.733333110809326,
      "rank_rmse_pred_vs_playoff_final_results": 8.744522094726562,
      "rank_mae_eos_standings_vs_playoff_final_results": 3.1333333333333333,
      "rank_rmse_eos_standings_vs_playoff_final_results": 4.449719092257398
    }
  },
  "test_metrics_model_a": {
    "ndcg": 0.49320532186164506,
    "spearman": 0.4896551724137932,
    "mrr_top2": 0.5,
    "mrr_top4": 0.5,
    "ndcg10": 0.49320532186164506,
    "ndcg_at_4": 0.5002400720228743,
    "ndcg_at_12": 0.5373158379977224,
    "ndcg_at_16": 0.5372958759458293,
    "ndcg_at_20": 0.540899631133963,
    "roc_auc_upset": 0.746606334841629
  },
  "test_metrics_model_b": {
    "ndcg": 0.15629487463667316,
    "spearman": 0.511012235817575,
    "mrr_top2": 0.16666666666666666,
    "mrr_top4": 0.16666666666666666,
    "ndcg10": 0.15629487463667316,
    "ndcg_at_4": 0.04029517653159447,
    "ndcg_at_12": 0.20155362548517905,
    "ndcg_at_16": 0.22187712161830664,
    "ndcg_at_20": 0.2218770448173003,
    "roc_auc_upset": 0.8101851851851852
  },
  "test_metrics_model_c": {
    "ndcg": 0.05124995751403931,
    "spearman": 0.30233592880978866,
    "mrr_top2": 0.06666666666666667,
    "mrr_top4": 0.2,
    "ndcg10": 0.05124995751403931,
    "ndcg_at_4": 0.00711064040423231,
    "ndcg_at_12": 0.056899138174850025,
    "ndcg_at_16": 0.17781540372208415,
    "ndcg_at_20": 0.18021312496782235,
    "roc_auc_upset": 0.8258928571428571
  },
  "test_metrics_by_conference": {
    "E": {
      "ndcg": 0.2788826036875486,
      "spearman": 0.3
    },
    "W": {
      "ndcg": 0.7504596839996873,
      "spearman": 0.6464285714285712
    }
  },
  "by_season": {
    "2023-24": {
      "test_metrics_ensemble": {
        "ndcg": 0.6210567039004041,
        "spearman": 0.4780867630700778,
        "mrr_top2": 1.0,
        "mrr_top4": 1.0,
        "ndcg10": 0.6210567039004041,
        "ndcg_at_4": 0.35315119534797357,
        "ndcg_at_12": 0.6208989302292554,
        "ndcg_at_16": 0.6221854236635097,
        "ndcg_at_20": 0.6228004022682558,
        "roc_auc_upset": 0.665158371040724,
        "rank_mae_pred_vs_playoff_final_results": 6.866666793823242,
        "rank_rmse_pred_vs_playoff_final_results": 8.8430757522583,
        "rank_mae_eos_standings_vs_playoff_final_results": 3.7333333333333334,
        "rank_rmse_eos_standings_vs_playoff_final_results": 6.093712606722878,
        "playoff_metrics": {
          "spearman_pred_vs_playoff_final_results": 0.49543937708565067,
          "ndcg_at_4_final_four": 0.35315119534797357,
          "ndcg10_pred_vs_playoff_final_results": 0.621055984746078,
          "brier_championship_odds": 0.03222232684493065,
          "rank_mae_pred_vs_playoff_final_results": 6.866666793823242,
          "rank_rmse_pred_vs_playoff_final_results": 8.8430757522583,
          "rank_mae_eos_standings_vs_playoff_final_results": 3.7333333333333334,
          "rank_rmse_eos_standings_vs_playoff_final_results": 6.093712606722878
        }
      },
      "test_metrics_model_a": {
        "ndcg": 0.6210567039004041,
        "spearman": 0.4780867630700778,
        "mrr_top2": 1.0,
        "mrr_top4": 1.0,
        "ndcg10": 0.6210567039004041,
        "ndcg_at_4": 0.35315119534797357,
        "ndcg_at_12": 0.6208989302292554,
        "ndcg_at_16": 0.6221854236635097,
        "ndcg_at_20": 0.6228004022682558,
        "roc_auc_upset": 0.665158371040724
      },
      "test_metrics_model_b": {
        "ndcg": 0.5639689662699002,
        "spearman": 0.48565072302558404,
        "mrr_top2": 0.5,
        "mrr_top4": 0.5,
        "ndcg10": 0.5639689662699002,
        "ndcg_at_4": 0.44093212795935904,
        "ndcg_at_12": 0.5638241996200797,
        "ndcg_at_16": 0.5688303934932029,
        "ndcg_at_20": 0.607059797937834,
        "roc_auc_upset": 0.76
      },
      "test_metrics_model_c": {
        "ndcg": 0.333487026575135,
        "spearman": 0.23159065628476083,
        "mrr_top2": 0.16666666666666666,
        "mrr_top4": 0.16666666666666666,
        "ndcg10": 0.333487026575135,
        "ndcg_at_4": 0.0011069724610271625,
        "ndcg_at_12": 0.33890731926775686,
        "ndcg_at_16": 0.35966393831396193,
        "ndcg_at_20": 0.3699999322309346,
        "roc_auc_upset": 0.7633928571428571
      },
      "test_metrics_by_conference": {
        "E": {
          "ndcg": 0.3869402032684001,
          "spearman": 0.2964285714285714
        },
        "W": {
          "ndcg": 0.9624701088126042,
          "spearman": 0.6642857142857141
        }
      },
      "notes": {
        "eos_rank_source": "eos_final_rank"
      }
    },
    "2024-25": {
      "test_metrics_ensemble": {
        "ndcg": 0.49320532186164506,
        "spearman": 0.4896551724137932,
        "mrr_top2": 0.5,
        "mrr_top4": 0.5,
        "ndcg10": 0.49320532186164506,
        "ndcg_at_4": 0.5002400720228743,
        "ndcg_at_12": 0.5373158379977224,
        "ndcg_at_16": 0.5372958759458293,
        "ndcg_at_20": 0.540899631133963,
        "roc_auc_upset": 0.746606334841629,
        "rank_mae_pred_vs_playoff_final_results": 6.733333110809326,
        "rank_rmse_pred_vs_playoff_final_results": 8.744522094726562,
        "rank_mae_eos_standings_vs_playoff_final_results": 3.1333333333333333,
        "rank_rmse_eos_standings_vs_playoff_final_results": 4.449719092257398,
        "playoff_metrics": {
          "spearman_pred_vs_playoff_final_results": 0.5101223581757508,
          "ndcg_at_4_final_four": 0.5002400720228743,
          "ndcg10_pred_vs_playoff_final_results": 0.4931932605368445,
          "brier_championship_odds": 0.03222232684493065,
          "rank_mae_pred_vs_playoff_final_results": 6.733333110809326,
          "rank_rmse_pred_vs_playoff_final_results": 8.744522094726562,
          "rank_mae_eos_standings_vs_playoff_final_results": 3.1333333333333333,
          "rank_rmse_eos_standings_vs_playoff_final_results": 4.449719092257398
        }
      },
      "test_metrics_model_a": {
        "ndcg": 0.49320532186164506,
        "spearman": 0.4896551724137932,
        "mrr_top2": 0.5,
        "mrr_top4": 0.5,
        "ndcg10": 0.49320532186164506,
        "ndcg_at_4": 0.5002400720228743,
        "ndcg_at_12": 0.5373158379977224,
        "ndcg_at_16": 0.5372958759458293,