{
  "notes": {
    "eval_on": "test",
    "eos_rank_source": "eos_final_rank",
    "upset_definition": "sleeper = EOS_global_rank > predicted_strength",
    "mrr_top2": "1/rank of first team in top 2 (champion+runner-up) in predicted order.",
    "mrr_top4": "1/rank of first team in top 4 (conference finals) in predicted order.",
    "per_conference_relevance": "Within E/W: actual rank derived from EOS_global_rank (1=best in conf); NDCG/Spearman use this relevance.",
    "playoff_metrics": "Spearman (pred global vs playoff_final_results), NDCG@4 (final four), Brier (champion vs odds). rank_mae/rank_rmse: pred vs playoff_final_results; eos_standings vs playoff_final_results (baseline)."
  },
  "split_info": {
    "train_frac": 0.75,
    "n_train_dates": 141,
    "n_test_dates": 36,
    "split_mode": "seasons"
  },
  "test_metrics_ensemble": {
    "ndcg": 0.4886095719377369,
    "spearman": 0.5208008898776418,
    "mrr_top2": 0.5,
    "mrr_top4": 0.5,
    "ndcg10": 0.4886095719377369,
    "ndcg_at_4": 0.4747879258974167,
    "ndcg_at_12": 0.5337817016566249,
    "ndcg_at_16": 0.5350044972175723,
    "ndcg_at_20": 0.5373549321968759,
    "roc_auc_upset": 0.7866666666666666,
    "rank_mae_pred_vs_playoff_final_results": 6.666666507720947,
    "rank_rmse_pred_vs_playoff_final_results": 8.473487854003906,
    "rank_mae_eos_standings_vs_playoff_final_results": 3.1333333333333333,
    "rank_rmse_eos_standings_vs_playoff_final_results": 4.449719092257398,
    "playoff_metrics": {
      "spearman_pred_vs_playoff_final_results": 0.5225806451612903,
      "ndcg_at_4_final_four": 0.4747879258974167,
      "ndcg10_pred_vs_playoff_final_results": 0.48859804798068057,
      "brier_championship_odds": 0.03222232684493065,
      "rank_mae_pred_vs_playoff_final_results": 6.666666507720947,
      "rank_rmse_pred_vs_playoff_final_results": 8.473487854003906,
      "rank_mae_eos_standings_vs_playoff_final_results": 3.1333333333333333,
      "rank_rmse_eos_standings_vs_playoff_final_results": 4.449719092257398
    }
  },
  "test_metrics_model_a": {
    "ndcg": 0.48724594096253404,
    "spearman": 0.5145717463848721,
    "mrr_top2": 0.5,
    "mrr_top4": 0.5,
    "ndcg10": 0.48724594096253404,
    "ndcg_at_4": 0.4733834825680338,
    "ndcg_at_12": 0.5324184288625209,
    "ndcg_at_16": 0.5336413289946206,
    "ndcg_at_20": 0.5359542111254092,
    "roc_auc_upset": 0.7866666666666666
  },
  "test_metrics_model_b": {
    "ndcg": 0.16619710541230373,
    "spearman": 0.5479421579532814,
    "mrr_top2": 0.2,
    "mrr_top4": 0.2,
    "ndcg10": 0.16619710541230373,
    "ndcg_at_4": 0.04029517653159447,
    "ndcg_at_12": 0.2100506706916042,
    "ndcg_at_16": 0.23085816473025092,
    "ndcg_at_20": 0.23086254873971238,
    "roc_auc_upset": 0.8144796380090498
  },
  "test_metrics_model_c": {
    "ndcg": 0.05124270050332162,
    "spearman": 0.29521690767519465,
    "mrr_top2": 0.06666666666666667,
    "mrr_top4": 0.2,
    "ndcg10": 0.05124270050332162,
    "ndcg_at_4": 0.00711064040423231,
    "ndcg_at_12": 0.05689188307031086,
    "ndcg_at_16": 0.17780814917405477,
    "ndcg_at_20": 0.18020587045170006,
    "roc_auc_upset": 0.8258928571428571
  },
  "test_metrics_by_conference": {
    "E": {
      "ndcg": 0.34205699325711014,
      "spearman": 0.3
    },
    "W": {
      "ndcg": 0.752538834009314,
      "spearman": 0.682142857142857
    }
  },
  "by_season": {
    "2023-24": {
      "test_metrics_ensemble": {
        "ndcg": 0.5840931903410022,
        "spearman": 0.403781979977753,
        "mrr_top2": 1.0,
        "mrr_top4": 1.0,
        "ndcg10": 0.5840931903410022,
        "ndcg_at_4": 0.35315119534797357,
        "ndcg_at_12": 0.6292449271950528,
        "ndcg_at_16": 0.6304666064299408,
        "ndcg_at_20": 0.631081562239747,
        "roc_auc_upset": 0.7058823529411764,
        "rank_mae_pred_vs_playoff_final_results": 7.4666666984558105,
        "rank_rmse_pred_vs_playoff_final_results": 9.451631546020508,
        "rank_mae_eos_standings_vs_playoff_final_results": 3.7333333333333334,
        "rank_rmse_eos_standings_vs_playoff_final_results": 6.093712606722878,
        "playoff_metrics": {
          "spearman_pred_vs_playoff_final_results": 0.4264738598442714,
          "ndcg_at_4_final_four": 0.35315119534797357,
          "ndcg10_pred_vs_playoff_final_results": 0.5840984396402888,
          "brier_championship_odds": 0.03222232684493065,
          "rank_mae_pred_vs_playoff_final_results": 7.4666666984558105,
          "rank_rmse_pred_vs_playoff_final_results": 9.451631546020508,
          "rank_mae_eos_standings_vs_playoff_final_results": 3.7333333333333334,
          "rank_rmse_eos_standings_vs_playoff_final_results": 6.093712606722878
        }
      },
      "test_metrics_model_a": {
        "ndcg": 0.5837332041708125,
        "spearman": 0.3975528364849833,
        "mrr_top2": 1.0,
        "mrr_top4": 1.0,
        "ndcg10": 0.5837332041708125,
        "ndcg_at_4": 0.35315119534797357,
        "ndcg_at_12": 0.6288850355814143,
        "ndcg_at_16": 0.6301067424221349,
        "ndcg_at_20": 0.6307215539618043,
        "roc_auc_upset": 0.7149321266968326
      },
      "test_metrics_model_b": {
        "ndcg": 0.5619836988258433,
        "spearman": 0.4451612903225806,
        "mrr_top2": 0.5,
        "mrr_top4": 0.5,
        "ndcg10": 0.5619836988258433,
        "ndcg_at_4": 0.4437410146181249,
        "ndcg_at_12": 0.5618608814644868,
        "ndcg_at_16": 0.5618997742996601,
        "ndcg_at_20": 0.6043423246420517,
        "roc_auc_upset": 0.7991071428571428
      },
      "test_metrics_model_c": {
        "ndcg": 0.333487026575135,
        "spearman": 0.24048943270300333,
        "mrr_top2": 0.16666666666666666,
        "mrr_top4": 0.16666666666666666,
        "ndcg10": 0.333487026575135,
        "ndcg_at_4": 0.0011069724610271625,
        "ndcg_at_12": 0.33890731926775686,
        "ndcg_at_16": 0.35966393831396193,
        "ndcg_at_20": 0.37116955007129654,
        "roc_auc_upset": 0.7777777777777778
      },
      "test_metrics_by_conference": {
        "E": {
          "ndcg": 0.4045649080810758,
          "spearman": 0.2071428571428571
        },
        "W": {
          "ndcg": 0.9146080433989652,
          "spearman": 0.5142857142857142
        }
      },
      "notes": {
        "eos_rank_source": "eos_final_rank"
      }
    },
    "2024-25": {
      "test_metrics_ensemble": {
        "ndcg": 0.4886095719377369,
        "spearman": 0.5208008898776418,
        "mrr_top2": 0.5,
        "mrr_top4": 0.5,
        "ndcg10": 0.4886095719377369,
        "ndcg_at_4": 0.4747879258974167,
        "ndcg_at_12": 0.5337817016566249,
        "ndcg_at_16": 0.5350044972175723,
        "ndcg_at_20": 0.5373549321968759,
        "roc_auc_upset": 0.7866666666666666,
        "rank_mae_pred_vs_playoff_final_results": 6.666666507720947,
        "rank_rmse_pred_vs_playoff_final_results": 8.473487854003906,
        "rank_mae_eos_standings_vs_playoff_final_results": 3.1333333333333333,
        "rank_rmse_eos_standings_vs_playoff_final_results": 4.449719092257398,
        "playoff_metrics": {
          "spearman_pred_vs_playoff_final_results": 0.5225806451612903,
          "ndcg_at_4_final_four": 0.4747879258974167,
          "ndcg10_pred_vs_playoff_final_results": 0.48859804798068057,
          "brier_championship_odds": 0.03222232684493065,
          "rank_mae_pred_vs_playoff_final_results": 6.666666507720947,
          "rank_rmse_pred_vs_playoff_final_results": 8.473487854003906,
          "rank_mae_eos_standings_vs_playoff_final_results": 3.1333333333333333,
          "rank_rmse_eos_standings_vs_playoff_final_results": 4.449719092257398
        }
      },
      "test_metrics_model_a": {
        "ndcg": 0.48724594096253404,
        "spearman": 0.5145717463848721,
        "mrr_top2": 0.5,
        "mrr_top4": 0.5,
        "ndcg10": 0.48724594096253404,
        "ndcg_at_4": 0.4733834825680338,
        "ndcg_at_12": 0.5324184288625209,
        "ndcg_at_16": 0.5336413289946206,