{
  "test_metrics_ensemble": {
    "ndcg": 0.4829376615554048,
    "spearman": 0.4220244716351501,
    "mrr_top2": 0.5,
    "mrr_top4": 0.5,
    "ndcg10": 0.4829376615554048,
    "ndcg_at_4": 0.46449490234372454,
    "ndcg_at_12": 0.48281283987031953,
    "ndcg_at_16": 0.5246346890355991,
    "ndcg_at_20": 0.5246370610307157,
    "roc_auc_upset": 0.8088888888888889,
    "rank_mae_pred_vs_playoff_final_results": 7.266666889190674,
    "rank_rmse_pred_vs_playoff_final_results": 9.305912017822266,
    "rank_mae_eos_standings_vs_playoff_final_results": 3.1333333333333333,
    "rank_rmse_eos_standings_vs_playoff_final_results": 4.449719092257398,
    "playoff_metrics": {
      "spearman_pred_vs_playoff_final_results": 0.4131256952169076,
      "ndcg_at_4_final_four": 0.46449490234372454,
      "ndcg10_pred_vs_playoff_final_results": 0.4829270441295482,
      "brier_championship_odds": 0.03222232684493065,
      "rank_mae_pred_vs_playoff_final_results": 7.266666889190674,
      "rank_rmse_pred_vs_playoff_final_results": 9.305912017822266,
      "rank_mae_eos_standings_vs_playoff_final_results": 3.1333333333333333,
      "rank_rmse_eos_standings_vs_playoff_final_results": 4.449719092257398
    }
  },
  "test_metrics_model_a": {
    "ndcg": 0.4829376615554048,
    "spearman": 0.4024471635150167,
    "mrr_top2": 0.5,
    "mrr_top4": 0.5,
    "ndcg10": 0.4829376615554048,
    "ndcg_at_4": 0.46449490234372454,
    "ndcg_at_12": 0.48281283987031953,
    "ndcg_at_16": 0.5233931976561811,
    "ndcg_at_20": 0.5246125100829891,
    "roc_auc_upset": 0.8177777777777777
  },
  "test_metrics_model_b": {
    "ndcg": 0.16619710541230373,
    "spearman": 0.5292547274749722,
    "mrr_top2": 0.2,
    "mrr_top4": 0.2,
    "ndcg10": 0.16619710541230373,
    "ndcg_at_4": 0.04029517653159447,
    "ndcg_at_12": 0.2333963329610238,
    "ndcg_at_16": 0.23343023050158593,
    "ndcg_at_20": 0.2334347053814521,
    "roc_auc_upset": 0.7368421052631579
  },
  "test_metrics_model_c": {
    "ndcg": 0.05139534647930671,
    "spearman": 0.3050055617352614,
    "mrr_top2": 0.06666666666666667,
    "mrr_top4": 0.2,
    "ndcg10": 0.05139534647930671,
    "ndcg_at_4": 0.0072603807417201014,
    "ndcg_at_12": 0.05704448895120833,
    "ndcg_at_16": 0.1779607433491712,
    "ndcg_at_20": 0.18035846395567354,
    "roc_auc_upset": 0.8258928571428571
  },
  "test_metrics_by_conference": {
    "E": {
      "ndcg": 0.2503150181297498,
      "spearman": 0.17857142857142855
    },
    "W": {
      "ndcg": 0.752538834009314,
      "spearman": 0.682142857142857
    }
  },
  "notes": {
    "eos_rank_source": "eos_final_rank"
  }
}