{
  "test_metrics_ensemble": {
    "ndcg": 0.4024631665845313,
    "spearman": 0.40155728587319245,
    "mrr_top2": 1.0,
    "mrr_top4": 1.0,
    "ndcg10": 0.4024631665845313,
    "ndcg_at_4": 0.3560053866302678,
    "ndcg_at_12": 0.5835580000815672,
    "ndcg_at_16": 0.5854380662028507,
    "ndcg_at_20": 0.585435619158009,
    "roc_auc_upset": 0.7455357142857143,
    "rank_mae_pred_vs_playoff_final_results": 7.4666666984558105,
    "rank_rmse_pred_vs_playoff_final_results": 9.46924877166748,
    "rank_mae_eos_standings_vs_playoff_final_results": 3.7333333333333334,
    "rank_rmse_eos_standings_vs_playoff_final_results": 6.093712606722878,
    "playoff_metrics": {
      "spearman_pred_vs_playoff_final_results": 0.4420467185761958,
      "ndcg_at_4_final_four": 0.3560053866302678,
      "ndcg10_pred_vs_playoff_final_results": 0.40246841588381804,
      "brier_championship_odds": 0.03222232684493065,
      "rank_mae_pred_vs_playoff_final_results": 7.4666666984558105,
      "rank_rmse_pred_vs_playoff_final_results": 9.46924877166748,
      "rank_mae_eos_standings_vs_playoff_final_results": 3.7333333333333334,
      "rank_rmse_eos_standings_vs_playoff_final_results": 6.093712606722878
    }
  },
  "test_metrics_model_a": {
    "ndcg": 0.4024631665845313,
    "spearman": 0.3882091212458286,
    "mrr_top2": 1.0,
    "mrr_top4": 1.0,
    "ndcg10": 0.4024631665845313,
    "ndcg_at_4": 0.3560053866302678,
    "ndcg_at_12": 0.5835580000815672,
    "ndcg_at_16": 0.5854380662028507,
    "ndcg_at_20": 0.585435619158009,
    "roc_auc_upset": 0.7149321266968326
  },
  "test_metrics_model_b": {
    "ndcg": 0.5771566331564726,
    "spearman": 0.44783092324805335,
    "mrr_top2": 0.5,
    "mrr_top4": 0.5,
    "ndcg10": 0.5771566331564726,
    "ndcg_at_4": 0.44093212795935904,
    "ndcg_at_12": 0.5770298303632864,
    "ndcg_at_16": 0.6186294246187363,
    "ndcg_at_20": 0.6186314407564827,
    "roc_auc_upset": 0.8035714285714286
  },
  "test_metrics_model_c": {
    "ndcg": 0.333487026575135,
    "spearman": 0.23159065628476083,
    "mrr_top2": 0.16666666666666666,
    "mrr_top4": 0.16666666666666666,
    "ndcg10": 0.333487026575135,
    "ndcg_at_4": 0.0011069724610271625,
    "ndcg_at_12": 0.33890731926775686,
    "ndcg_at_16": 0.35966393831396193,
    "ndcg_at_20": 0.3699999322309346,
    "roc_auc_upset": 0.7633928571428571
  },
  "test_metrics_by_conference": {
    "E": {
      "ndcg": 0.3851402749883562,
      "spearman": 0.2785714285714285
    },
    "W": {
      "ndcg": 0.9180549547420842,
      "spearman": 0.5535714285714285
    }
  },
  "notes": {
    "eos_rank_source": "eos_final_rank"
  }
}