{
  "test_metrics_ensemble": {
    "ndcg": 0.5485685017922983,
    "spearman": 0.4131256952169076,
    "mrr_top2": 1.0,
    "mrr_top4": 1.0,
    "ndcg10": 0.5485685017922983,
    "ndcg_at_4": 0.35315119534797357,
    "ndcg_at_12": 0.5937255519180038,
    "ndcg_at_16": 0.5955693982157446,
    "ndcg_at_20": 0.5955669068981747,
    "roc_auc_upset": 0.7685185185185185,
    "rank_mae_pred_vs_playoff_final_results": 7.733333110809326,
    "rank_rmse_pred_vs_playoff_final_results": 9.377277374267578,
    "rank_mae_eos_standings_vs_playoff_final_results": 3.7333333333333334,
    "rank_rmse_eos_standings_vs_playoff_final_results": 6.093712606722878,
    "playoff_metrics": {
      "spearman_pred_vs_playoff_final_results": 0.4175750834260289,
      "ndcg_at_4_final_four": 0.35315119534797357,
      "ndcg10_pred_vs_playoff_final_results": 0.5485634836960184,
      "brier_championship_odds": 0.03222232684493065,
      "rank_mae_pred_vs_playoff_final_results": 7.733333110809326,
      "rank_rmse_pred_vs_playoff_final_results": 9.377277374267578,
      "rank_mae_eos_standings_vs_playoff_final_results": 3.7333333333333334,
      "rank_rmse_eos_standings_vs_playoff_final_results": 6.093712606722878
    }
  },
  "test_metrics_model_a": {
    "ndcg": 0.5485685017922983,
    "spearman": 0.4153503893214683,
    "mrr_top2": 1.0,
    "mrr_top4": 1.0,
    "ndcg10": 0.5485685017922983,
    "ndcg_at_4": 0.35315119534797357,
    "ndcg_at_12": 0.5937255519180038,
    "ndcg_at_16": 0.5955693982157446,
    "ndcg_at_20": 0.5955669082194421,
    "roc_auc_upset": 0.7685185185185185
  },
  "test_metrics_model_b": {
    "ndcg": 0.5639460618676359,
    "spearman": 0.43492769744160176,
    "mrr_top2": 0.5,
    "mrr_top4": 0.5,
    "ndcg10": 0.5639460618676359,
    "ndcg_at_4": 0.44093212795935904,
    "ndcg_at_12": 0.5638207201089159,
    "ndcg_at_16": 0.5689358143328401,
    "ndcg_at_20": 0.5689384055350822,
    "roc_auc_upset": 0.7991071428571429
  },
  "test_metrics_model_c": {
    "ndcg": 0.33348743391404295,
    "spearman": 0.23337041156840932,
    "mrr_top2": 0.16666666666666666,
    "mrr_top4": 0.16666666666666666,
    "ndcg10": 0.33348743391404295,
    "ndcg_at_4": 0.001111095381373398,
    "ndcg_at_12": 0.3389077264996702,
    "ndcg_at_16": 0.3596643455146382,
    "ndcg_at_20": 0.37000033942981986,
    "roc_auc_upset": 0.7633928571428571
  },
  "test_metrics_by_conference": {
    "E": {
      "ndcg": 0.38369169619137905,
      "spearman": 0.25357142857142856
    },
    "W": {
      "ndcg": 0.9225456510408329,
      "spearman": 0.5678571428571427
    }
  },
  "notes": {
    "eos_rank_source": "eos_final_rank"
  }
}