{
  "notes": {
    "eval_on": "test",
    "eos_rank_source": "eos_final_rank",
    "upset_definition": "sleeper = EOS_global_rank > predicted_strength",
    "mrr_top2": "1/rank of first team in top 2 (champion+runner-up) in predicted order.",
    "mrr_top4": "1/rank of first team in top 4 (conference finals) in predicted order.",
    "per_conference_relevance": "Within E/W: actual rank derived from EOS_global_rank (1=best in conf); NDCG/Spearman use this relevance.",
    "playoff_metrics": "Spearman (pred global vs playoff_final_results), NDCG@4 (final four), Brier (champion vs odds). rank_mae/rank_rmse: pred vs playoff_final_results; eos_standings vs playoff_final_results (baseline)."
  },
  "split_info": {
    "train_frac": 0.75,
    "n_train_dates": 141,
    "n_test_dates": 36,
    "split_mode": "seasons"
  },
  "test_metrics_ensemble": {
    "ndcg": 0.5312297874325247,
    "spearman": 0.4767519466073415,
    "mrr_top2": 0.5,
    "mrr_top4": 0.5,
    "ndcg10": 0.5312297874325247,
    "ndcg_at_4": 0.4645175546554888,
    "ndcg_at_12": 0.5314338023215189,
    "ndcg_at_16": 0.5314152305790625,
    "ndcg_at_20": 0.5355334170919507,
    "roc_auc_upset": 0.7633928571428572,
    "rank_mae_pred_vs_playoff_final_results": 6.933333396911621,
    "rank_rmse_pred_vs_playoff_final_results": 8.854377746582031,
    "rank_mae_eos_standings_vs_playoff_final_results": 3.1333333333333333,
    "rank_rmse_eos_standings_vs_playoff_final_results": 4.449719092257398,
    "playoff_metrics": {
      "spearman_pred_vs_playoff_final_results": 0.49187986651835364,
      "ndcg_at_4_final_four": 0.4645175546554888,
      "ndcg10_pred_vs_playoff_final_results": 0.5312203818374492,
      "brier_championship_odds": 0.03222232684493065,
      "rank_mae_pred_vs_playoff_final_results": 6.933333396911621,
      "rank_rmse_pred_vs_playoff_final_results": 8.854377746582031,
      "rank_mae_eos_standings_vs_playoff_final_results": 3.1333333333333333,
      "rank_rmse_eos_standings_vs_playoff_final_results": 4.449719092257398
    }
  },
  "test_metrics_model_a": {
    "ndcg": 0.5329304647309023,
    "spearman": 0.4780867630700778,
    "mrr_top2": 0.5,
    "mrr_top4": 0.5,
    "ndcg10": 0.5329304647309023,
    "ndcg_at_4": 0.4645175546554888,
    "ndcg_at_12": 0.5331340329077913,
    "ndcg_at_16": 0.5331153307475107,
    "ndcg_at_20": 0.5372335097829821,
    "roc_auc_upset": 0.7633928571428572
  },
  "test_metrics_model_b": {
    "ndcg": 0.20272054033653994,
    "spearman": 0.560845383759733,
    "mrr_top2": 0.14285714285714285,
    "mrr_top4": 0.14285714285714285,
    "ndcg10": 0.20272054033653994,
    "ndcg_at_4": 0.047452952934463374,
    "ndcg_at_12": 0.20267800906697506,
    "ndcg_at_16": 0.22356713287403773,
    "ndcg_at_20": 0.3764738680206864,
    "roc_auc_upset": 0.7991071428571429
  },
  "test_metrics_model_c": {
    "ndcg": 0.05124995751403931,
    "spearman": 0.3076751946607342,
    "mrr_top2": 0.06666666666666667,
    "mrr_top4": 0.2,
    "ndcg10": 0.05124995751403931,
    "ndcg_at_4": 0.00711064040423231,
    "ndcg_at_12": 0.056899138174850025,
    "ndcg_at_16": 0.17781540372208415,
    "ndcg_at_20": 0.18021327193327982,
    "roc_auc_upset": 0.8214285714285714
  },
  "test_metrics_by_conference": {
    "E": {
      "ndcg": 0.25857054067368296,
      "spearman": 0.20357142857142854
    },
    "W": {
      "ndcg": 0.7621882543043447,
      "spearman": 0.7321428571428571
    }
  },
  "by_season": {
    "2023-24": {
      "test_metrics_ensemble": {
        "ndcg": 0.5420026461294316,
        "spearman": 0.3899888765294772,
        "mrr_top2": 1.0,
        "mrr_top4": 1.0,
        "ndcg10": 0.5420026461294316,
        "ndcg_at_4": 0.35315119534797357,
        "ndcg_at_12": 0.587165438787915,
        "ndcg_at_16": 0.5890413234261885,
        "ndcg_at_20": 0.589038825268703,
        "roc_auc_upset": 0.7731481481481481,
        "rank_mae_pred_vs_playoff_final_results": 7.733333110809326,
        "rank_rmse_pred_vs_playoff_final_results": 9.560335159301758,
        "rank_mae_eos_standings_vs_playoff_final_results": 3.7333333333333334,
        "rank_rmse_eos_standings_vs_playoff_final_results": 6.093712606722878,
        "playoff_metrics": {
          "spearman_pred_vs_playoff_final_results": 0.4567296996662959,
          "ndcg_at_4_final_four": 0.35315119534797357,
          "ndcg10_pred_vs_playoff_final_results": 0.5420079523985267,
          "brier_championship_odds": 0.03222232684493065,
          "rank_mae_pred_vs_playoff_final_results": 7.733333110809326,
          "rank_rmse_pred_vs_playoff_final_results": 9.560335159301758,
          "rank_mae_eos_standings_vs_playoff_final_results": 3.7333333333333334,
          "rank_rmse_eos_standings_vs_playoff_final_results": 6.093712606722878
        }
      },
      "test_metrics_model_a": {
        "ndcg": 0.5422348173196525,
        "spearman": 0.39443826473859844,
        "mrr_top2": 1.0,
        "mrr_top4": 1.0,
        "ndcg10": 0.5422348173196525,
        "ndcg_at_4": 0.35315119534797357,
        "ndcg_at_12": 0.5873975489943848,
        "ndcg_at_16": 0.5892734158284213,
        "ndcg_at_20": 0.5892709179714095,
        "roc_auc_upset": 0.8229665071770335
      },
      "test_metrics_model_b": {
        "ndcg": 0.8064668909930417,
        "spearman": 0.3899888765294772,
        "mrr_top2": 1.0,
        "mrr_top4": 1.0,
        "ndcg10": 0.8064668909930417,
        "ndcg_at_4": 0.6907114070725182,
        "ndcg_at_12": 0.8062559007337726,
        "ndcg_at_16": 0.8062950206989304,
        "ndcg_at_20": 0.8481294327552903,
        "roc_auc_upset": 0.8303571428571428
      },
      "test_metrics_model_c": {
        "ndcg": 0.333487026575135,
        "spearman": 0.23159065628476083,
        "mrr_top2": 0.16666666666666666,
        "mrr_top4": 0.16666666666666666,
        "ndcg10": 0.333487026575135,
        "ndcg_at_4": 0.0011069724610271625,
        "ndcg_at_12": 0.33890731926775686,
        "ndcg_at_16": 0.35966393831396193,
        "ndcg_at_20": 0.3699999322309346,
        "roc_auc_upset": 0.7633928571428571
      },
      "test_metrics_by_conference": {
        "E": {
          "ndcg": 0.3963142580564577,
          "spearman": 0.3
        },
        "W": {
          "ndcg": 0.919351326584902,
          "spearman": 0.47142857142857136
        }
      },
      "notes": {
        "eos_rank_source": "eos_final_rank"
      }
    },
    "2024-25": {
      "test_metrics_ensemble": {
        "ndcg": 0.5312297874325247,
        "spearman": 0.4767519466073415,
        "mrr_top2": 0.5,
        "mrr_top4": 0.5,
        "ndcg10": 0.5312297874325247,
        "ndcg_at_4": 0.4645175546554888,
        "ndcg_at_12": 0.5314338023215189,
        "ndcg_at_16": 0.5314152305790625,
        "ndcg_at_20": 0.5355334170919507,
        "roc_auc_upset": 0.7633928571428572,
        "rank_mae_pred_vs_playoff_final_results": 6.933333396911621,
        "rank_rmse_pred_vs_playoff_final_results": 8.854377746582031,
        "rank_mae_eos_standings_vs_playoff_final_results": 3.1333333333333333,
        "rank_rmse_eos_standings_vs_playoff_final_results": 4.449719092257398,
        "playoff_metrics": {
          "spearman_pred_vs_playoff_final_results": 0.49187986651835364,
          "ndcg_at_4_final_four": 0.4645175546554888,
          "ndcg10_pred_vs_playoff_final_results": 0.5312203818374492,
          "brier_championship_odds": 0.03222232684493065,
          "rank_mae_pred_vs_playoff_final_results": 6.933333396911621,
          "rank_rmse_pred_vs_playoff_final_results": 8.854377746582031,
          "rank_mae_eos_standings_vs_playoff_final_results": 3.1333333333333333,
          "rank_rmse_eos_standings_vs_playoff_final_results": 4.449719092257398
        }
      },
      "test_metrics_model_a": {
        "ndcg": 0.5329304647309023,
        "spearman": 0.4780867630700778,
        "mrr_top2": 0.5,
        "mrr_top4": 0.5,
        "ndcg10": 0.5329304647309023,
        "ndcg_at_4": 0.4645175546554888,
        "ndcg_at_12": 0.5331340329077913,