{
  "test_metrics_ensemble": {
    "ndcg": 0.5925747707816731,
    "spearman": 0.41935483870967744,
    "mrr_top2": 1.0,
    "mrr_top4": 1.0,
    "ndcg10": 0.5925747707816731,
    "ndcg_at_4": 0.35315119534797357,
    "ndcg_at_12": 0.5924646978944581,
    "ndcg_at_16": 0.5937233539248638,
    "ndcg_at_20": 0.5943383107466336,
    "roc_auc_upset": 0.7232142857142857,
    "rank_mae_pred_vs_playoff_final_results": 7.266666889190674,
    "rank_rmse_pred_vs_playoff_final_results": 9.32737922668457,
    "rank_mae_eos_standings_vs_playoff_final_results": 3.7333333333333334,
    "rank_rmse_eos_standings_vs_playoff_final_results": 6.093712606722878,
    "playoff_metrics": {
      "spearman_pred_vs_playoff_final_results": 0.4589543937708565,
      "ndcg_at_4_final_four": 0.35315119534797357,
      "ndcg10_pred_vs_playoff_final_results": 0.59258002008096,
      "brier_championship_odds": 0.03222232684493065,
      "rank_mae_pred_vs_playoff_final_results": 7.266666889190674,
      "rank_rmse_pred_vs_playoff_final_results": 9.32737922668457,
      "rank_mae_eos_standings_vs_playoff_final_results": 3.7333333333333334,
      "rank_rmse_eos_standings_vs_playoff_final_results": 6.093712606722878
    }
  },
  "test_metrics_model_a": {
    "ndcg": 0.5925747707816731,
    "spearman": 0.41935483870967744,
    "mrr_top2": 1.0,
    "mrr_top4": 1.0,
    "ndcg10": 0.5925747707816731,
    "ndcg_at_4": 0.35315119534797357,
    "ndcg_at_12": 0.5924646978944581,
    "ndcg_at_16": 0.5937233539248638,
    "ndcg_at_20": 0.5943383107466336,
    "roc_auc_upset": 0.7232142857142857
  },
  "test_metrics_model_b": {
    "ndcg": 0.8063721939044944,
    "spearman": 0.3592880978865406,
    "mrr_top2": 1.0,
    "mrr_top4": 1.0,
    "ndcg10": 0.8063721939044944,
    "ndcg_at_4": 0.7116242168324007,
    "ndcg_at_12": 0.806268220265786,
    "ndcg_at_16": 0.8062097666272378,
    "ndcg_at_20": 0.8108278002549919,
    "roc_auc_upset": 0.808888888888889
  },
  "test_metrics_model_c": {
    "ndcg": 0.33348743391404295,
    "spearman": 0.23337041156840932,
    "mrr_top2": 0.16666666666666666,
    "mrr_top4": 0.16666666666666666,
    "ndcg10": 0.33348743391404295,
    "ndcg_at_4": 0.001111095381373398,
    "ndcg_at_12": 0.3389077264996702,
    "ndcg_at_16": 0.3596643455146382,
    "ndcg_at_20": 0.37000033942981986,
    "roc_auc_upset": 0.7633928571428571
  },
  "test_metrics_by_conference": {
    "E": {
      "ndcg": 0.3851402749883562,
      "spearman": 0.2785714285714285
    },
    "W": {
      "ndcg": 0.9449572706704487,
      "spearman": 0.5499999999999999
    }
  },
  "notes": {
    "eos_rank_source": "eos_final_rank"
  }
}