{
  "test_metrics_ensemble": {
    "ndcg": 0.49833309196953407,
    "spearman": 0.5132369299221357,
    "mrr_top2": 0.5,
    "mrr_top4": 0.5,
    "ndcg10": 0.49833309196953407,
    "ndcg_at_4": 0.5058932736350814,
    "ndcg_at_12": 0.5435026676388632,
    "ndcg_at_16": 0.5447246917087814,
    "ndcg_at_20": 0.547037525092488,
    "roc_auc_upset": 0.7777777777777778,
    "rank_mae_pred_vs_playoff_final_results": 6.400000095367432,
    "rank_rmse_pred_vs_playoff_final_results": 8.540102005004883,
    "rank_mae_eos_standings_vs_playoff_final_results": 3.1333333333333333,
    "rank_rmse_eos_standings_vs_playoff_final_results": 4.449719092257398,
    "playoff_metrics": {
      "spearman_pred_vs_playoff_final_results": 0.4901001112347052,
      "ndcg_at_4_final_four": 0.5058800802899736,
      "ndcg10_pred_vs_playoff_final_results": 0.4983202613225451,
      "brier_championship_odds": 0.03222232684493065,
      "rank_mae_pred_vs_playoff_final_results": 6.400000095367432,
      "rank_rmse_pred_vs_playoff_final_results": 8.540102005004883,
      "rank_mae_eos_standings_vs_playoff_final_results": 3.1333333333333333,
      "rank_rmse_eos_standings_vs_playoff_final_results": 4.449719092257398
    }
  },
  "test_metrics_model_a": {
    "ndcg": 0.49804457005063907,
    "spearman": 0.5007786429365962,
    "mrr_top2": 0.5,
    "mrr_top4": 0.5,
    "ndcg10": 0.49804457005063907,
    "ndcg_at_4": 0.5058932736350814,
    "ndcg_at_12": 0.5432142215052063,
    "ndcg_at_16": 0.5431947763212448,
    "ndcg_at_20": 0.5467245514051955,
    "roc_auc_upset": 0.7866666666666666
  },
  "test_metrics_model_b": {
    "ndcg": 0.22684841108198367,
    "spearman": 0.6044493882091213,
    "mrr_top2": 0.25,
    "mrr_top4": 0.25,
    "ndcg10": 0.22684841108198367,
    "ndcg_at_4": 0.16775742802418675,
    "ndcg_at_12": 0.22679988725577524,
    "ndcg_at_16": 0.4173682821832554,
    "ndcg_at_20": 0.417367333176206,
    "roc_auc_upset": 0.7544642857142857
  },
  "test_metrics_model_c": {
    "ndcg": 0.05139534647930671,
    "spearman": 0.3125695216907675,
    "mrr_top2": 0.07142857142857142,
    "mrr_top4": 0.2,
    "ndcg10": 0.05139534647930671,
    "ndcg_at_4": 0.0072603807417201014,
    "ndcg_at_12": 0.05704448895120833,
    "ndcg_at_16": 0.17989573678693135,
    "ndcg_at_20": 0.18229344888290439,
    "roc_auc_upset": 0.8214285714285714
  },
  "test_metrics_by_conference": {
    "E": {
      "ndcg": 0.24095566361910986,
      "spearman": 0.1928571428571428
    },
    "W": {
      "ndcg": 0.7743192083433101,
      "spearman": 0.7249999999999999
    }
  },
  "notes": {
    "eos_rank_source": "eos_final_rank"
  }
}