{
  "notes": {
    "eval_on": "test",
    "eos_rank_source": "eos_final_rank",
    "upset_definition": "sleeper = EOS_global_rank > predicted_strength",
    "mrr_top2": "1/rank of first team in top 2 (champion+runner-up) in predicted order.",
    "mrr_top4": "1/rank of first team in top 4 (conference finals) in predicted order.",
    "per_conference_relevance": "Within E/W: actual rank derived from EOS_global_rank (1=best in conf); NDCG/Spearman use this relevance.",
    "playoff_metrics": "Spearman (pred global vs playoff_final_results), NDCG@4 (final four), Brier (champion vs odds). rank_mae/rank_rmse: pred vs playoff_final_results; eos_standings vs playoff_final_results (baseline)."
  },
  "split_info": {
    "train_frac": 0.75,
    "n_train_dates": 141,
    "n_test_dates": 36,
    "split_mode": "seasons"
  },
  "test_metrics_ensemble": {
    "ndcg": 0.48345856410008253,
    "spearman": 0.4211345939933259,
    "mrr_top2": 0.5,
    "mrr_top4": 0.5,
    "ndcg10": 0.48345856410008253,
    "ndcg_at_4": 0.46423103544156546,
    "ndcg_at_12": 0.48333228721821325,
    "ndcg_at_16": 0.526270593815645,
    "ndcg_at_20": 0.5274238997637485,
    "roc_auc_upset": 0.7321428571428572,
    "rank_mae_pred_vs_playoff_final_results": 7.599999904632568,
    "rank_rmse_pred_vs_playoff_final_results": 9.31307315826416,
    "rank_mae_eos_standings_vs_playoff_final_results": 3.1333333333333333,
    "rank_rmse_eos_standings_vs_playoff_final_results": 4.449719092257398,
    "playoff_metrics": {
      "spearman_pred_vs_playoff_final_results": 0.4487208008898776,
      "ndcg_at_4_final_four": 0.46421784209645756,
      "ndcg10_pred_vs_playoff_final_results": 0.48344467941087127,
      "brier_championship_odds": 0.03222232684493065,
      "rank_mae_pred_vs_playoff_final_results": 7.599999904632568,
      "rank_rmse_pred_vs_playoff_final_results": 9.31307315826416,
      "rank_mae_eos_standings_vs_playoff_final_results": 3.1333333333333333,
      "rank_rmse_eos_standings_vs_playoff_final_results": 4.449719092257398
    }
  },
  "test_metrics_model_a": {
    "ndcg": 0.48345856410008253,
    "spearman": 0.4211345939933259,
    "mrr_top2": 0.5,
    "mrr_top4": 0.5,
    "ndcg10": 0.48345856410008253,
    "ndcg_at_4": 0.46423103544156546,
    "ndcg_at_12": 0.48333228721821325,
    "ndcg_at_16": 0.526270593815645,
    "ndcg_at_20": 0.5274238997637485,
    "roc_auc_upset": 0.7321428571428572
  },
  "test_metrics_model_b": {
    "ndcg": 0.38879705507120466,
    "spearman": 0.6195773081201335,
    "mrr_top2": 0.2,
    "mrr_top4": 0.2,
    "ndcg10": 0.38879705507120466,
    "ndcg_at_4": 0.047452952934463374,
    "ndcg_at_12": 0.43262532921608393,
    "ndcg_at_16": 0.4545674513268405,
    "ndcg_at_20": 0.4545724132141945,
    "roc_auc_upset": 0.7058823529411765
  },
  "test_metrics_model_c": {
    "ndcg": 0.05711942387129425,
    "spearman": 0.3263626251390434,
    "mrr_top2": 0.07142857142857142,
    "mrr_top4": 0.2,
    "ndcg10": 0.05711942387129425,
    "ndcg_at_4": 0.00711064040423231,
    "ndcg_at_12": 0.057104609154267565,
    "ndcg_at_16": 0.17995585237841255,
    "ndcg_at_20": 0.1823535642099839,
    "roc_auc_upset": 0.8125
  },
  "test_metrics_by_conference": {
    "E": {
      "ndcg": 0.24661687954560116,
      "spearman": 0.2607142857142857
    },
    "W": {
      "ndcg": 0.7258597620414731,
      "spearman": 0.557142857142857
    }
  },
  "by_season": {
    "2023-24": {
      "test_metrics_ensemble": {
        "ndcg": 0.5582020878505326,
        "spearman": 0.25339265850945497,
        "mrr_top2": 1.0,
        "mrr_top4": 1.0,
        "ndcg10": 0.5582020878505326,
        "ndcg_at_4": 0.35315119534797357,
        "ndcg_at_12": 0.6033606254473877,
        "ndcg_at_16": 0.6033180222927236,
        "ndcg_at_20": 0.6033156702352561,
        "roc_auc_upset": 0.8169642857142857,
        "rank_mae_pred_vs_playoff_final_results": 8.333333015441895,
        "rank_rmse_pred_vs_playoff_final_results": 10.576704025268555,
        "rank_mae_eos_standings_vs_playoff_final_results": 3.7333333333333334,
        "rank_rmse_eos_standings_vs_playoff_final_results": 6.093712606722878,
        "playoff_metrics": {
          "spearman_pred_vs_playoff_final_results": 0.3196885428253615,
          "ndcg_at_4_final_four": 0.35315119534797357,
          "ndcg10_pred_vs_playoff_final_results": 0.5582079776207863,
          "brier_championship_odds": 0.03222232684493065,
          "rank_mae_pred_vs_playoff_final_results": 8.333333015441895,
          "rank_rmse_pred_vs_playoff_final_results": 10.576704025268555,
          "rank_mae_eos_standings_vs_playoff_final_results": 3.7333333333333334,
          "rank_rmse_eos_standings_vs_playoff_final_results": 6.093712606722878
        }
      },
      "test_metrics_model_a": {
        "ndcg": 0.5582020878505326,
        "spearman": 0.25339265850945497,
        "mrr_top2": 1.0,
        "mrr_top4": 1.0,
        "ndcg10": 0.5582020878505326,
        "ndcg_at_4": 0.35315119534797357,
        "ndcg_at_12": 0.6033606254473877,
        "ndcg_at_16": 0.6033180222927236,
        "ndcg_at_20": 0.6033156702352561,
        "roc_auc_upset": 0.8169642857142857
      },
      "test_metrics_model_b": {
        "ndcg": 0.7075835618156144,
        "spearman": 0.3575083426028921,
        "mrr_top2": 1.0,
        "mrr_top4": 1.0,
        "ndcg10": 0.7075835618156144,
        "ndcg_at_4": 0.7261751187226982,
        "ndcg_at_12": 0.798018735492861,
        "ndcg_at_16": 0.8030328592573652,
        "ndcg_at_20": 0.8406810772608168,
        "roc_auc_upset": 0.8125
      },
      "test_metrics_model_c": {
        "ndcg": 0.3335099094849099,
        "spearman": 0.23470522803114574,
        "mrr_top2": 0.16666666666666666,
        "mrr_top4": 0.16666666666666666,
        "ndcg10": 0.3335099094849099,
        "ndcg_at_4": 0.0011069724610271625,
        "ndcg_at_12": 0.3334230198971147,
        "ndcg_at_16": 0.3595107229202198,
        "ndcg_at_20": 0.3709916765311029,
        "roc_auc_upset": 0.7822222222222222
      },
      "test_metrics_by_conference": {
        "E": {
          "ndcg": 0.34599033342505914,
          "spearman": 0.024999999999999998
        },
        "W": {
          "ndcg": 0.9134414339347299,
          "spearman": 0.42142857142857143
        }
      },
      "notes": {
        "eos_rank_source": "eos_final_rank"
      }
    },
    "2024-25": {
      "test_metrics_ensemble": {
        "ndcg": 0.48345856410008253,
        "spearman": 0.4211345939933259,
        "mrr_top2": 0.5,
        "mrr_top4": 0.5,
        "ndcg10": 0.48345856410008253,
        "ndcg_at_4": 0.46423103544156546,
        "ndcg_at_12": 0.48333228721821325,
        "ndcg_at_16": 0.526270593815645,
        "ndcg_at_20": 0.5274238997637485,
        "roc_auc_upset": 0.7321428571428572,
        "rank_mae_pred_vs_playoff_final_results": 7.599999904632568,
        "rank_rmse_pred_vs_playoff_final_results": 9.31307315826416,
        "rank_mae_eos_standings_vs_playoff_final_results": 3.1333333333333333,
        "rank_rmse_eos_standings_vs_playoff_final_results": 4.449719092257398,
        "playoff_metrics": {
          "spearman_pred_vs_playoff_final_results": 0.4487208008898776,
          "ndcg_at_4_final_four": 0.46421784209645756,
          "ndcg10_pred_vs_playoff_final_results": 0.48344467941087127,
          "brier_championship_odds": 0.03222232684493065,
          "rank_mae_pred_vs_playoff_final_results": 7.599999904632568,
          "rank_rmse_pred_vs_playoff_final_results": 9.31307315826416,
          "rank_mae_eos_standings_vs_playoff_final_results": 3.1333333333333333,
          "rank_rmse_eos_standings_vs_playoff_final_results": 4.449719092257398
        }
      },
      "test_metrics_model_a": {
        "ndcg": 0.48345856410008253,
        "spearman": 0.4211345939933259,
        "mrr_top2": 0.5,
        "mrr_top4": 0.5,
        "ndcg10": 0.48345856410008253,
        "ndcg_at_4": 0.46423103544156546,
        "ndcg_at_12": 0.48333228721821325,
        "ndcg_at_16": 0.526270593815645,