{
  "test_metrics_ensemble": {
    "ndcg": 0.5296722685335716,
    "spearman": 0.5056729699666296,
    "mrr_top2": 0.5,
    "mrr_top4": 0.5,
    "ndcg10": 0.5296722685335716,
    "ndcg_at_4": 0.4643519436832566,
    "ndcg_at_12": 0.5298877150352979,
    "ndcg_at_16": 0.5311107834532639,
    "ndcg_at_20": 0.533502143288299,
    "roc_auc_upset": 0.75,
    "rank_mae_pred_vs_playoff_final_results": 6.733333110809326,
    "rank_rmse_pred_vs_playoff_final_results": 8.606199264526367,
    "rank_mae_eos_standings_vs_playoff_final_results": 3.1333333333333333,
    "rank_rmse_eos_standings_vs_playoff_final_results": 4.449719092257398,
    "playoff_metrics": {
      "spearman_pred_vs_playoff_final_results": 0.5127919911012235,
      "ndcg_at_4_final_four": 0.46433662668392073,
      "ndcg10_pred_vs_playoff_final_results": 0.5296573783114408,
      "brier_championship_odds": 0.03222232684493065,
      "rank_mae_pred_vs_playoff_final_results": 6.733333110809326,
      "rank_rmse_pred_vs_playoff_final_results": 8.606199264526367,
      "rank_mae_eos_standings_vs_playoff_final_results": 3.1333333333333333,
      "rank_rmse_eos_standings_vs_playoff_final_results": 4.449719092257398
    }
  },
  "test_metrics_model_a": {
    "ndcg": 0.5296722685335716,
    "spearman": 0.4972191323692992,
    "mrr_top2": 0.5,
    "mrr_top4": 0.5,
    "ndcg10": 0.5296722685335716,
    "ndcg_at_4": 0.4643519436832566,
    "ndcg_at_12": 0.5298877150352979,
    "ndcg_at_16": 0.5311107834532639,
    "ndcg_at_20": 0.5334612355579824,
    "roc_auc_upset": 0.7544642857142857
  },
  "test_metrics_model_b": {
    "ndcg": 0.16752637595189138,
    "spearman": 0.5692992213570635,
    "mrr_top2": 0.2,
    "mrr_top4": 0.2,
    "ndcg10": 0.16752637595189138,
    "ndcg_at_4": 0.04166423104576856,
    "ndcg_at_12": 0.21137959207545157,
    "ndcg_at_16": 0.2321869841325991,
    "ndcg_at_20": 0.3850942706638464,
    "roc_auc_upset": 0.7963800904977375
  },
  "test_metrics_model_c": {
    "ndcg": 0.05124995751403931,
    "spearman": 0.307230255839822,
    "mrr_top2": 0.0625,
    "mrr_top4": 0.2,
    "ndcg10": 0.05124995751403931,
    "ndcg_at_4": 0.00711064040423231,
    "ndcg_at_12": 0.056899138174850025,
    "ndcg_at_16": 0.1769467286075223,
    "ndcg_at_20": 0.17934460063934335,
    "roc_auc_upset": 0.8214285714285714
  },
  "test_metrics_by_conference": {
    "E": {
      "ndcg": 0.26433766589573604,
      "spearman": 0.2964285714285714
    },
    "W": {
      "ndcg": 0.7524991469189859,
      "spearman": 0.6642857142857141
    }
  },
  "notes": {
    "eos_rank_source": "eos_final_rank"
  }
}