{
  "notes": {
    "eval_on": "test",
    "eos_rank_source": "eos_final_rank",
    "upset_definition": "sleeper = EOS_global_rank > predicted_strength",
    "mrr_top2": "1/rank of first team in top 2 (champion+runner-up) in predicted order.",
    "mrr_top4": "1/rank of first team in top 4 (conference finals) in predicted order.",
    "per_conference_relevance": "Within E/W: actual rank derived from EOS_global_rank (1=best in conf); NDCG/Spearman use this relevance.",
    "playoff_metrics": "Spearman (pred global vs playoff_final_results), NDCG@4 (final four), Brier (champion vs odds). rank_mae/rank_rmse: pred vs playoff_final_results; eos_standings vs playoff_final_results (baseline)."
  },
  "split_info": {
    "train_frac": 0.75,
    "n_train_dates": 141,
    "n_test_dates": 36,
    "split_mode": "seasons"
  },
  "test_metrics_ensemble": {
    "ndcg": 0.5296722685335716,
    "spearman": 0.5056729699666296,
    "mrr_top2": 0.5,
    "mrr_top4": 0.5,
    "ndcg10": 0.5296722685335716,
    "ndcg_at_4": 0.4643519436832566,
    "ndcg_at_12": 0.5298877150352979,
    "ndcg_at_16": 0.5311107834532639,
    "ndcg_at_20": 0.533502143288299,
    "roc_auc_upset": 0.75,
    "rank_mae_pred_vs_playoff_final_results": 6.733333110809326,
    "rank_rmse_pred_vs_playoff_final_results": 8.606199264526367,
    "rank_mae_eos_standings_vs_playoff_final_results": 3.1333333333333333,
    "rank_rmse_eos_standings_vs_playoff_final_results": 4.449719092257398,
    "playoff_metrics": {
      "spearman_pred_vs_playoff_final_results": 0.5127919911012235,
      "ndcg_at_4_final_four": 0.46433662668392073,
      "ndcg10_pred_vs_playoff_final_results": 0.5296573783114408,
      "brier_championship_odds": 0.03222232684493065,
      "rank_mae_pred_vs_playoff_final_results": 6.733333110809326,
      "rank_rmse_pred_vs_playoff_final_results": 8.606199264526367,
      "rank_mae_eos_standings_vs_playoff_final_results": 3.1333333333333333,
      "rank_rmse_eos_standings_vs_playoff_final_results": 4.449719092257398
    }
  },
  "test_metrics_model_a": {
    "ndcg": 0.5296722685335716,
    "spearman": 0.4972191323692992,
    "mrr_top2": 0.5,
    "mrr_top4": 0.5,
    "ndcg10": 0.5296722685335716,
    "ndcg_at_4": 0.4643519436832566,
    "ndcg_at_12": 0.5298877150352979,
    "ndcg_at_16": 0.5311107834532639,
    "ndcg_at_20": 0.5334612355579824,
    "roc_auc_upset": 0.7544642857142857
  },
  "test_metrics_model_b": {
    "ndcg": 0.16752637595189138,
    "spearman": 0.5692992213570635,
    "mrr_top2": 0.2,
    "mrr_top4": 0.2,
    "ndcg10": 0.16752637595189138,
    "ndcg_at_4": 0.04166423104576856,
    "ndcg_at_12": 0.21137959207545157,
    "ndcg_at_16": 0.2321869841325991,
    "ndcg_at_20": 0.3850942706638464,
    "roc_auc_upset": 0.7963800904977375
  },
  "test_metrics_model_c": {
    "ndcg": 0.05124995751403931,
    "spearman": 0.307230255839822,
    "mrr_top2": 0.0625,
    "mrr_top4": 0.2,
    "ndcg10": 0.05124995751403931,
    "ndcg_at_4": 0.00711064040423231,
    "ndcg_at_12": 0.056899138174850025,
    "ndcg_at_16": 0.1769467286075223,
    "ndcg_at_20": 0.17934460063934335,
    "roc_auc_upset": 0.8214285714285714
  },
  "test_metrics_by_conference": {
    "E": {
      "ndcg": 0.26433766589573604,
      "spearman": 0.2964285714285714
    },
    "W": {
      "ndcg": 0.7524991469189859,
      "spearman": 0.6642857142857141
    }
  },
  "by_season": {
    "2023-24": {
      "test_metrics_ensemble": {
        "ndcg": 0.5943313116862444,
        "spearman": 0.4131256952169076,
        "mrr_top2": 1.0,
        "mrr_top4": 1.0,
        "ndcg10": 0.5943313116862444,
        "ndcg_at_4": 0.33513898093933947,
        "ndcg_at_12": 0.5941765400004213,
        "ndcg_at_16": 0.5954350647223301,
        "ndcg_at_20": 0.596050014015617,
        "roc_auc_upset": 0.6888888888888889,
        "rank_mae_pred_vs_playoff_final_results": 7.4666666984558105,
        "rank_rmse_pred_vs_playoff_final_results": 9.377277374267578,
        "rank_mae_eos_standings_vs_playoff_final_results": 3.7333333333333334,
        "rank_rmse_eos_standings_vs_playoff_final_results": 6.093712606722878,
        "playoff_metrics": {
          "spearman_pred_vs_playoff_final_results": 0.4496106785317019,
          "ndcg_at_4_final_four": 0.33513815635527017,
          "ndcg10_pred_vs_playoff_final_results": 0.5943305110641367,
          "brier_championship_odds": 0.03222232684493065,
          "rank_mae_pred_vs_playoff_final_results": 7.4666666984558105,
          "rank_rmse_pred_vs_playoff_final_results": 9.377277374267578,
          "rank_mae_eos_standings_vs_playoff_final_results": 3.7333333333333334,
          "rank_rmse_eos_standings_vs_playoff_final_results": 6.093712606722878
        }
      },
      "test_metrics_model_a": {
        "ndcg": 0.5943313116862444,
        "spearman": 0.4068965517241379,
        "mrr_top2": 1.0,
        "mrr_top4": 1.0,
        "ndcg10": 0.5943313116862444,
        "ndcg_at_4": 0.33513898093933947,
        "ndcg_at_12": 0.5941765400004213,
        "ndcg_at_16": 0.5954350647223301,
        "ndcg_at_20": 0.5960409883596014,
        "roc_auc_upset": 0.6933333333333334
      },
      "test_metrics_model_b": {
        "ndcg": 0.5666733238180416,
        "spearman": 0.4211345939933259,
        "mrr_top2": 0.5,
        "mrr_top4": 0.5,
        "ndcg10": 0.5666733238180416,
        "ndcg_at_4": 0.4437410146181249,
        "ndcg_at_12": 0.566527846822258,
        "ndcg_at_16": 0.6071017923437454,
        "ndcg_at_20": 0.6117985359213575,
        "roc_auc_upset": 0.7822222222222222
      },
      "test_metrics_model_c": {
        "ndcg": 0.333487026575135,
        "spearman": 0.23159065628476083,
        "mrr_top2": 0.16666666666666666,
        "mrr_top4": 0.16666666666666666,
        "ndcg10": 0.333487026575135,
        "ndcg_at_4": 0.0011069724610271625,
        "ndcg_at_12": 0.33890731926775686,
        "ndcg_at_16": 0.35966393831396193,
        "ndcg_at_20": 0.3699999322309346,
        "roc_auc_upset": 0.7633928571428571
      },
      "test_metrics_by_conference": {
        "E": {
          "ndcg": 0.3851402749883562,
          "spearman": 0.27499999999999997
        },
        "W": {
          "ndcg": 0.9322282740664924,
          "spearman": 0.5714285714285713
        }
      },
      "notes": {
        "eos_rank_source": "eos_final_rank"
      }
    },
    "2024-25": {
      "test_metrics_ensemble": {
        "ndcg": 0.5296722685335716,
        "spearman": 0.5056729699666296,
        "mrr_top2": 0.5,
        "mrr_top4": 0.5,
        "ndcg10": 0.5296722685335716,
        "ndcg_at_4": 0.4643519436832566,
        "ndcg_at_12": 0.5298877150352979,
        "ndcg_at_16": 0.5311107834532639,
        "ndcg_at_20": 0.533502143288299,
        "roc_auc_upset": 0.75,
        "rank_mae_pred_vs_playoff_final_results": 6.733333110809326,
        "rank_rmse_pred_vs_playoff_final_results": 8.606199264526367,
        "rank_mae_eos_standings_vs_playoff_final_results": 3.1333333333333333,
        "rank_rmse_eos_standings_vs_playoff_final_results": 4.449719092257398,
        "playoff_metrics": {
          "spearman_pred_vs_playoff_final_results": 0.5127919911012235,
          "ndcg_at_4_final_four": 0.46433662668392073,
          "ndcg10_pred_vs_playoff_final_results": 0.5296573783114408,
          "brier_championship_odds": 0.03222232684493065,
          "rank_mae_pred_vs_playoff_final_results": 6.733333110809326,
          "rank_rmse_pred_vs_playoff_final_results": 8.606199264526367,
          "rank_mae_eos_standings_vs_playoff_final_results": 3.1333333333333333,
          "rank_rmse_eos_standings_vs_playoff_final_results": 4.449719092257398
        }
      },
      "test_metrics_model_a": {
        "ndcg": 0.5296722685335716,
        "spearman": 0.4972191323692992,
        "mrr_top2": 0.5,
        "mrr_top4": 0.5,
        "ndcg10": 0.5296722685335716,
        "ndcg_at_4": 0.4643519436832566,
        "ndcg_at_12": 0.5298877150352979,
        "ndcg_at_16": 0.5311107834532639,
        "ndcg_at_20": 0.5334612355579824,