{
  "test_metrics_ensemble": {
    "ndcg": 0.5943313116862444,
    "spearman": 0.4131256952169076,
    "mrr_top2": 1.0,
    "mrr_top4": 1.0,
    "ndcg10": 0.5943313116862444,
    "ndcg_at_4": 0.33513898093933947,
    "ndcg_at_12": 0.5941765400004213,
    "ndcg_at_16": 0.5954350647223301,
    "ndcg_at_20": 0.596050014015617,
    "roc_auc_upset": 0.6888888888888889,
    "rank_mae_pred_vs_playoff_final_results": 7.4666666984558105,
    "rank_rmse_pred_vs_playoff_final_results": 9.377277374267578,
    "rank_mae_eos_standings_vs_playoff_final_results": 3.7333333333333334,
    "rank_rmse_eos_standings_vs_playoff_final_results": 6.093712606722878,
    "playoff_metrics": {
      "spearman_pred_vs_playoff_final_results": 0.4496106785317019,
      "ndcg_at_4_final_four": 0.33513815635527017,
      "ndcg10_pred_vs_playoff_final_results": 0.5943305110641367,
      "brier_championship_odds": 0.03222232684493065,
      "rank_mae_pred_vs_playoff_final_results": 7.4666666984558105,
      "rank_rmse_pred_vs_playoff_final_results": 9.377277374267578,
      "rank_mae_eos_standings_vs_playoff_final_results": 3.7333333333333334,
      "rank_rmse_eos_standings_vs_playoff_final_results": 6.093712606722878
    }
  },
  "test_metrics_model_a": {
    "ndcg": 0.5943313116862444,
    "spearman": 0.4068965517241379,
    "mrr_top2": 1.0,
    "mrr_top4": 1.0,
    "ndcg10": 0.5943313116862444,
    "ndcg_at_4": 0.33513898093933947,
    "ndcg_at_12": 0.5941765400004213,
    "ndcg_at_16": 0.5954350647223301,
    "ndcg_at_20": 0.5960409883596014,
    "roc_auc_upset": 0.6933333333333334
  },
  "test_metrics_model_b": {
    "ndcg": 0.5666733238180416,
    "spearman": 0.4211345939933259,
    "mrr_top2": 0.5,
    "mrr_top4": 0.5,
    "ndcg10": 0.5666733238180416,
    "ndcg_at_4": 0.4437410146181249,
    "ndcg_at_12": 0.566527846822258,
    "ndcg_at_16": 0.6071017923437454,
    "ndcg_at_20": 0.6117985359213575,
    "roc_auc_upset": 0.7822222222222222
  },
  "test_metrics_model_c": {
    "ndcg": 0.333487026575135,
    "spearman": 0.23159065628476083,
    "mrr_top2": 0.16666666666666666,
    "mrr_top4": 0.16666666666666666,
    "ndcg10": 0.333487026575135,
    "ndcg_at_4": 0.0011069724610271625,
    "ndcg_at_12": 0.33890731926775686,
    "ndcg_at_16": 0.35966393831396193,
    "ndcg_at_20": 0.3699999322309346,
    "roc_auc_upset": 0.7633928571428571
  },
  "test_metrics_by_conference": {
    "E": {
      "ndcg": 0.3851402749883562,
      "spearman": 0.27499999999999997
    },
    "W": {
      "ndcg": 0.9322282740664924,
      "spearman": 0.5714285714285713
    }
  },
  "notes": {
    "eos_rank_source": "eos_final_rank"
  }
}