{
  "notes": {
    "eval_on": "test",
    "eos_rank_source": "eos_final_rank",
    "upset_definition": "sleeper = EOS_global_rank > predicted_strength",
    "mrr_top2": "1/rank of first team in top 2 (champion+runner-up) in predicted order.",
    "mrr_top4": "1/rank of first team in top 4 (conference finals) in predicted order.",
    "per_conference_relevance": "Within E/W: actual rank derived from EOS_global_rank (1=best in conf); NDCG/Spearman use this relevance.",
    "playoff_metrics": "Spearman (pred global vs playoff_final_results), NDCG@4 (final four), Brier (champion vs odds). rank_mae/rank_rmse: pred vs playoff_final_results; eos_standings vs playoff_final_results (baseline)."
  },
  "split_info": {
    "train_frac": 0.75,
    "n_train_dates": 141,
    "n_test_dates": 36,
    "split_mode": "seasons"
  },
  "test_metrics_ensemble": {
    "ndcg": 0.48343725352288713,
    "spearman": 0.4874304783092325,
    "mrr_top2": 0.5,
    "mrr_top4": 0.5,
    "ndcg10": 0.48343725352288713,
    "ndcg_at_4": 0.4644132116806,
    "ndcg_at_12": 0.5272185497500005,
    "ndcg_at_16": 0.5275042830984121,
    "ndcg_at_20": 0.5310671818853085,
    "roc_auc_upset": 0.7812500000000001,
    "rank_mae_pred_vs_playoff_final_results": 7.199999809265137,
    "rank_rmse_pred_vs_playoff_final_results": 8.763561248779297,
    "rank_mae_eos_standings_vs_playoff_final_results": 3.1333333333333333,
    "rank_rmse_eos_standings_vs_playoff_final_results": 4.449719092257398,
    "playoff_metrics": {
      "spearman_pred_vs_playoff_final_results": 0.4874304783092325,
      "ndcg_at_4_final_four": 0.4644132116806,
      "ndcg10_pred_vs_playoff_final_results": 0.48342519219808655,
      "brier_championship_odds": 0.03222232684493065,
      "rank_mae_pred_vs_playoff_final_results": 7.199999809265137,
      "rank_rmse_pred_vs_playoff_final_results": 8.763561248779297,
      "rank_mae_eos_standings_vs_playoff_final_results": 3.1333333333333333,
      "rank_rmse_eos_standings_vs_playoff_final_results": 4.449719092257398
    }
  },
  "test_metrics_model_a": {
    "ndcg": 0.48343725352288713,
    "spearman": 0.4874304783092325,
    "mrr_top2": 0.5,
    "mrr_top4": 0.5,
    "ndcg10": 0.48343725352288713,
    "ndcg_at_4": 0.4644132116806,
    "ndcg_at_12": 0.5272185497500005,
    "ndcg_at_16": 0.5275042830984121,
    "ndcg_at_20": 0.5310671818853085,
    "roc_auc_upset": 0.7812500000000001
  },
  "test_metrics_model_b": {
    "ndcg": 0.15628358991404445,
    "spearman": 0.5728587319243604,
    "mrr_top2": 0.16666666666666666,
    "mrr_top4": 0.16666666666666666,
    "ndcg10": 0.15628358991404445,
    "ndcg_at_4": 0.04029517653159447,
    "ndcg_at_12": 0.2234854214178961,
    "ndcg_at_16": 0.2235195861336576,
    "ndcg_at_20": 0.37140004830976997,
    "roc_auc_upset": 0.787037037037037
  },
  "test_metrics_model_c": {
    "ndcg": 0.05124995751403931,
    "spearman": 0.307230255839822,
    "mrr_top2": 0.0625,
    "mrr_top4": 0.2,
    "ndcg10": 0.05124995751403931,
    "ndcg_at_4": 0.00711064040423231,
    "ndcg_at_12": 0.056899138174850025,
    "ndcg_at_16": 0.1769467286075223,
    "ndcg_at_20": 0.17934460063934335,
    "roc_auc_upset": 0.8214285714285714
  },
  "test_metrics_by_conference": {
    "E": {
      "ndcg": 0.25392882324697724,
      "spearman": 0.27499999999999997
    },
    "W": {
      "ndcg": 0.7501273303062654,
      "spearman": 0.6749999999999999
    }
  },
  "by_season": {
    "2023-24": {
      "test_metrics_ensemble": {
        "ndcg": 0.5480238806081106,
        "spearman": 0.3837597330367074,
        "mrr_top2": 1.0,
        "mrr_top4": 1.0,
        "ndcg10": 0.5480238806081106,
        "ndcg_at_4": 0.35315119534797357,
        "ndcg_at_12": 0.5917716227652107,
        "ndcg_at_16": 0.5936471540817072,
        "ndcg_at_20": 0.5936446356667593,
        "roc_auc_upset": 0.7918552036199095,
        "rank_mae_pred_vs_playoff_final_results": 7.666666507720947,
        "rank_rmse_pred_vs_playoff_final_results": 9.609024047851562,
        "rank_mae_eos_standings_vs_playoff_final_results": 3.7333333333333334,
        "rank_rmse_eos_standings_vs_playoff_final_results": 6.093712606722878,
        "playoff_metrics": {
          "spearman_pred_vs_playoff_final_results": 0.4602892102335928,
          "ndcg_at_4_final_four": 0.35315119534797357,
          "ndcg10_pred_vs_playoff_final_results": 0.5480297703783643,
          "brier_championship_odds": 0.03222232684493065,
          "rank_mae_pred_vs_playoff_final_results": 7.666666507720947,
          "rank_rmse_pred_vs_playoff_final_results": 9.609024047851562,
          "rank_mae_eos_standings_vs_playoff_final_results": 3.7333333333333334,
          "rank_rmse_eos_standings_vs_playoff_final_results": 6.093712606722878
        }
      },
      "test_metrics_model_a": {
        "ndcg": 0.5480238806081106,
        "spearman": 0.38064516129032255,
        "mrr_top2": 1.0,
        "mrr_top4": 1.0,
        "ndcg10": 0.5480238806081106,
        "ndcg_at_4": 0.35315119534797357,
        "ndcg_at_12": 0.5917716227652107,
        "ndcg_at_16": 0.5936471540817072,
        "ndcg_at_20": 0.5936446356667593,
        "roc_auc_upset": 0.7963800904977375
      },
      "test_metrics_model_b": {
        "ndcg": 0.6110065321229132,
        "spearman": 0.52880978865406,
        "mrr_top2": 0.5,
        "mrr_top4": 0.5,
        "ndcg10": 0.6110065321229132,
        "ndcg_at_4": 0.44093212795935904,
        "ndcg_at_12": 0.6108681804002004,
        "ndcg_at_16": 0.6109013988158188,
        "ndcg_at_20": 0.6156002106799647,
        "roc_auc_upset": 0.7723214285714286
      },
      "test_metrics_model_c": {
        "ndcg": 0.333487026575135,
        "spearman": 0.23159065628476083,
        "mrr_top2": 0.16666666666666666,
        "mrr_top4": 0.16666666666666666,
        "ndcg10": 0.333487026575135,
        "ndcg_at_4": 0.0011069724610271625,
        "ndcg_at_12": 0.33890731926775686,
        "ndcg_at_16": 0.35966393831396193,
        "ndcg_at_20": 0.3699999322309346,
        "roc_auc_upset": 0.7633928571428571
      },
      "test_metrics_by_conference": {
        "E": {
          "ndcg": 0.40649848933393984,
          "spearman": 0.2821428571428571
        },
        "W": {
          "ndcg": 0.9111490397336961,
          "spearman": 0.47142857142857136
        }
      },
      "notes": {
        "eos_rank_source": "eos_final_rank"
      }
    },
    "2024-25": {
      "test_metrics_ensemble": {
        "ndcg": 0.48343725352288713,
        "spearman": 0.4874304783092325,
        "mrr_top2": 0.5,
        "mrr_top4": 0.5,
        "ndcg10": 0.48343725352288713,
        "ndcg_at_4": 0.4644132116806,
        "ndcg_at_12": 0.5272185497500005,
        "ndcg_at_16": 0.5275042830984121,
        "ndcg_at_20": 0.5310671818853085,
        "roc_auc_upset": 0.7812500000000001,
        "rank_mae_pred_vs_playoff_final_results": 7.199999809265137,
        "rank_rmse_pred_vs_playoff_final_results": 8.763561248779297,
        "rank_mae_eos_standings_vs_playoff_final_results": 3.1333333333333333,
        "rank_rmse_eos_standings_vs_playoff_final_results": 4.449719092257398,
        "playoff_metrics": {
          "spearman_pred_vs_playoff_final_results": 0.4874304783092325,
          "ndcg_at_4_final_four": 0.4644132116806,
          "ndcg10_pred_vs_playoff_final_results": 0.48342519219808655,
          "brier_championship_odds": 0.03222232684493065,
          "rank_mae_pred_vs_playoff_final_results": 7.199999809265137,
          "rank_rmse_pred_vs_playoff_final_results": 8.763561248779297,
          "rank_mae_eos_standings_vs_playoff_final_results": 3.1333333333333333,
          "rank_rmse_eos_standings_vs_playoff_final_results": 4.449719092257398
        }
      },
      "test_metrics_model_a": {
        "ndcg": 0.48343725352288713,
        "spearman": 0.4874304783092325,
        "mrr_top2": 0.5,
        "mrr_top4": 0.5,
        "ndcg10": 0.48343725352288713,
        "ndcg_at_4": 0.4644132116806,
        "ndcg_at_12": 0.5272185497500005,