{
  "test_metrics_ensemble": {
    "ndcg": 0.48318045131455495,
    "spearman": 0.4896551724137932,
    "mrr_top2": 0.5,
    "mrr_top4": 0.5,
    "ndcg10": 0.48318045131455495,
    "ndcg_at_4": 0.46444719014824637,
    "ndcg_at_12": 0.5283540070852314,
    "ndcg_at_16": 0.5295771931477424,
    "ndcg_at_20": 0.5319640555765006,
    "roc_auc_upset": 0.7589285714285714,
    "rank_mae_pred_vs_playoff_final_results": 6.866666793823242,
    "rank_rmse_pred_vs_playoff_final_results": 8.744522094726562,
    "rank_mae_eos_standings_vs_playoff_final_results": 3.1333333333333333,
    "rank_rmse_eos_standings_vs_playoff_final_results": 4.449719092257398,
    "playoff_metrics": {
      "spearman_pred_vs_playoff_final_results": 0.4834260289210234,
      "ndcg_at_4_final_four": 0.46444719014824637,
      "ndcg10_pred_vs_playoff_final_results": 0.4831689254808897,
      "brier_championship_odds": 0.03222232684493065,
      "rank_mae_pred_vs_playoff_final_results": 6.866666793823242,
      "rank_rmse_pred_vs_playoff_final_results": 8.744522094726562,
      "rank_mae_eos_standings_vs_playoff_final_results": 3.1333333333333333,
      "rank_rmse_eos_standings_vs_playoff_final_results": 4.449719092257398
    }
  },
  "test_metrics_model_a": {
    "ndcg": 0.5297695182484522,
    "spearman": 0.4838709677419355,
    "mrr_top2": 0.5,
    "mrr_top4": 0.5,
    "ndcg10": 0.5297695182484522,
    "ndcg_at_4": 0.46444719014824637,
    "ndcg_at_12": 0.5299849392058704,
    "ndcg_at_16": 0.5312080001661629,
    "ndcg_at_20": 0.5335948554222709,
    "roc_auc_upset": 0.7633928571428572
  },
  "test_metrics_model_b": {
    "ndcg": 0.15620002136222527,
    "spearman": 0.5795328142380423,
    "mrr_top2": 0.16666666666666666,
    "mrr_top4": 0.16666666666666666,
    "ndcg10": 0.15620002136222527,
    "ndcg_at_4": 0.04029517653159447,
    "ndcg_at_12": 0.20150165208847867,
    "ndcg_at_16": 0.22186618770508096,
    "ndcg_at_20": 0.3747772271621132,
    "roc_auc_upset": 0.8009049773755655
  },
  "test_metrics_model_c": {
    "ndcg": 0.05124995751403931,
    "spearman": 0.30233592880978866,
    "mrr_top2": 0.06666666666666667,
    "mrr_top4": 0.2,
    "ndcg10": 0.05124995751403931,
    "ndcg_at_4": 0.00711064040423231,
    "ndcg_at_12": 0.056899138174850025,
    "ndcg_at_16": 0.17781540372208415,
    "ndcg_at_20": 0.18021312496782235,
    "roc_auc_upset": 0.8258928571428571
  },
  "test_metrics_by_conference": {
    "E": {
      "ndcg": 0.26248772319829716,
      "spearman": 0.2714285714285714
    },
    "W": {
      "ndcg": 0.7510775020335729,
      "spearman": 0.6892857142857142
    }
  },
  "notes": {
    "eos_rank_source": "eos_final_rank"
  }
}