{
  "notes": {
    "eval_on": "test",
    "eos_rank_source": "eos_final_rank",
    "upset_definition": "sleeper = EOS_global_rank > predicted_strength",
    "mrr_top2": "1/rank of first team in top 2 (champion+runner-up) in predicted order.",
    "mrr_top4": "1/rank of first team in top 4 (conference finals) in predicted order.",
    "per_conference_relevance": "Within E/W: actual rank derived from EOS_global_rank (1=best in conf); NDCG/Spearman use this relevance.",
    "playoff_metrics": "Spearman (pred global vs playoff_final_results), NDCG@4 (final four), Brier (champion vs odds). rank_mae/rank_rmse: pred vs playoff_final_results; eos_standings vs playoff_final_results (baseline)."
  },
  "split_info": {
    "train_frac": 0.75,
    "n_train_dates": 141,
    "n_test_dates": 36,
    "split_mode": "seasons"
  },
  "test_metrics_ensemble": {
    "ndcg": 0.4837724167391752,
    "spearman": 0.4651835372636262,
    "mrr_top2": 0.5,
    "mrr_top4": 0.5,
    "ndcg10": 0.4837724167391752,
    "ndcg_at_4": 0.4643519436832566,
    "ndcg_at_12": 0.5275321971060442,
    "ndcg_at_16": 0.5275139548268629,
    "ndcg_at_20": 0.5310437988785366,
    "roc_auc_upset": 0.7633928571428572,
    "rank_mae_pred_vs_playoff_final_results": 6.933333396911621,
    "rank_rmse_pred_vs_playoff_final_results": 8.951722145080566,
    "rank_mae_eos_standings_vs_playoff_final_results": 3.1333333333333333,
    "rank_rmse_eos_standings_vs_playoff_final_results": 4.449719092257398,
    "playoff_metrics": {
      "spearman_pred_vs_playoff_final_results": 0.46696329254727476,
      "ndcg_at_4_final_four": 0.46433662668392073,
      "ndcg10_pred_vs_playoff_final_results": 0.4837575241501874,
      "brier_championship_odds": 0.03222232684493065,
      "rank_mae_pred_vs_playoff_final_results": 6.933333396911621,
      "rank_rmse_pred_vs_playoff_final_results": 8.951722145080566,
      "rank_mae_eos_standings_vs_playoff_final_results": 3.1333333333333333,
      "rank_rmse_eos_standings_vs_playoff_final_results": 4.449719092257398
    }
  },
  "test_metrics_model_a": {
    "ndcg": 0.48486087886006374,
    "spearman": 0.46607341490545046,
    "mrr_top2": 0.5,
    "mrr_top4": 0.5,
    "ndcg10": 0.48486087886006374,
    "ndcg_at_4": 0.4643519436832566,
    "ndcg_at_12": 0.5286203733236599,
    "ndcg_at_16": 0.5286020475748742,
    "ndcg_at_20": 0.5321318868408752,
    "roc_auc_upset": 0.7633928571428572
  },
  "test_metrics_model_b": {
    "ndcg": 0.21633419895461262,
    "spearman": 0.6458286985539488,
    "mrr_top2": 0.2,
    "mrr_top4": 0.2,
    "ndcg10": 0.21633419895461262,
    "ndcg_at_4": 0.04166423104576856,
    "ndcg_at_12": 0.23897013335696002,
    "ndcg_at_16": 0.40530124699712916,
    "ndcg_at_20": 0.40529948517515313,
    "roc_auc_upset": 0.7777777777777778
  },
  "test_metrics_model_c": {
    "ndcg": 0.05124995751403931,
    "spearman": 0.3196885428253615,
    "mrr_top2": 0.07142857142857142,
    "mrr_top4": 0.2,
    "ndcg10": 0.05124995751403931,
    "ndcg_at_4": 0.00711064040423231,
    "ndcg_at_12": 0.056899138174850025,
    "ndcg_at_16": 0.18061907061753987,
    "ndcg_at_20": 0.18301677953213064,
    "roc_auc_upset": 0.8169642857142857
  },
  "test_metrics_by_conference": {
    "E": {
      "ndcg": 0.24640794000116126,
      "spearman": 0.22499999999999998
    },
    "W": {
      "ndcg": 0.7743192083433101,
      "spearman": 0.6892857142857142
    }
  },
  "by_season": {
    "2023-24": {
      "test_metrics_ensemble": {
        "ndcg": 0.6052556283845895,
        "spearman": 0.421579532814238,
        "mrr_top2": 1.0,
        "mrr_top4": 1.0,
        "ndcg10": 0.6052556283845895,
        "ndcg_at_4": 0.35315119534797357,
        "ndcg_at_12": 0.6051021776799352,
        "ndcg_at_16": 0.6063257253833717,
        "ndcg_at_20": 0.6069204625288318,
        "roc_auc_upset": 0.7918552036199096,
        "rank_mae_pred_vs_playoff_final_results": 7.5333333015441895,
        "rank_rmse_pred_vs_playoff_final_results": 9.309493064880371,
        "rank_mae_eos_standings_vs_playoff_final_results": 3.7333333333333334,
        "rank_rmse_eos_standings_vs_playoff_final_results": 6.093712606722878,
        "playoff_metrics": {
          "spearman_pred_vs_playoff_final_results": 0.4647385984427141,
          "ndcg_at_4_final_four": 0.35315119534797357,
          "ndcg10_pred_vs_playoff_final_results": 0.6052549092302633,
          "brier_championship_odds": 0.03222232684493065,
          "rank_mae_pred_vs_playoff_final_results": 7.5333333015441895,
          "rank_rmse_pred_vs_playoff_final_results": 9.309493064880371,
          "rank_mae_eos_standings_vs_playoff_final_results": 3.7333333333333334,
          "rank_rmse_eos_standings_vs_playoff_final_results": 6.093712606722878
        }
      },
      "test_metrics_model_a": {
        "ndcg": 0.6052556283845895,
        "spearman": 0.41846496106785314,
        "mrr_top2": 1.0,
        "mrr_top4": 1.0,
        "ndcg10": 0.6052556283845895,
        "ndcg_at_4": 0.35315119534797357,
        "ndcg_at_12": 0.6051021776799352,
        "ndcg_at_16": 0.6063257253833717,
        "ndcg_at_20": 0.6069204625288318,
        "roc_auc_upset": 0.7918552036199096
      },
      "test_metrics_model_b": {
        "ndcg": 0.8062814887710054,
        "spearman": 0.41490545050055616,
        "mrr_top2": 1.0,
        "mrr_top4": 1.0,
        "ndcg10": 0.8062814887710054,
        "ndcg_at_4": 0.7116242168324007,
        "ndcg_at_12": 0.8060945023987792,
        "ndcg_at_16": 0.8061127657772049,
        "ndcg_at_20": 0.8498340185788881,
        "roc_auc_upset": 0.7410714285714286
      },
      "test_metrics_model_c": {
        "ndcg": 0.3335103168238178,
        "spearman": 0.23737486095661847,
        "mrr_top2": 0.16666666666666666,
        "mrr_top4": 0.16666666666666666,
        "ndcg10": 0.3335103168238178,
        "ndcg_at_4": 0.001111095381373398,
        "ndcg_at_12": 0.33890852755612016,
        "ndcg_at_16": 0.3596651465096424,
        "ndcg_at_20": 0.37000114042130106,
        "roc_auc_upset": 0.7633928571428571
      },
      "test_metrics_by_conference": {
        "E": {
          "ndcg": 0.38376048546002806,
          "spearman": 0.23928571428571427
        },
        "W": {
          "ndcg": 0.9294190401102428,
          "spearman": 0.6071428571428571
        }
      },
      "notes": {
        "eos_rank_source": "eos_final_rank"
      }
    },
    "2024-25": {
      "test_metrics_ensemble": {
        "ndcg": 0.4837724167391752,
        "spearman": 0.4651835372636262,
        "mrr_top2": 0.5,
        "mrr_top4": 0.5,
        "ndcg10": 0.4837724167391752,
        "ndcg_at_4": 0.4643519436832566,
        "ndcg_at_12": 0.5275321971060442,
        "ndcg_at_16": 0.5275139548268629,
        "ndcg_at_20": 0.5310437988785366,
        "roc_auc_upset": 0.7633928571428572,
        "rank_mae_pred_vs_playoff_final_results": 6.933333396911621,
        "rank_rmse_pred_vs_playoff_final_results": 8.951722145080566,
        "rank_mae_eos_standings_vs_playoff_final_results": 3.1333333333333333,
        "rank_rmse_eos_standings_vs_playoff_final_results": 4.449719092257398,
        "playoff_metrics": {
          "spearman_pred_vs_playoff_final_results": 0.46696329254727476,
          "ndcg_at_4_final_four": 0.46433662668392073,
          "ndcg10_pred_vs_playoff_final_results": 0.4837575241501874,
          "brier_championship_odds": 0.03222232684493065,
          "rank_mae_pred_vs_playoff_final_results": 6.933333396911621,
          "rank_rmse_pred_vs_playoff_final_results": 8.951722145080566,
          "rank_mae_eos_standings_vs_playoff_final_results": 3.1333333333333333,
          "rank_rmse_eos_standings_vs_playoff_final_results": 4.449719092257398
        }
      },
      "test_metrics_model_a": {
        "ndcg": 0.48486087886006374,
        "spearman": 0.46607341490545046,
        "mrr_top2": 0.5,
        "mrr_top4": 0.5,
        "ndcg10": 0.48486087886006374,
        "ndcg_at_4": 0.4643519436832566,
        "ndcg_at_12": 0.5286203733236599,