{
  "test_metrics_ensemble": {
    "ndcg": 0.4837724167391752,
    "spearman": 0.4651835372636262,
    "mrr_top2": 0.5,
    "mrr_top4": 0.5,
    "ndcg10": 0.4837724167391752,
    "ndcg_at_4": 0.4643519436832566,
    "ndcg_at_12": 0.5275321971060442,
    "ndcg_at_16": 0.5275139548268629,
    "ndcg_at_20": 0.5310437988785366,
    "roc_auc_upset": 0.7633928571428572,
    "rank_mae_pred_vs_playoff_final_results": 6.933333396911621,
    "rank_rmse_pred_vs_playoff_final_results": 8.951722145080566,
    "rank_mae_eos_standings_vs_playoff_final_results": 3.1333333333333333,
    "rank_rmse_eos_standings_vs_playoff_final_results": 4.449719092257398,
    "playoff_metrics": {
      "spearman_pred_vs_playoff_final_results": 0.46696329254727476,
      "ndcg_at_4_final_four": 0.46433662668392073,
      "ndcg10_pred_vs_playoff_final_results": 0.4837575241501874,
      "brier_championship_odds": 0.03222232684493065,
      "rank_mae_pred_vs_playoff_final_results": 6.933333396911621,
      "rank_rmse_pred_vs_playoff_final_results": 8.951722145080566,
      "rank_mae_eos_standings_vs_playoff_final_results": 3.1333333333333333,
      "rank_rmse_eos_standings_vs_playoff_final_results": 4.449719092257398
    }
  },
  "test_metrics_model_a": {
    "ndcg": 0.48486087886006374,
    "spearman": 0.46607341490545046,
    "mrr_top2": 0.5,
    "mrr_top4": 0.5,
    "ndcg10": 0.48486087886006374,
    "ndcg_at_4": 0.4643519436832566,
    "ndcg_at_12": 0.5286203733236599,
    "ndcg_at_16": 0.5286020475748742,
    "ndcg_at_20": 0.5321318868408752,
    "roc_auc_upset": 0.7633928571428572
  },
  "test_metrics_model_b": {
    "ndcg": 0.21633419895461262,
    "spearman": 0.6458286985539488,
    "mrr_top2": 0.2,
    "mrr_top4": 0.2,
    "ndcg10": 0.21633419895461262,
    "ndcg_at_4": 0.04166423104576856,
    "ndcg_at_12": 0.23897013335696002,
    "ndcg_at_16": 0.40530124699712916,
    "ndcg_at_20": 0.40529948517515313,
    "roc_auc_upset": 0.7777777777777778
  },
  "test_metrics_model_c": {
    "ndcg": 0.05124995751403931,
    "spearman": 0.3196885428253615,
    "mrr_top2": 0.07142857142857142,
    "mrr_top4": 0.2,
    "ndcg10": 0.05124995751403931,
    "ndcg_at_4": 0.00711064040423231,
    "ndcg_at_12": 0.056899138174850025,
    "ndcg_at_16": 0.18061907061753987,
    "ndcg_at_20": 0.18301677953213064,
    "roc_auc_upset": 0.8169642857142857
  },
  "test_metrics_by_conference": {
    "E": {
      "ndcg": 0.24640794000116126,
      "spearman": 0.22499999999999998
    },
    "W": {
      "ndcg": 0.7743192083433101,
      "spearman": 0.6892857142857142
    }
  },
  "notes": {
    "eos_rank_source": "eos_final_rank"
  }
}