{
  "test_metrics_ensemble": {
    "ndcg": 0.6052556283845895,
    "spearman": 0.421579532814238,
    "mrr_top2": 1.0,
    "mrr_top4": 1.0,
    "ndcg10": 0.6052556283845895,
    "ndcg_at_4": 0.35315119534797357,
    "ndcg_at_12": 0.6051021776799352,
    "ndcg_at_16": 0.6063257253833717,
    "ndcg_at_20": 0.6069204625288318,
    "roc_auc_upset": 0.7918552036199096,
    "rank_mae_pred_vs_playoff_final_results": 7.5333333015441895,
    "rank_rmse_pred_vs_playoff_final_results": 9.309493064880371,
    "rank_mae_eos_standings_vs_playoff_final_results": 3.7333333333333334,
    "rank_rmse_eos_standings_vs_playoff_final_results": 6.093712606722878,
    "playoff_metrics": {
      "spearman_pred_vs_playoff_final_results": 0.4647385984427141,
      "ndcg_at_4_final_four": 0.35315119534797357,
      "ndcg10_pred_vs_playoff_final_results": 0.6052549092302633,
      "brier_championship_odds": 0.03222232684493065,
      "rank_mae_pred_vs_playoff_final_results": 7.5333333015441895,
      "rank_rmse_pred_vs_playoff_final_results": 9.309493064880371,
      "rank_mae_eos_standings_vs_playoff_final_results": 3.7333333333333334,
      "rank_rmse_eos_standings_vs_playoff_final_results": 6.093712606722878
    }
  },
  "test_metrics_model_a": {
    "ndcg": 0.6052556283845895,
    "spearman": 0.41846496106785314,
    "mrr_top2": 1.0,
    "mrr_top4": 1.0,
    "ndcg10": 0.6052556283845895,
    "ndcg_at_4": 0.35315119534797357,
    "ndcg_at_12": 0.6051021776799352,
    "ndcg_at_16": 0.6063257253833717,
    "ndcg_at_20": 0.6069204625288318,
    "roc_auc_upset": 0.7918552036199096
  },
  "test_metrics_model_b": {
    "ndcg": 0.8062814887710054,
    "spearman": 0.41490545050055616,
    "mrr_top2": 1.0,
    "mrr_top4": 1.0,
    "ndcg10": 0.8062814887710054,
    "ndcg_at_4": 0.7116242168324007,
    "ndcg_at_12": 0.8060945023987792,
    "ndcg_at_16": 0.8061127657772049,
    "ndcg_at_20": 0.8498340185788881,
    "roc_auc_upset": 0.7410714285714286
  },
  "test_metrics_model_c": {
    "ndcg": 0.3335103168238178,
    "spearman": 0.23737486095661847,
    "mrr_top2": 0.16666666666666666,
    "mrr_top4": 0.16666666666666666,
    "ndcg10": 0.3335103168238178,
    "ndcg_at_4": 0.001111095381373398,
    "ndcg_at_12": 0.33890852755612016,
    "ndcg_at_16": 0.3596651465096424,
    "ndcg_at_20": 0.37000114042130106,
    "roc_auc_upset": 0.7633928571428571
  },
  "test_metrics_by_conference": {
    "E": {
      "ndcg": 0.38376048546002806,
      "spearman": 0.23928571428571427
    },
    "W": {
      "ndcg": 0.9294190401102428,
      "spearman": 0.6071428571428571
    }
  },
  "notes": {
    "eos_rank_source": "eos_final_rank"
  }
}