{
  "notes": {
    "eval_on": "test",
    "eos_rank_source": "eos_final_rank",
    "upset_definition": "sleeper = EOS_global_rank > predicted_strength",
    "mrr_top2": "1/rank of first team in top 2 (champion+runner-up) in predicted order.",
    "mrr_top4": "1/rank of first team in top 4 (conference finals) in predicted order.",
    "per_conference_relevance": "Within E/W: actual rank derived from EOS_global_rank (1=best in conf); NDCG/Spearman use this relevance.",
    "playoff_metrics": "Spearman (pred global vs playoff_final_results), NDCG@4 (final four), Brier (champion vs odds). rank_mae/rank_rmse: pred vs playoff_final_results; eos_standings vs playoff_final_results (baseline)."
  },
  "split_info": {
    "train_frac": 0.75,
    "n_train_dates": 141,
    "n_test_dates": 36,
    "split_mode": "seasons"
  },
  "test_metrics_ensemble": {
    "ndcg": 0.4844845181981032,
    "spearman": 0.4816462736373748,
    "mrr_top2": 0.5,
    "mrr_top4": 0.5,
    "ndcg10": 0.4844845181981032,
    "ndcg_at_4": 0.4643519436832566,
    "ndcg_at_12": 0.5285973250030614,
    "ndcg_at_16": 0.5285790010222193,
    "ndcg_at_20": 0.5321873114429024,
    "roc_auc_upset": 0.7955555555555556,
    "rank_mae_pred_vs_playoff_final_results": 6.800000190734863,
    "rank_rmse_pred_vs_playoff_final_results": 8.81286907196045,
    "rank_mae_eos_standings_vs_playoff_final_results": 3.1333333333333333,
    "rank_rmse_eos_standings_vs_playoff_final_results": 4.449719092257398,
    "playoff_metrics": {
      "spearman_pred_vs_playoff_final_results": 0.47630700778642937,
      "ndcg_at_4_final_four": 0.46433662668392073,
      "ndcg10_pred_vs_playoff_final_results": 0.48446908824137114,
      "brier_championship_odds": 0.03222232684493065,
      "rank_mae_pred_vs_playoff_final_results": 6.800000190734863,
      "rank_rmse_pred_vs_playoff_final_results": 8.81286907196045,
      "rank_mae_eos_standings_vs_playoff_final_results": 3.1333333333333333,
      "rank_rmse_eos_standings_vs_playoff_final_results": 4.449719092257398
    }
  },
  "test_metrics_model_a": {
    "ndcg": 0.4844845181981032,
    "spearman": 0.4816462736373748,
    "mrr_top2": 0.5,
    "mrr_top4": 0.5,
    "ndcg10": 0.4844845181981032,
    "ndcg_at_4": 0.4643519436832566,
    "ndcg_at_12": 0.5285973250030614,
    "ndcg_at_16": 0.5285790010222193,
    "ndcg_at_20": 0.5321873114429024,
    "roc_auc_upset": 0.7955555555555556
  },
  "test_metrics_model_b": {
    "ndcg": 0.15756321633247236,
    "spearman": 0.5394883203559511,
    "mrr_top2": 0.16666666666666666,
    "mrr_top4": 0.16666666666666666,
    "ndcg10": 0.15756321633247236,
    "ndcg_at_4": 0.04166423104576856,
    "ndcg_at_12": 0.20290734657087572,
    "ndcg_at_16": 0.22368415037746972,
    "ndcg_at_20": 0.22368415331988478,
    "roc_auc_upset": 0.770334928229665
  },
  "test_metrics_model_c": {
    "ndcg": 0.05124270050332162,
    "spearman": 0.29521690767519465,
    "mrr_top2": 0.06666666666666667,
    "mrr_top4": 0.2,
    "ndcg10": 0.05124270050332162,
    "ndcg_at_4": 0.00711064040423231,
    "ndcg_at_12": 0.05689188307031086,
    "ndcg_at_16": 0.17780814917405477,
    "ndcg_at_20": 0.18020587045170006,
    "roc_auc_upset": 0.8258928571428571
  },
  "test_metrics_by_conference": {
    "E": {
      "ndcg": 0.263461645385468,
      "spearman": 0.27499999999999997
    },
    "W": {
      "ndcg": 0.7723141400583361,
      "spearman": 0.657142857142857
    }
  },
  "by_season": {
    "2023-24": {
      "test_metrics_ensemble": {
        "ndcg": 0.5695471610195139,
        "spearman": 0.43359288097886545,
        "mrr_top2": 1.0,
        "mrr_top4": 1.0,
        "ndcg10": 0.5695471610195139,
        "ndcg_at_4": 0.35315119534797357,
        "ndcg_at_12": 0.6146993387718835,
        "ndcg_at_16": 0.6146586856284716,
        "ndcg_at_20": 0.6152736954093302,
        "roc_auc_upset": 0.7647058823529412,
        "rank_mae_pred_vs_playoff_final_results": 7.266666889190674,
        "rank_rmse_pred_vs_playoff_final_results": 9.212310791015625,
        "rank_mae_eos_standings_vs_playoff_final_results": 3.7333333333333334,
        "rank_rmse_eos_standings_vs_playoff_final_results": 6.093712606722878,
        "playoff_metrics": {
          "spearman_pred_vs_playoff_final_results": 0.4843159065628476,
          "ndcg_at_4_final_four": 0.35315119534797357,
          "ndcg10_pred_vs_playoff_final_results": 0.5695521730880952,
          "brier_championship_odds": 0.03222232684493065,
          "rank_mae_pred_vs_playoff_final_results": 7.266666889190674,
          "rank_rmse_pred_vs_playoff_final_results": 9.212310791015625,
          "rank_mae_eos_standings_vs_playoff_final_results": 3.7333333333333334,
          "rank_rmse_eos_standings_vs_playoff_final_results": 6.093712606722878
        }
      },
      "test_metrics_model_a": {
        "ndcg": 0.5695471610195139,
        "spearman": 0.4255839822024471,
        "mrr_top2": 1.0,
        "mrr_top4": 1.0,
        "ndcg10": 0.5695471610195139,
        "ndcg_at_4": 0.35315119534797357,
        "ndcg_at_12": 0.6146993387718835,
        "ndcg_at_16": 0.6146586856284716,
        "ndcg_at_20": 0.6152736954093302,
        "roc_auc_upset": 0.7692307692307693
      },
      "test_metrics_model_b": {
        "ndcg": 0.5666733238180416,
        "spearman": 0.4518353726362625,
        "mrr_top2": 0.5,
        "mrr_top4": 0.5,
        "ndcg10": 0.5666733238180416,
        "ndcg_at_4": 0.4437410146181249,
        "ndcg_at_12": 0.5665492746461265,
        "ndcg_at_16": 0.5715537681900318,
        "ndcg_at_20": 0.6091282625256823,
        "roc_auc_upset": 0.7733333333333333
      },
      "test_metrics_model_c": {
        "ndcg": 0.333487026575135,
        "spearman": 0.2422691879866518,
        "mrr_top2": 0.16666666666666666,
        "mrr_top4": 0.16666666666666666,
        "ndcg10": 0.333487026575135,
        "ndcg_at_4": 0.0011069724610271625,
        "ndcg_at_12": 0.33890731926775686,
        "ndcg_at_16": 0.35966393831396193,
        "ndcg_at_20": 0.37117378097667086,
        "roc_auc_upset": 0.7777777777777778
      },
      "test_metrics_by_conference": {
        "E": {
          "ndcg": 0.4082984176139838,
          "spearman": 0.2785714285714285
        },
        "W": {
          "ndcg": 0.922273612311482,
          "spearman": 0.5142857142857142
        }
      },
      "notes": {
        "eos_rank_source": "eos_final_rank"
      }
    },
    "2024-25": {
      "test_metrics_ensemble": {
        "ndcg": 0.4844845181981032,
        "spearman": 0.4816462736373748,
        "mrr_top2": 0.5,
        "mrr_top4": 0.5,
        "ndcg10": 0.4844845181981032,
        "ndcg_at_4": 0.4643519436832566,
        "ndcg_at_12": 0.5285973250030614,
        "ndcg_at_16": 0.5285790010222193,
        "ndcg_at_20": 0.5321873114429024,
        "roc_auc_upset": 0.7955555555555556,
        "rank_mae_pred_vs_playoff_final_results": 6.800000190734863,
        "rank_rmse_pred_vs_playoff_final_results": 8.81286907196045,
        "rank_mae_eos_standings_vs_playoff_final_results": 3.1333333333333333,
        "rank_rmse_eos_standings_vs_playoff_final_results": 4.449719092257398,
        "playoff_metrics": {
          "spearman_pred_vs_playoff_final_results": 0.47630700778642937,
          "ndcg_at_4_final_four": 0.46433662668392073,
          "ndcg10_pred_vs_playoff_final_results": 0.48446908824137114,
          "brier_championship_odds": 0.03222232684493065,
          "rank_mae_pred_vs_playoff_final_results": 6.800000190734863,
          "rank_rmse_pred_vs_playoff_final_results": 8.81286907196045,
          "rank_mae_eos_standings_vs_playoff_final_results": 3.1333333333333333,
          "rank_rmse_eos_standings_vs_playoff_final_results": 4.449719092257398
        }
      },
      "test_metrics_model_a": {
        "ndcg": 0.4844845181981032,
        "spearman": 0.4816462736373748,
        "mrr_top2": 0.5,
        "mrr_top4": 0.5,
        "ndcg10": 0.4844845181981032,
        "ndcg_at_4": 0.4643519436832566,
        "ndcg_at_12": 0.5285973250030614,