{
  "notes": {
    "eval_on": "test",
    "eos_rank_source": "eos_final_rank",
    "upset_definition": "sleeper = EOS_global_rank > predicted_strength",
    "mrr_top2": "1/rank of first team in top 2 (champion+runner-up) in predicted order.",
    "mrr_top4": "1/rank of first team in top 4 (conference finals) in predicted order.",
    "per_conference_relevance": "Within E/W: actual rank derived from EOS_global_rank (1=best in conf); NDCG/Spearman use this relevance.",
    "playoff_metrics": "Spearman (pred global vs playoff_final_results), NDCG@4 (final four), Brier (champion vs odds). rank_mae/rank_rmse: pred vs playoff_final_results; eos_standings vs playoff_final_results (baseline)."
  },
  "split_info": {
    "train_frac": 0.75,
    "n_train_dates": 141,
    "n_test_dates": 36,
    "split_mode": "seasons"
  },
  "test_metrics_ensemble": {
    "ndcg": 0.4831218841369594,
    "spearman": 0.4843159065628476,
    "mrr_top2": 0.5,
    "mrr_top4": 0.5,
    "ndcg10": 0.4831218841369594,
    "ndcg_at_4": 0.4643519436832566,
    "ndcg_at_12": 0.5282954552913111,
    "ndcg_at_16": 0.5295186458450938,
    "ndcg_at_20": 0.5319100861115976,
    "roc_auc_upset": 0.7544642857142857,
    "rank_mae_pred_vs_playoff_final_results": 6.800000190734863,
    "rank_rmse_pred_vs_playoff_final_results": 8.790145874023438,
    "rank_mae_eos_standings_vs_playoff_final_results": 3.1333333333333333,
    "rank_rmse_eos_standings_vs_playoff_final_results": 4.449719092257398,
    "playoff_metrics": {
      "spearman_pred_vs_playoff_final_results": 0.4816462736373748,
      "ndcg_at_4_final_four": 0.46433662668392073,
      "ndcg10_pred_vs_playoff_final_results": 0.4831069897676651,
      "brier_championship_odds": 0.03222232684493065,
      "rank_mae_pred_vs_playoff_final_results": 6.800000190734863,
      "rank_rmse_pred_vs_playoff_final_results": 8.790145874023438,
      "rank_mae_eos_standings_vs_playoff_final_results": 3.1333333333333333,
      "rank_rmse_eos_standings_vs_playoff_final_results": 4.449719092257398
    }
  },
  "test_metrics_model_a": {
    "ndcg": 0.4831218841369594,
    "spearman": 0.4843159065628476,
    "mrr_top2": 0.5,
    "mrr_top4": 0.5,
    "ndcg10": 0.4831218841369594,
    "ndcg_at_4": 0.4643519436832566,
    "ndcg_at_12": 0.5282954552913111,
    "ndcg_at_16": 0.5295186458450938,
    "ndcg_at_20": 0.5319100861115976,
    "roc_auc_upset": 0.7544642857142857
  },
  "test_metrics_model_b": {
    "ndcg": 0.15627980117372517,
    "spearman": 0.5208008898776418,
    "mrr_top2": 0.16666666666666666,
    "mrr_top4": 0.16666666666666666,
    "ndcg10": 0.15627980117372517,
    "ndcg_at_4": 0.04029517653159447,
    "ndcg_at_12": 0.15629370374992918,
    "ndcg_at_16": 0.19893284820949267,
    "ndcg_at_20": 0.3662840907692408,
    "roc_auc_upset": 0.8564814814814815
  },
  "test_metrics_model_c": {
    "ndcg": 0.05124270050332162,
    "spearman": 0.30055617352614017,
    "mrr_top2": 0.0625,
    "mrr_top4": 0.2,
    "ndcg10": 0.05124270050332162,
    "ndcg_at_4": 0.00711064040423231,
    "ndcg_at_12": 0.05689188307031086,
    "ndcg_at_16": 0.1769394740594929,
    "ndcg_at_20": 0.17938188561704735,
    "roc_auc_upset": 0.8214285714285714
  },
  "test_metrics_by_conference": {
    "E": {
      "ndcg": 0.24599219504425307,
      "spearman": 0.22499999999999998
    },
    "W": {
      "ndcg": 0.7524991469189859,
      "spearman": 0.6714285714285713
    }
  },
  "by_season": {
    "2023-24": {
      "test_metrics_ensemble": {
        "ndcg": 0.5960608513559049,
        "spearman": 0.4220244716351501,
        "mrr_top2": 1.0,
        "mrr_top4": 1.0,
        "ndcg10": 0.5960608513559049,
        "ndcg_at_4": 0.35315119534797357,
        "ndcg_at_12": 0.5959526727421472,
        "ndcg_at_16": 0.597207156453133,
        "ndcg_at_20": 0.5978222429896789,
        "roc_auc_upset": 0.7232142857142857,
        "rank_mae_pred_vs_playoff_final_results": 7.266666889190674,
        "rank_rmse_pred_vs_playoff_final_results": 9.305912017822266,
        "rank_mae_eos_standings_vs_playoff_final_results": 3.7333333333333334,
        "rank_rmse_eos_standings_vs_playoff_final_results": 6.093712606722878,
        "playoff_metrics": {
          "spearman_pred_vs_playoff_final_results": 0.4843159065628476,
          "ndcg_at_4_final_four": 0.35315119534797357,
          "ndcg10_pred_vs_playoff_final_results": 0.5960663868523135,
          "brier_championship_odds": 0.03222232684493065,
          "rank_mae_pred_vs_playoff_final_results": 7.266666889190674,
          "rank_rmse_pred_vs_playoff_final_results": 9.305912017822266,
          "rank_mae_eos_standings_vs_playoff_final_results": 3.7333333333333334,
          "rank_rmse_eos_standings_vs_playoff_final_results": 6.093712606722878
        }
      },
      "test_metrics_model_a": {
        "ndcg": 0.5960608513559049,
        "spearman": 0.4220244716351501,
        "mrr_top2": 1.0,
        "mrr_top4": 1.0,
        "ndcg10": 0.5960608513559049,
        "ndcg_at_4": 0.35315119534797357,
        "ndcg_at_12": 0.5959526727421472,
        "ndcg_at_16": 0.597207156453133,
        "ndcg_at_20": 0.5978222429896789,
        "roc_auc_upset": 0.7232142857142857
      },
      "test_metrics_model_b": {
        "ndcg": 0.5699188625309823,
        "spearman": 0.4825361512791991,
        "mrr_top2": 0.5,
        "mrr_top4": 0.5,
        "ndcg10": 0.5699188625309823,
        "ndcg_at_4": 0.4437410146181249,
        "ndcg_at_12": 0.5697912829178596,
        "ndcg_at_16": 0.574906061241462,
        "ndcg_at_20": 0.6131352676533036,
        "roc_auc_upset": 0.7601809954751131
      },
      "test_metrics_model_c": {
        "ndcg": 0.333487026575135,
        "spearman": 0.2422691879866518,
        "mrr_top2": 0.16666666666666666,
        "mrr_top4": 0.16666666666666666,
        "ndcg10": 0.333487026575135,
        "ndcg_at_4": 0.0011069724610271625,
        "ndcg_at_12": 0.33890731926775686,
        "ndcg_at_16": 0.35966393831396193,
        "ndcg_at_20": 0.37117378097667086,
        "roc_auc_upset": 0.7777777777777778
      },
      "test_metrics_by_conference": {
        "E": {
          "ndcg": 0.3851402749883562,
          "spearman": 0.25357142857142856
        },
        "W": {
          "ndcg": 0.9303735641631001,
          "spearman": 0.5357142857142856
        }
      },
      "notes": {
        "eos_rank_source": "eos_final_rank"
      }
    },
    "2024-25": {
      "test_metrics_ensemble": {
        "ndcg": 0.4831218841369594,
        "spearman": 0.4843159065628476,
        "mrr_top2": 0.5,
        "mrr_top4": 0.5,
        "ndcg10": 0.4831218841369594,
        "ndcg_at_4": 0.4643519436832566,
        "ndcg_at_12": 0.5282954552913111,
        "ndcg_at_16": 0.5295186458450938,
        "ndcg_at_20": 0.5319100861115976,
        "roc_auc_upset": 0.7544642857142857,
        "rank_mae_pred_vs_playoff_final_results": 6.800000190734863,
        "rank_rmse_pred_vs_playoff_final_results": 8.790145874023438,
        "rank_mae_eos_standings_vs_playoff_final_results": 3.1333333333333333,
        "rank_rmse_eos_standings_vs_playoff_final_results": 4.449719092257398,
        "playoff_metrics": {
          "spearman_pred_vs_playoff_final_results": 0.4816462736373748,
          "ndcg_at_4_final_four": 0.46433662668392073,
          "ndcg10_pred_vs_playoff_final_results": 0.4831069897676651,
          "brier_championship_odds": 0.03222232684493065,
          "rank_mae_pred_vs_playoff_final_results": 6.800000190734863,
          "rank_rmse_pred_vs_playoff_final_results": 8.790145874023438,
          "rank_mae_eos_standings_vs_playoff_final_results": 3.1333333333333333,
          "rank_rmse_eos_standings_vs_playoff_final_results": 4.449719092257398
        }
      },
      "test_metrics_model_a": {
        "ndcg": 0.4831218841369594,
        "spearman": 0.4843159065628476,
        "mrr_top2": 0.5,
        "mrr_top4": 0.5,
        "ndcg10": 0.4831218841369594,
        "ndcg_at_4": 0.4643519436832566,
        "ndcg_at_12": 0.5282954552913111,