{
  "test_metrics_ensemble": {
    "ndcg": 0.40186414703309065,
    "spearman": 0.4100111234705228,
    "mrr_top2": 1.0,
    "mrr_top4": 1.0,
    "ndcg10": 0.40186414703309065,
    "ndcg_at_4": 0.35315119534797357,
    "ndcg_at_12": 0.584329241092756,
    "ndcg_at_16": 0.5842908180352554,
    "ndcg_at_20": 0.58489682620782,
    "roc_auc_upset": 0.7592592592592593,
    "rank_mae_pred_vs_playoff_final_results": 7.599999904632568,
    "rank_rmse_pred_vs_playoff_final_results": 9.402127265930176,
    "rank_mae_eos_standings_vs_playoff_final_results": 3.7333333333333334,
    "rank_rmse_eos_standings_vs_playoff_final_results": 6.093712606722878,
    "playoff_metrics": {
      "spearman_pred_vs_playoff_final_results": 0.4229143492769744,
      "ndcg_at_4_final_four": 0.35315119534797357,
      "ndcg10_pred_vs_playoff_final_results": 0.401869159101672,
      "brier_championship_odds": 0.03222232684493065,
      "rank_mae_pred_vs_playoff_final_results": 7.599999904632568,
      "rank_rmse_pred_vs_playoff_final_results": 9.402127265930176,
      "rank_mae_eos_standings_vs_playoff_final_results": 3.7333333333333334,
      "rank_rmse_eos_standings_vs_playoff_final_results": 6.093712606722878
    }
  },
  "test_metrics_model_a": {
    "ndcg": 0.40186414703309065,
    "spearman": 0.4100111234705228,
    "mrr_top2": 1.0,
    "mrr_top4": 1.0,
    "ndcg10": 0.40186414703309065,
    "ndcg_at_4": 0.35315119534797357,
    "ndcg_at_12": 0.584329241092756,
    "ndcg_at_16": 0.5842908180352554,
    "ndcg_at_20": 0.58489682620782,
    "roc_auc_upset": 0.7592592592592593
  },
  "test_metrics_model_b": {
    "ndcg": 0.5657257527120861,
    "spearman": 0.43670745272525024,
    "mrr_top2": 0.5,
    "mrr_top4": 0.5,
    "ndcg10": 0.5657257527120861,
    "ndcg_at_4": 0.4589454418134188,
    "ndcg_at_12": 0.5655805893235017,
    "ndcg_at_16": 0.6072013785313688,
    "ndcg_at_20": 0.6072035874499111,
    "roc_auc_upset": 0.7601809954751131
  },
  "test_metrics_model_c": {
    "ndcg": 0.333487026575135,
    "spearman": 0.23159065628476083,
    "mrr_top2": 0.16666666666666666,
    "mrr_top4": 0.16666666666666666,
    "ndcg10": 0.333487026575135,
    "ndcg_at_4": 0.0011069724610271625,
    "ndcg_at_12": 0.33890731926775686,
    "ndcg_at_16": 0.35966393831396193,
    "ndcg_at_20": 0.3699999322309346,
    "roc_auc_upset": 0.7633928571428571
  },
  "test_metrics_by_conference": {
    "E": {
      "ndcg": 0.3870089925370491,
      "spearman": 0.28928571428571426
    },
    "W": {
      "ndcg": 0.9322282740664924,
      "spearman": 0.6142857142857142
    }
  },
  "notes": {
    "eos_rank_source": "eos_final_rank"
  }
}