{
  "test_metrics_ensemble": {
    "ndcg": 0.5489241890205342,
    "spearman": 0.41935483870967744,
    "mrr_top2": 1.0,
    "mrr_top4": 1.0,
    "ndcg10": 0.5489241890205342,
    "ndcg_at_4": 0.35315119534797357,
    "ndcg_at_12": 0.5926661656101864,
    "ndcg_at_16": 0.5939586867860916,
    "ndcg_at_20": 0.5945625622165766,
    "roc_auc_upset": 0.7828054298642533,
    "rank_mae_pred_vs_playoff_final_results": 7.5333333015441895,
    "rank_rmse_pred_vs_playoff_final_results": 9.32737922668457,
    "rank_mae_eos_standings_vs_playoff_final_results": 3.7333333333333334,
    "rank_rmse_eos_standings_vs_playoff_final_results": 6.093712606722878,
    "playoff_metrics": {
      "spearman_pred_vs_playoff_final_results": 0.44649610678531704,
      "ndcg_at_4_final_four": 0.35315119534797357,
      "ndcg10_pred_vs_playoff_final_results": 0.5489223951307196,
      "brier_championship_odds": 0.03222232684493065,
      "rank_mae_pred_vs_playoff_final_results": 7.5333333015441895,
      "rank_rmse_pred_vs_playoff_final_results": 9.32737922668457,
      "rank_mae_eos_standings_vs_playoff_final_results": 3.7333333333333334,
      "rank_rmse_eos_standings_vs_playoff_final_results": 6.093712606722878
    }
  },
  "test_metrics_model_a": {
    "ndcg": 0.5489241890205342,
    "spearman": 0.41935483870967744,
    "mrr_top2": 1.0,
    "mrr_top4": 1.0,
    "ndcg10": 0.5489241890205342,
    "ndcg_at_4": 0.35315119534797357,
    "ndcg_at_12": 0.5926661656101864,
    "ndcg_at_16": 0.5939586867860916,
    "ndcg_at_20": 0.5945625622165766,
    "roc_auc_upset": 0.7828054298642533
  },
  "test_metrics_model_b": {
    "ndcg": 0.5666733238180416,
    "spearman": 0.439377085650723,
    "mrr_top2": 0.5,
    "mrr_top4": 0.5,
    "ndcg10": 0.5666733238180416,
    "ndcg_at_4": 0.4437410146181249,
    "ndcg_at_12": 0.56654659701295,
    "ndcg_at_16": 0.56658519996478,
    "ndcg_at_20": 0.6089384331588494,
    "roc_auc_upset": 0.8035714285714286
  },
  "test_metrics_model_c": {
    "ndcg": 0.333487026575135,
    "spearman": 0.23159065628476083,
    "mrr_top2": 0.16666666666666666,
    "mrr_top4": 0.16666666666666666,
    "ndcg10": 0.333487026575135,
    "ndcg_at_4": 0.0011069724610271625,
    "ndcg_at_12": 0.33890731926775686,
    "ndcg_at_16": 0.35966393831396193,
    "ndcg_at_20": 0.3699999322309346,
    "roc_auc_upset": 0.7633928571428571
  },
  "test_metrics_by_conference": {
    "E": {
      "ndcg": 0.3851402749883562,
      "spearman": 0.2642857142857143
    },
    "W": {
      "ndcg": 0.9222781924371147,
      "spearman": 0.5392857142857141
    }
  },
  "notes": {
    "eos_rank_source": "eos_final_rank"
  }
}