{
  "notes": {
    "eval_on": "test",
    "eos_rank_source": "eos_final_rank",
    "upset_definition": "sleeper = EOS_global_rank > predicted_strength",
    "mrr_top2": "1/rank of first team in top 2 (champion+runner-up) in predicted order.",
    "mrr_top4": "1/rank of first team in top 4 (conference finals) in predicted order.",
    "per_conference_relevance": "Within E/W: actual rank derived from EOS_global_rank (1=best in conf); NDCG/Spearman use this relevance.",
    "playoff_metrics": "Spearman (pred global vs playoff_final_results), NDCG@4 (final four), Brier (champion vs odds). rank_mae/rank_rmse: pred vs playoff_final_results; eos_standings vs playoff_final_results (baseline)."
  },
  "split_info": {
    "train_frac": 0.75,
    "n_train_dates": 141,
    "n_test_dates": 36,
    "split_mode": "seasons"
  },
  "test_metrics_ensemble": {
    "ndcg": 0.48185139166330404,
    "spearman": 0.4785317018909899,
    "mrr_top2": 0.5,
    "mrr_top4": 0.5,
    "ndcg10": 0.48185139166330404,
    "ndcg_at_4": 0.46412046738376733,
    "ndcg_at_12": 0.5259648901041762,
    "ndcg_at_16": 0.5259462964734046,
    "ndcg_at_20": 0.5301595146141864,
    "roc_auc_upset": 0.7601809954751131,
    "rank_mae_pred_vs_playoff_final_results": 6.933333396911621,
    "rank_rmse_pred_vs_playoff_final_results": 8.839305877685547,
    "rank_mae_eos_standings_vs_playoff_final_results": 3.1333333333333333,
    "rank_rmse_eos_standings_vs_playoff_final_results": 4.449719092257398,
    "playoff_metrics": {
      "spearman_pred_vs_playoff_final_results": 0.4776418242491657,
      "ndcg_at_4_final_four": 0.464120437467753,
      "ndcg10_pred_vs_playoff_final_results": 0.48184091065174073,
      "brier_championship_odds": 0.03222232684493065,
      "rank_mae_pred_vs_playoff_final_results": 6.933333396911621,
      "rank_rmse_pred_vs_playoff_final_results": 8.839305877685547,
      "rank_mae_eos_standings_vs_playoff_final_results": 3.1333333333333333,
      "rank_rmse_eos_standings_vs_playoff_final_results": 4.449719092257398
    }
  },
  "test_metrics_model_a": {
    "ndcg": 0.48185139166330404,
    "spearman": 0.4785317018909899,
    "mrr_top2": 0.5,
    "mrr_top4": 0.5,
    "ndcg10": 0.48185139166330404,
    "ndcg_at_4": 0.46412046738376733,
    "ndcg_at_12": 0.5259648901041762,
    "ndcg_at_16": 0.5259462964734046,
    "ndcg_at_20": 0.5301595146141864,
    "roc_auc_upset": 0.7601809954751131
  },
  "test_metrics_model_b": {
    "ndcg": 0.21634548367724132,
    "spearman": 0.6231368186874304,
    "mrr_top2": 0.2,
    "mrr_top4": 0.2,
    "ndcg10": 0.21634548367724132,
    "ndcg_at_4": 0.04166423104576856,
    "ndcg_at_12": 0.21628883190836062,
    "ndcg_at_16": 0.40777432633706395,
    "ndcg_at_20": 0.4077734145656912,
    "roc_auc_upset": 0.7466063348416289
  },
  "test_metrics_model_c": {
    "ndcg": 0.05124270050332162,
    "spearman": 0.29521690767519465,
    "mrr_top2": 0.06666666666666667,
    "mrr_top4": 0.2,
    "ndcg10": 0.05124270050332162,
    "ndcg_at_4": 0.00711064040423231,
    "ndcg_at_12": 0.05689188307031086,
    "ndcg_at_16": 0.17780814917405477,
    "ndcg_at_20": 0.18020587045170006,
    "roc_auc_upset": 0.8258928571428571
  },
  "test_metrics_by_conference": {
    "E": {
      "ndcg": 0.24200950614311126,
      "spearman": 0.2071428571428571
    },
    "W": {
      "ndcg": 0.7622279413946728,
      "spearman": 0.7249999999999999
    }
  },
  "by_season": {
    "2023-24": {
      "test_metrics_ensemble": {
        "ndcg": 0.5692563492441197,
        "spearman": 0.403781979977753,
        "mrr_top2": 1.0,
        "mrr_top4": 1.0,
        "ndcg10": 0.5692563492441197,
        "ndcg_at_4": 0.35315119534797357,
        "ndcg_at_12": 0.6157780685711884,
        "ndcg_at_16": 0.6157373326827686,
        "ndcg_at_20": 0.6163431646728164,
        "roc_auc_upset": 0.7782805429864252,
        "rank_mae_pred_vs_playoff_final_results": 7.4666666984558105,
        "rank_rmse_pred_vs_playoff_final_results": 9.451631546020508,
        "rank_mae_eos_standings_vs_playoff_final_results": 3.7333333333333334,
        "rank_rmse_eos_standings_vs_playoff_final_results": 6.093712606722878,
        "playoff_metrics": {
          "spearman_pred_vs_playoff_final_results": 0.46206896551724136,
          "ndcg_at_4_final_four": 0.35315119534797357,
          "ndcg10_pred_vs_playoff_final_results": 0.569261361312701,
          "brier_championship_odds": 0.03222232684493065,
          "rank_mae_pred_vs_playoff_final_results": 7.4666666984558105,
          "rank_rmse_pred_vs_playoff_final_results": 9.451631546020508,
          "rank_mae_eos_standings_vs_playoff_final_results": 3.7333333333333334,
          "rank_rmse_eos_standings_vs_playoff_final_results": 6.093712606722878
        }
      },
      "test_metrics_model_a": {
        "ndcg": 0.5576489211580822,
        "spearman": 0.3984427141268076,
        "mrr_top2": 1.0,
        "mrr_top4": 1.0,
        "ndcg10": 0.5576489211580822,
        "ndcg_at_4": 0.35315119534797357,
        "ndcg_at_12": 0.6041736893755203,
        "ndcg_at_16": 0.6041338436121794,
        "ndcg_at_20": 0.6047397266369398,
        "roc_auc_upset": 0.7828054298642534
      },
      "test_metrics_model_b": {
        "ndcg": 0.8051903261342123,
        "spearman": 0.3971078976640712,
        "mrr_top2": 1.0,
        "mrr_top4": 1.0,
        "ndcg10": 0.8051903261342123,
        "ndcg_at_4": 0.7261751187226982,
        "ndcg_at_12": 0.8050866629333748,
        "ndcg_at_16": 0.8050282358549778,
        "ndcg_at_20": 0.8468626534488015,
        "roc_auc_upset": 0.7828054298642533
      },
      "test_metrics_model_c": {
        "ndcg": 0.333487026575135,
        "spearman": 0.2422691879866518,
        "mrr_top2": 0.16666666666666666,
        "mrr_top4": 0.16666666666666666,
        "ndcg10": 0.333487026575135,
        "ndcg_at_4": 0.0011069724610271625,
        "ndcg_at_12": 0.33890731926775686,
        "ndcg_at_16": 0.35966393831396193,
        "ndcg_at_20": 0.37117378097667086,
        "roc_auc_upset": 0.7777777777777778
      },
      "test_metrics_by_conference": {
        "E": {
          "ndcg": 0.4082984176139838,
          "spearman": 0.28928571428571426
        },
        "W": {
          "ndcg": 0.9193429499625502,
          "spearman": 0.4642857142857142
        }
      },
      "notes": {
        "eos_rank_source": "eos_final_rank"
      }
    },
    "2024-25": {
      "test_metrics_ensemble": {
        "ndcg": 0.48185139166330404,
        "spearman": 0.4785317018909899,
        "mrr_top2": 0.5,
        "mrr_top4": 0.5,
        "ndcg10": 0.48185139166330404,
        "ndcg_at_4": 0.46412046738376733,
        "ndcg_at_12": 0.5259648901041762,
        "ndcg_at_16": 0.5259462964734046,
        "ndcg_at_20": 0.5301595146141864,
        "roc_auc_upset": 0.7601809954751131,
        "rank_mae_pred_vs_playoff_final_results": 6.933333396911621,
        "rank_rmse_pred_vs_playoff_final_results": 8.839305877685547,
        "rank_mae_eos_standings_vs_playoff_final_results": 3.1333333333333333,
        "rank_rmse_eos_standings_vs_playoff_final_results": 4.449719092257398,
        "playoff_metrics": {
          "spearman_pred_vs_playoff_final_results": 0.4776418242491657,
          "ndcg_at_4_final_four": 0.464120437467753,
          "ndcg10_pred_vs_playoff_final_results": 0.48184091065174073,
          "brier_championship_odds": 0.03222232684493065,
          "rank_mae_pred_vs_playoff_final_results": 6.933333396911621,
          "rank_rmse_pred_vs_playoff_final_results": 8.839305877685547,
          "rank_mae_eos_standings_vs_playoff_final_results": 3.1333333333333333,
          "rank_rmse_eos_standings_vs_playoff_final_results": 4.449719092257398
        }
      },
      "test_metrics_model_a": {
        "ndcg": 0.48185139166330404,
        "spearman": 0.4785317018909899,
        "mrr_top2": 0.5,
        "mrr_top4": 0.5,
        "ndcg10": 0.48185139166330404,
        "ndcg_at_4": 0.46412046738376733,
        "ndcg_at_12": 0.5259648901041762,