{
  "test_metrics_ensemble": {
    "ndcg": 0.49216278547619796,
    "spearman": 0.4758620689655172,
    "mrr_top2": 0.5,
    "mrr_top4": 0.5,
    "ndcg10": 0.49216278547619796,
    "ndcg_at_4": 0.5004034533491234,
    "ndcg_at_12": 0.5376761728626458,
    "ndcg_at_16": 0.5388986438594555,
    "ndcg_at_20": 0.5388962875328014,
    "roc_auc_upset": 0.7723214285714286,
    "rank_mae_pred_vs_playoff_final_results": 7.066666603088379,
    "rank_rmse_pred_vs_playoff_final_results": 8.861903190612793,
    "rank_mae_eos_standings_vs_playoff_final_results": 3.1333333333333333,
    "rank_rmse_eos_standings_vs_playoff_final_results": 4.449719092257398,
    "playoff_metrics": {
      "spearman_pred_vs_playoff_final_results": 0.489210233592881,
      "ndcg_at_4_final_four": 0.5004034533491234,
      "ndcg10_pred_vs_playoff_final_results": 0.49215231518489677,
      "brier_championship_odds": 0.03222232684493065,
      "rank_mae_pred_vs_playoff_final_results": 7.066666603088379,
      "rank_rmse_pred_vs_playoff_final_results": 8.861903190612793,
      "rank_mae_eos_standings_vs_playoff_final_results": 3.1333333333333333,
      "rank_rmse_eos_standings_vs_playoff_final_results": 4.449719092257398
    }
  },
  "test_metrics_model_a": {
    "ndcg": 0.49216278547619796,
    "spearman": 0.46607341490545046,
    "mrr_top2": 0.5,
    "mrr_top4": 0.5,
    "ndcg10": 0.49216278547619796,
    "ndcg_at_4": 0.5004034533491234,
    "ndcg_at_12": 0.5376761728626458,
    "ndcg_at_16": 0.5376571524800375,
    "ndcg_at_20": 0.5388717365850748,
    "roc_auc_upset": 0.7767857142857143
  },
  "test_metrics_model_b": {
    "ndcg": 0.15629487463667316,
    "spearman": 0.5096774193548387,
    "mrr_top2": 0.16666666666666666,
    "mrr_top4": 0.16666666666666666,
    "ndcg10": 0.15629487463667316,
    "ndcg_at_4": 0.04029517653159447,
    "ndcg_at_12": 0.20155379028177695,
    "ndcg_at_16": 0.22187712624564265,
    "ndcg_at_20": 0.2218771084355593,
    "roc_auc_upset": 0.7894736842105263
  },
  "test_metrics_model_c": {
    "ndcg": 0.05124995751403931,
    "spearman": 0.30189098998887653,
    "mrr_top2": 0.0625,
    "mrr_top4": 0.2,
    "ndcg10": 0.05124995751403931,
    "ndcg_at_4": 0.00711064040423231,
    "ndcg_at_12": 0.056899138174850025,
    "ndcg_at_16": 0.1769467286075223,
    "ndcg_at_20": 0.17934445367388585,
    "roc_auc_upset": 0.8258928571428571
  },
  "test_metrics_by_conference": {
    "E": {
      "ndcg": 0.2615177182865235,
      "spearman": 0.2321428571428571
    },
    "W": {
      "ndcg": 0.7723141400583361,
      "spearman": 0.6321428571428571
    }
  },
  "notes": {
    "eos_rank_source": "eos_final_rank"
  }
}