{
  "test_metrics_ensemble": {
    "ndcg": 0.5896877862558768,
    "spearman": 0.4211345939933259,
    "mrr_top2": 1.0,
    "mrr_top4": 1.0,
    "ndcg10": 0.5896877862558768,
    "ndcg_at_4": 0.35315119534797357,
    "ndcg_at_12": 0.589538252169776,
    "ndcg_at_16": 0.5907629937191037,
    "ndcg_at_20": 0.5913781105266502,
    "roc_auc_upset": 0.7828054298642534,
    "rank_mae_pred_vs_playoff_final_results": 7.5333333015441895,
    "rank_rmse_pred_vs_playoff_final_results": 9.31307315826416,
    "rank_mae_eos_standings_vs_playoff_final_results": 3.7333333333333334,
    "rank_rmse_eos_standings_vs_playoff_final_results": 6.093712606722878,
    "playoff_metrics": {
      "spearman_pred_vs_playoff_final_results": 0.4398220244716351,
      "ndcg_at_4_final_four": 0.35315119534797357,
      "ndcg10_pred_vs_playoff_final_results": 0.5896870671015507,
      "brier_championship_odds": 0.03222232684493065,
      "rank_mae_pred_vs_playoff_final_results": 7.5333333015441895,
      "rank_rmse_pred_vs_playoff_final_results": 9.31307315826416,
      "rank_mae_eos_standings_vs_playoff_final_results": 3.7333333333333334,
      "rank_rmse_eos_standings_vs_playoff_final_results": 6.093712606722878
    }
  },
  "test_metrics_model_a": {
    "ndcg": 0.5896877862558768,
    "spearman": 0.4100111234705228,
    "mrr_top2": 1.0,
    "mrr_top4": 1.0,
    "ndcg10": 0.5896877862558768,
    "ndcg_at_4": 0.35315119534797357,
    "ndcg_at_12": 0.589538252169776,
    "ndcg_at_16": 0.5907629937191037,
    "ndcg_at_20": 0.5913779635611928,
    "roc_auc_upset": 0.7873303167420814
  },
  "test_metrics_model_b": {
    "ndcg": 0.5553691734249547,
    "spearman": 0.3815350389321468,
    "mrr_top2": 0.5,
    "mrr_top4": 0.5,
    "ndcg10": 0.5553691734249547,
    "ndcg_at_4": 0.44093212795935904,
    "ndcg_at_12": 0.5552267303698166,
    "ndcg_at_16": 0.5602503811171743,
    "ndcg_at_20": 0.560248210350123,
    "roc_auc_upset": 0.8348214285714286
  },
  "test_metrics_model_c": {
    "ndcg": 0.333487026575135,
    "spearman": 0.23159065628476083,
    "mrr_top2": 0.16666666666666666,
    "mrr_top4": 0.16666666666666666,
    "ndcg10": 0.333487026575135,
    "ndcg_at_4": 0.0011069724610271625,
    "ndcg_at_12": 0.33890731926775686,
    "ndcg_at_16": 0.35966393831396193,
    "ndcg_at_20": 0.3699999322309346,
    "roc_auc_upset": 0.7633928571428571
  },
  "test_metrics_by_conference": {
    "E": {
      "ndcg": 0.38369169619137905,
      "spearman": 0.24285714285714283
    },
    "W": {
      "ndcg": 0.9322282740664924,
      "spearman": 0.5928571428571427
    }
  },
  "notes": {
    "eos_rank_source": "eos_final_rank"
  }
}