{
  "notes": {
    "eval_on": "test",
    "eos_rank_source": "eos_final_rank",
    "upset_definition": "sleeper = EOS_global_rank > predicted_strength",
    "mrr_top2": "1/rank of first team in top 2 (champion+runner-up) in predicted order.",
    "mrr_top4": "1/rank of first team in top 4 (conference finals) in predicted order.",
    "per_conference_relevance": "Within E/W: actual rank derived from EOS_global_rank (1=best in conf); NDCG/Spearman use this relevance.",
    "playoff_metrics": "Spearman (pred global vs playoff_final_results), NDCG@4 (final four), Brier (champion vs odds). rank_mae/rank_rmse: pred vs playoff_final_results; eos_standings vs playoff_final_results (baseline)."
  },
  "split_info": {
    "train_frac": 0.75,
    "n_train_dates": 141,
    "n_test_dates": 36,
    "split_mode": "seasons"
  },
  "test_metrics_ensemble": {
    "ndcg": 0.49216278547619796,
    "spearman": 0.4758620689655172,
    "mrr_top2": 0.5,
    "mrr_top4": 0.5,
    "ndcg10": 0.49216278547619796,
    "ndcg_at_4": 0.5004034533491234,
    "ndcg_at_12": 0.5376761728626458,
    "ndcg_at_16": 0.5388986438594555,
    "ndcg_at_20": 0.5388962875328014,
    "roc_auc_upset": 0.7723214285714286,
    "rank_mae_pred_vs_playoff_final_results": 7.066666603088379,
    "rank_rmse_pred_vs_playoff_final_results": 8.861903190612793,
    "rank_mae_eos_standings_vs_playoff_final_results": 3.1333333333333333,
    "rank_rmse_eos_standings_vs_playoff_final_results": 4.449719092257398,
    "playoff_metrics": {
      "spearman_pred_vs_playoff_final_results": 0.489210233592881,
      "ndcg_at_4_final_four": 0.5004034533491234,
      "ndcg10_pred_vs_playoff_final_results": 0.49215231518489677,
      "brier_championship_odds": 0.03222232684493065,
      "rank_mae_pred_vs_playoff_final_results": 7.066666603088379,
      "rank_rmse_pred_vs_playoff_final_results": 8.861903190612793,
      "rank_mae_eos_standings_vs_playoff_final_results": 3.1333333333333333,
      "rank_rmse_eos_standings_vs_playoff_final_results": 4.449719092257398
    }
  },
  "test_metrics_model_a": {
    "ndcg": 0.49216278547619796,
    "spearman": 0.46607341490545046,
    "mrr_top2": 0.5,
    "mrr_top4": 0.5,
    "ndcg10": 0.49216278547619796,
    "ndcg_at_4": 0.5004034533491234,
    "ndcg_at_12": 0.5376761728626458,
    "ndcg_at_16": 0.5376571524800375,
    "ndcg_at_20": 0.5388717365850748,
    "roc_auc_upset": 0.7767857142857143
  },
  "test_metrics_model_b": {
    "ndcg": 0.15629487463667316,
    "spearman": 0.5096774193548387,
    "mrr_top2": 0.16666666666666666,
    "mrr_top4": 0.16666666666666666,
    "ndcg10": 0.15629487463667316,
    "ndcg_at_4": 0.04029517653159447,
    "ndcg_at_12": 0.20155379028177695,
    "ndcg_at_16": 0.22187712624564265,
    "ndcg_at_20": 0.2218771084355593,
    "roc_auc_upset": 0.7894736842105263
  },
  "test_metrics_model_c": {
    "ndcg": 0.05124995751403931,
    "spearman": 0.30189098998887653,
    "mrr_top2": 0.0625,
    "mrr_top4": 0.2,
    "ndcg10": 0.05124995751403931,
    "ndcg_at_4": 0.00711064040423231,
    "ndcg_at_12": 0.056899138174850025,
    "ndcg_at_16": 0.1769467286075223,
    "ndcg_at_20": 0.17934445367388585,
    "roc_auc_upset": 0.8258928571428571
  },
  "test_metrics_by_conference": {
    "E": {
      "ndcg": 0.2615177182865235,
      "spearman": 0.2321428571428571
    },
    "W": {
      "ndcg": 0.7723141400583361,
      "spearman": 0.6321428571428571
    }
  },
  "by_season": {
    "2023-24": {
      "test_metrics_ensemble": {
        "ndcg": 0.5896877862558768,
        "spearman": 0.4211345939933259,
        "mrr_top2": 1.0,
        "mrr_top4": 1.0,
        "ndcg10": 0.5896877862558768,
        "ndcg_at_4": 0.35315119534797357,
        "ndcg_at_12": 0.589538252169776,
        "ndcg_at_16": 0.5907629937191037,
        "ndcg_at_20": 0.5913781105266502,
        "roc_auc_upset": 0.7828054298642534,
        "rank_mae_pred_vs_playoff_final_results": 7.5333333015441895,
        "rank_rmse_pred_vs_playoff_final_results": 9.31307315826416,
        "rank_mae_eos_standings_vs_playoff_final_results": 3.7333333333333334,
        "rank_rmse_eos_standings_vs_playoff_final_results": 6.093712606722878,
        "playoff_metrics": {
          "spearman_pred_vs_playoff_final_results": 0.4398220244716351,
          "ndcg_at_4_final_four": 0.35315119534797357,
          "ndcg10_pred_vs_playoff_final_results": 0.5896870671015507,
          "brier_championship_odds": 0.03222232684493065,
          "rank_mae_pred_vs_playoff_final_results": 7.5333333015441895,
          "rank_rmse_pred_vs_playoff_final_results": 9.31307315826416,
          "rank_mae_eos_standings_vs_playoff_final_results": 3.7333333333333334,
          "rank_rmse_eos_standings_vs_playoff_final_results": 6.093712606722878
        }
      },
      "test_metrics_model_a": {
        "ndcg": 0.5896877862558768,
        "spearman": 0.4100111234705228,
        "mrr_top2": 1.0,
        "mrr_top4": 1.0,
        "ndcg10": 0.5896877862558768,
        "ndcg_at_4": 0.35315119534797357,
        "ndcg_at_12": 0.589538252169776,
        "ndcg_at_16": 0.5907629937191037,
        "ndcg_at_20": 0.5913779635611928,
        "roc_auc_upset": 0.7873303167420814
      },
      "test_metrics_model_b": {
        "ndcg": 0.5553691734249547,
        "spearman": 0.3815350389321468,
        "mrr_top2": 0.5,
        "mrr_top4": 0.5,
        "ndcg10": 0.5553691734249547,
        "ndcg_at_4": 0.44093212795935904,
        "ndcg_at_12": 0.5552267303698166,
        "ndcg_at_16": 0.5602503811171743,
        "ndcg_at_20": 0.560248210350123,
        "roc_auc_upset": 0.8348214285714286
      },
      "test_metrics_model_c": {
        "ndcg": 0.333487026575135,
        "spearman": 0.23159065628476083,
        "mrr_top2": 0.16666666666666666,
        "mrr_top4": 0.16666666666666666,
        "ndcg10": 0.333487026575135,
        "ndcg_at_4": 0.0011069724610271625,
        "ndcg_at_12": 0.33890731926775686,
        "ndcg_at_16": 0.35966393831396193,
        "ndcg_at_20": 0.3699999322309346,
        "roc_auc_upset": 0.7633928571428571
      },
      "test_metrics_by_conference": {
        "E": {
          "ndcg": 0.38369169619137905,
          "spearman": 0.24285714285714283
        },
        "W": {
          "ndcg": 0.9322282740664924,
          "spearman": 0.5928571428571427
        }
      },
      "notes": {
        "eos_rank_source": "eos_final_rank"
      }
    },
    "2024-25": {
      "test_metrics_ensemble": {
        "ndcg": 0.49216278547619796,
        "spearman": 0.4758620689655172,
        "mrr_top2": 0.5,
        "mrr_top4": 0.5,
        "ndcg10": 0.49216278547619796,
        "ndcg_at_4": 0.5004034533491234,
        "ndcg_at_12": 0.5376761728626458,
        "ndcg_at_16": 0.5388986438594555,
        "ndcg_at_20": 0.5388962875328014,
        "roc_auc_upset": 0.7723214285714286,
        "rank_mae_pred_vs_playoff_final_results": 7.066666603088379,
        "rank_rmse_pred_vs_playoff_final_results": 8.861903190612793,
        "rank_mae_eos_standings_vs_playoff_final_results": 3.1333333333333333,
        "rank_rmse_eos_standings_vs_playoff_final_results": 4.449719092257398,
        "playoff_metrics": {
          "spearman_pred_vs_playoff_final_results": 0.489210233592881,
          "ndcg_at_4_final_four": 0.5004034533491234,
          "ndcg10_pred_vs_playoff_final_results": 0.49215231518489677,
          "brier_championship_odds": 0.03222232684493065,
          "rank_mae_pred_vs_playoff_final_results": 7.066666603088379,
          "rank_rmse_pred_vs_playoff_final_results": 8.861903190612793,
          "rank_mae_eos_standings_vs_playoff_final_results": 3.1333333333333333,
          "rank_rmse_eos_standings_vs_playoff_final_results": 4.449719092257398
        }
      },
      "test_metrics_model_a": {
        "ndcg": 0.49216278547619796,
        "spearman": 0.46607341490545046,
        "mrr_top2": 0.5,
        "mrr_top4": 0.5,
        "ndcg10": 0.49216278547619796,
        "ndcg_at_4": 0.5004034533491234,
        "ndcg_at_12": 0.5376761728626458,