{
  "notes": {
    "eval_on": "test",
    "eos_rank_source": "eos_final_rank",
    "upset_definition": "sleeper = EOS_global_rank > predicted_strength",
    "mrr_top2": "1/rank of first team in top 2 (champion+runner-up) in predicted order.",
    "mrr_top4": "1/rank of first team in top 4 (conference finals) in predicted order.",
    "per_conference_relevance": "Within E/W: actual rank derived from EOS_global_rank (1=best in conf); NDCG/Spearman use this relevance.",
    "playoff_metrics": "Spearman (pred global vs playoff_final_results), NDCG@4 (final four), Brier (champion vs odds). rank_mae/rank_rmse: pred vs playoff_final_results; eos_standings vs playoff_final_results (baseline)."
  },
  "split_info": {
    "train_frac": 0.75,
    "n_train_dates": 141,
    "n_test_dates": 36,
    "split_mode": "seasons"
  },
  "test_metrics_ensemble": {
    "ndcg": 0.5288116480538881,
    "spearman": 0.4901001112347052,
    "mrr_top2": 0.5,
    "mrr_top4": 0.5,
    "ndcg10": 0.5288116480538881,
    "ndcg_at_4": 0.46421121466877174,
    "ndcg_at_12": 0.5290480797520611,
    "ndcg_at_16": 0.5290095465457293,
    "ndcg_at_20": 0.532617924022702,
    "roc_auc_upset": 0.75,
    "rank_mae_pred_vs_playoff_final_results": 6.733333110809326,
    "rank_rmse_pred_vs_playoff_final_results": 8.74070930480957,
    "rank_mae_eos_standings_vs_playoff_final_results": 3.1333333333333333,
    "rank_rmse_eos_standings_vs_playoff_final_results": 4.449719092257398,
    "playoff_metrics": {
      "spearman_pred_vs_playoff_final_results": 0.48120133481646277,
      "ndcg_at_4_final_four": 0.46419589766943586,
      "ndcg10_pred_vs_playoff_final_results": 0.5287967536845938,
      "brier_championship_odds": 0.03222232684493065,
      "rank_mae_pred_vs_playoff_final_results": 6.733333110809326,
      "rank_rmse_pred_vs_playoff_final_results": 8.74070930480957,
      "rank_mae_eos_standings_vs_playoff_final_results": 3.1333333333333333,
      "rank_rmse_eos_standings_vs_playoff_final_results": 4.449719092257398
    }
  },
  "test_metrics_model_a": {
    "ndcg": 0.5288116480538881,
    "spearman": 0.4901001112347052,
    "mrr_top2": 0.5,
    "mrr_top4": 0.5,
    "ndcg10": 0.5288116480538881,
    "ndcg_at_4": 0.46421121466877174,
    "ndcg_at_12": 0.5290480797520611,
    "ndcg_at_16": 0.5290095465457293,
    "ndcg_at_20": 0.532617924022702,
    "roc_auc_upset": 0.75
  },
  "test_metrics_model_b": {
    "ndcg": 0.20642817943866273,
    "spearman": 0.5973303670745272,
    "mrr_top2": 0.16666666666666666,
    "mrr_top4": 0.16666666666666666,
    "ndcg10": 0.20642817943866273,
    "ndcg_at_4": 0.04166423104576856,
    "ndcg_at_12": 0.20641698758299704,
    "ndcg_at_16": 0.2267811461640577,
    "ndcg_at_20": 0.3825523760046381,
    "roc_auc_upset": 0.8125
  },
  "test_metrics_model_c": {
    "ndcg": 0.05139534647930671,
    "spearman": 0.303670745272525,
    "mrr_top2": 0.06666666666666667,
    "mrr_top4": 0.2,
    "ndcg10": 0.05139534647930671,
    "ndcg_at_4": 0.0072603807417201014,
    "ndcg_at_12": 0.05704448895120833,
    "ndcg_at_16": 0.1779607433491712,
    "ndcg_at_20": 0.18035846395567354,
    "roc_auc_upset": 0.8258928571428571
  },
  "test_metrics_by_conference": {
    "E": {
      "ndcg": 0.24071617726131087,
      "spearman": 0.19999999999999998
    },
    "W": {
      "ndcg": 0.7524991469189859,
      "spearman": 0.7071428571428571
    }
  },
  "by_season": {
    "2023-24": {
      "test_metrics_ensemble": {
        "ndcg": 0.5407831214906897,
        "spearman": 0.38776418242491656,
        "mrr_top2": 1.0,
        "mrr_top4": 1.0,
        "ndcg10": 0.5407831214906897,
        "ndcg_at_4": 0.35315119534797357,
        "ndcg_at_12": 0.585942216580262,
        "ndcg_at_16": 0.5878220998179234,
        "ndcg_at_20": 0.5878286681481344,
        "roc_auc_upset": 0.7546296296296297,
        "rank_mae_pred_vs_playoff_final_results": 7.5333333015441895,
        "rank_rmse_pred_vs_playoff_final_results": 9.577752113342285,
        "rank_mae_eos_standings_vs_playoff_final_results": 3.7333333333333334,
        "rank_rmse_eos_standings_vs_playoff_final_results": 6.093712606722878,
        "playoff_metrics": {
          "spearman_pred_vs_playoff_final_results": 0.4211345939933259,
          "ndcg_at_4_final_four": 0.35315119534797357,
          "ndcg10_pred_vs_playoff_final_results": 0.5407890112609435,
          "brier_championship_odds": 0.03222232684493065,
          "rank_mae_pred_vs_playoff_final_results": 7.5333333015441895,
          "rank_rmse_pred_vs_playoff_final_results": 9.577752113342285,
          "rank_mae_eos_standings_vs_playoff_final_results": 3.7333333333333334,
          "rank_rmse_eos_standings_vs_playoff_final_results": 6.093712606722878
        }
      },
      "test_metrics_model_a": {
        "ndcg": 0.5407831214906897,
        "spearman": 0.37664071190211346,
        "mrr_top2": 1.0,
        "mrr_top4": 1.0,
        "ndcg10": 0.5407831214906897,
        "ndcg_at_4": 0.35315119534797357,
        "ndcg_at_12": 0.585942216580262,
        "ndcg_at_16": 0.5878220998179234,
        "ndcg_at_20": 0.5878196444202658,
        "roc_auc_upset": 0.763888888888889
      },
      "test_metrics_model_b": {
        "ndcg": 0.8055193198870861,
        "spearman": 0.3979977753058954,
        "mrr_top2": 1.0,
        "mrr_top4": 1.0,
        "ndcg10": 0.8055193198870861,
        "ndcg_at_4": 0.705915834267812,
        "ndcg_at_12": 0.8053941424465199,
        "ndcg_at_16": 0.8053558899398645,
        "ndcg_at_20": 0.810135219952863,
        "roc_auc_upset": 0.7692307692307692
      },
      "test_metrics_model_c": {
        "ndcg": 0.33348743391404295,
        "spearman": 0.22847608453837595,
        "mrr_top2": 0.16666666666666666,
        "mrr_top4": 0.16666666666666666,
        "ndcg10": 0.33348743391404295,
        "ndcg_at_4": 0.001111095381373398,
        "ndcg_at_12": 0.3389077264996702,
        "ndcg_at_16": 0.3596643455146382,
        "ndcg_at_20": 0.3699901174713633,
        "roc_auc_upset": 0.7678571428571429
      },
      "test_metrics_by_conference": {
        "E": {
          "ndcg": 0.38520906425700524,
          "spearman": 0.3071428571428571
        },
        "W": {
          "ndcg": 0.9213917431112483,
          "spearman": 0.5
        }
      },
      "notes": {
        "eos_rank_source": "eos_final_rank"
      }
    },
    "2024-25": {
      "test_metrics_ensemble": {
        "ndcg": 0.5288116480538881,
        "spearman": 0.4901001112347052,
        "mrr_top2": 0.5,
        "mrr_top4": 0.5,
        "ndcg10": 0.5288116480538881,
        "ndcg_at_4": 0.46421121466877174,
        "ndcg_at_12": 0.5290480797520611,
        "ndcg_at_16": 0.5290095465457293,
        "ndcg_at_20": 0.532617924022702,
        "roc_auc_upset": 0.75,
        "rank_mae_pred_vs_playoff_final_results": 6.733333110809326,
        "rank_rmse_pred_vs_playoff_final_results": 8.74070930480957,
        "rank_mae_eos_standings_vs_playoff_final_results": 3.1333333333333333,
        "rank_rmse_eos_standings_vs_playoff_final_results": 4.449719092257398,
        "playoff_metrics": {
          "spearman_pred_vs_playoff_final_results": 0.48120133481646277,
          "ndcg_at_4_final_four": 0.46419589766943586,
          "ndcg10_pred_vs_playoff_final_results": 0.5287967536845938,
          "brier_championship_odds": 0.03222232684493065,
          "rank_mae_pred_vs_playoff_final_results": 6.733333110809326,
          "rank_rmse_pred_vs_playoff_final_results": 8.74070930480957,
          "rank_mae_eos_standings_vs_playoff_final_results": 3.1333333333333333,
          "rank_rmse_eos_standings_vs_playoff_final_results": 4.449719092257398
        }
      },
      "test_metrics_model_a": {
        "ndcg": 0.5288116480538881,
        "spearman": 0.4901001112347052,
        "mrr_top2": 0.5,
        "mrr_top4": 0.5,
        "ndcg10": 0.5288116480538881,
        "ndcg_at_4": 0.46421121466877174,
        "ndcg_at_12": 0.5290480797520611,
        "ndcg_at_16": 0.5290095465457293,