{
  "test_metrics_ensemble": {
    "ndcg": 0.5925747707816731,
    "spearman": 0.39221357063403783,
    "mrr_top2": 1.0,
    "mrr_top4": 1.0,
    "ndcg10": 0.5925747707816731,
    "ndcg_at_4": 0.35315119534797357,
    "ndcg_at_12": 0.5924687157924636,
    "ndcg_at_16": 0.5943781168877358,
    "ndcg_at_20": 0.5943756298846179,
    "roc_auc_upset": 0.7149321266968326,
    "rank_mae_pred_vs_playoff_final_results": 7.599999904632568,
    "rank_rmse_pred_vs_playoff_final_results": 9.542885780334473,
    "rank_mae_eos_standings_vs_playoff_final_results": 3.7333333333333334,
    "rank_rmse_eos_standings_vs_playoff_final_results": 6.093712606722878,
    "playoff_metrics": {
      "spearman_pred_vs_playoff_final_results": 0.4242491657397108,
      "ndcg_at_4_final_four": 0.35315119534797357,
      "ndcg10_pred_vs_playoff_final_results": 0.59258002008096,
      "brier_championship_odds": 0.03222232684493065,
      "rank_mae_pred_vs_playoff_final_results": 7.599999904632568,
      "rank_rmse_pred_vs_playoff_final_results": 9.542885780334473,
      "rank_mae_eos_standings_vs_playoff_final_results": 3.7333333333333334,
      "rank_rmse_eos_standings_vs_playoff_final_results": 6.093712606722878
    }
  },
  "test_metrics_model_a": {
    "ndcg": 0.5925747707816731,
    "spearman": 0.39221357063403783,
    "mrr_top2": 1.0,
    "mrr_top4": 1.0,
    "ndcg10": 0.5925747707816731,
    "ndcg_at_4": 0.35315119534797357,
    "ndcg_at_12": 0.5924687157924636,
    "ndcg_at_16": 0.5943781168877358,
    "ndcg_at_20": 0.5943756298846179,
    "roc_auc_upset": 0.7149321266968326
  },
  "test_metrics_model_b": {
    "ndcg": 0.8063721939044944,
    "spearman": 0.41935483870967744,
    "mrr_top2": 1.0,
    "mrr_top4": 1.0,
    "ndcg10": 0.8063721939044944,
    "ndcg_at_4": 0.7116242168324007,
    "ndcg_at_12": 0.806184579734205,
    "ndcg_at_16": 0.8062046906902847,
    "ndcg_at_20": 0.8451476958235905,
    "roc_auc_upset": 0.7777777777777778
  },
  "test_metrics_model_c": {
    "ndcg": 0.333487026575135,
    "spearman": 0.2422691879866518,
    "mrr_top2": 0.16666666666666666,
    "mrr_top4": 0.16666666666666666,
    "ndcg10": 0.333487026575135,
    "ndcg_at_4": 0.0011069724610271625,
    "ndcg_at_12": 0.33890731926775686,
    "ndcg_at_16": 0.35966393831396193,
    "ndcg_at_20": 0.37117378097667086,
    "roc_auc_upset": 0.7777777777777778
  },
  "test_metrics_by_conference": {
    "E": {
      "ndcg": 0.3869402032684001,
      "spearman": 0.30357142857142855
    },
    "W": {
      "ndcg": 0.94206812138719,
      "spearman": 0.4928571428571427
    }
  },
  "notes": {
    "eos_rank_source": "eos_final_rank"
  }
}