{
  "test_metrics_ensemble": {
    "ndcg": 0.5391059612957272,
    "spearman": 0.5038932146829811,
    "mrr_top2": 0.5,
    "mrr_top4": 0.5,
    "ndcg10": 0.5391059612957272,
    "ndcg_at_4": 0.5004034533491234,
    "ndcg_at_12": 0.5389871442161046,
    "ndcg_at_16": 0.5392804049502467,
    "ndcg_at_20": 0.5428841597452477,
    "roc_auc_upset": 0.7544642857142857,
    "rank_mae_pred_vs_playoff_final_results": 6.800000190734863,
    "rank_rmse_pred_vs_playoff_final_results": 8.621678352355957,
    "rank_mae_eos_standings_vs_playoff_final_results": 3.1333333333333333,
    "rank_rmse_eos_standings_vs_playoff_final_results": 4.449719092257398,
    "playoff_metrics": {
      "spearman_pred_vs_playoff_final_results": 0.5056729699666296,
      "ndcg_at_4_final_four": 0.5004034533491234,
      "ndcg10_pred_vs_playoff_final_results": 0.5390953469789957,
      "brier_championship_odds": 0.03222232684493065,
      "rank_mae_pred_vs_playoff_final_results": 6.800000190734863,
      "rank_rmse_pred_vs_playoff_final_results": 8.621678352355957,
      "rank_mae_eos_standings_vs_playoff_final_results": 3.1333333333333333,
      "rank_rmse_eos_standings_vs_playoff_final_results": 4.449719092257398
    }
  },
  "test_metrics_model_a": {
    "ndcg": 0.5391059612957272,
    "spearman": 0.5038932146829811,
    "mrr_top2": 0.5,
    "mrr_top4": 0.5,
    "ndcg10": 0.5391059612957272,
    "ndcg_at_4": 0.5004034533491234,
    "ndcg_at_12": 0.5389871442161046,
    "ndcg_at_16": 0.5392804049502467,
    "ndcg_at_20": 0.5428841597452477,
    "roc_auc_upset": 0.7544642857142857
  },
  "test_metrics_model_b": {
    "ndcg": 0.167555341824438,
    "spearman": 0.6400444938820912,
    "mrr_top2": 0.2,
    "mrr_top4": 0.2,
    "ndcg10": 0.167555341824438,
    "ndcg_at_4": 0.04166423104576856,
    "ndcg_at_12": 0.23475421260903376,
    "ndcg_at_16": 0.4053490202306908,
    "ndcg_at_20": 0.40538534038488966,
    "roc_auc_upset": 0.7782805429864253
  },
  "test_metrics_model_c": {
    "ndcg": 0.05124270050332162,
    "spearman": 0.29521690767519465,
    "mrr_top2": 0.06666666666666667,
    "mrr_top4": 0.2,
    "ndcg10": 0.05124270050332162,
    "ndcg_at_4": 0.00711064040423231,
    "ndcg_at_12": 0.05689188307031086,
    "ndcg_at_16": 0.17780814917405477,
    "ndcg_at_20": 0.18020587045170006,
    "roc_auc_upset": 0.8258928571428571
  },
  "test_metrics_by_conference": {
    "E": {
      "ndcg": 0.26248772319829716,
      "spearman": 0.2642857142857143
    },
    "W": {
      "ndcg": 0.7723141400583361,
      "spearman": 0.6928571428571427
    }
  },
  "notes": {
    "eos_rank_source": "eos_final_rank"
  }
}