{
  "test_metrics_ensemble": {
    "ndcg": 0.49234078654549324,
    "spearman": 0.45850945494994433,
    "mrr_top2": 0.5,
    "mrr_top4": 0.5,
    "ndcg10": 0.49234078654549324,
    "ndcg_at_4": 0.5000767305846443,
    "ndcg_at_12": 0.5364515297666217,
    "ndcg_at_16": 0.5364326033214412,
    "ndcg_at_20": 0.540036370569926,
    "roc_auc_upset": 0.7589285714285714,
    "rank_mae_pred_vs_playoff_final_results": 6.866666793823242,
    "rank_rmse_pred_vs_playoff_final_results": 9.007404327392578,
    "rank_mae_eos_standings_vs_playoff_final_results": 3.1333333333333333,
    "rank_rmse_eos_standings_vs_playoff_final_results": 4.449719092257398,
    "playoff_metrics": {
      "spearman_pred_vs_playoff_final_results": 0.4674082313681869,
      "ndcg_at_4_final_four": 0.50007670066863,
      "ndcg10_pred_vs_playoff_final_results": 0.49232871366186,
      "brier_championship_odds": 0.03222232684493065,
      "rank_mae_pred_vs_playoff_final_results": 6.866666793823242,
      "rank_rmse_pred_vs_playoff_final_results": 9.007404327392578,
      "rank_mae_eos_standings_vs_playoff_final_results": 3.1333333333333333,
      "rank_rmse_eos_standings_vs_playoff_final_results": 4.449719092257398
    }
  },
  "test_metrics_model_a": {
    "ndcg": 0.49205226462659823,
    "spearman": 0.4558398220244716,
    "mrr_top2": 0.5,
    "mrr_top4": 0.5,
    "ndcg10": 0.49205226462659823,
    "ndcg_at_4": 0.5000767305846443,
    "ndcg_at_12": 0.5361630836329647,
    "ndcg_at_16": 0.5361441793133226,
    "ndcg_at_20": 0.5397479478303601,
    "roc_auc_upset": 0.7633928571428572
  },
  "test_metrics_model_b": {
    "ndcg": 0.17990443205154372,
    "spearman": 0.6088987764182424,
    "mrr_top2": 0.25,
    "mrr_top4": 0.25,
    "ndcg10": 0.17990443205154372,
    "ndcg_at_4": 0.16775742802418675,
    "ndcg_at_12": 0.1799456555217684,
    "ndcg_at_16": 0.4057505578029937,
    "ndcg_at_20": 0.4057890965038177,
    "roc_auc_upset": 0.76
  },
  "test_metrics_model_c": {
    "ndcg": 0.05139534647930671,
    "spearman": 0.30233592880978866,
    "mrr_top2": 0.06666666666666667,
    "mrr_top4": 0.2,
    "ndcg10": 0.05139534647930671,
    "ndcg_at_4": 0.0072603807417201014,
    "ndcg_at_12": 0.05704448895120833,
    "ndcg_at_16": 0.1779607433491712,
    "ndcg_at_20": 0.18035846395567354,
    "roc_auc_upset": 0.8258928571428571
  },
  "test_metrics_by_conference": {
    "E": {
      "ndcg": 0.23895961125808413,
      "spearman": 0.1857142857142857
    },
    "W": {
      "ndcg": 0.7723141400583361,
      "spearman": 0.6321428571428571
    }
  },
  "notes": {
    "eos_rank_source": "eos_final_rank"
  }
}