{
  "test_metrics_ensemble": {
    "ndcg": 0.5489185688696423,
    "spearman": 0.43003337041156836,
    "mrr_top2": 1.0,
    "mrr_top4": 1.0,
    "ndcg10": 0.5489185688696423,
    "ndcg_at_4": 0.35315119534797357,
    "ndcg_at_12": 0.5954456302640715,
    "ndcg_at_16": 0.5954064539949082,
    "ndcg_at_20": 0.5960214034140314,
    "roc_auc_upset": 0.7601809954751131,
    "rank_mae_pred_vs_playoff_final_results": 7.066666603088379,
    "rank_rmse_pred_vs_playoff_final_results": 9.241211891174316,
    "rank_mae_eos_standings_vs_playoff_final_results": 3.7333333333333334,
    "rank_rmse_eos_standings_vs_playoff_final_results": 6.093712606722878,
    "playoff_metrics": {
      "spearman_pred_vs_playoff_final_results": 0.4629588431590656,
      "ndcg_at_4_final_four": 0.35315119534797357,
      "ndcg10_pred_vs_playoff_final_results": 0.548924104366051,
      "brier_championship_odds": 0.03222232684493065,
      "rank_mae_pred_vs_playoff_final_results": 7.066666603088379,
      "rank_rmse_pred_vs_playoff_final_results": 9.241211891174316,
      "rank_mae_eos_standings_vs_playoff_final_results": 3.7333333333333334,
      "rank_rmse_eos_standings_vs_playoff_final_results": 6.093712606722878
    }
  },
  "test_metrics_model_a": {
    "ndcg": 0.5489185688696423,
    "spearman": 0.4211345939933259,
    "mrr_top2": 1.0,
    "mrr_top4": 1.0,
    "ndcg10": 0.5489185688696423,
    "ndcg_at_4": 0.35315119534797357,
    "ndcg_at_12": 0.5954456302640715,
    "ndcg_at_16": 0.5954064539949082,
    "ndcg_at_20": 0.5960214034140314,
    "roc_auc_upset": 0.7647058823529412
  },
  "test_metrics_model_b": {
    "ndcg": 0.824193024239035,
    "spearman": 0.4264738598442714,
    "mrr_top2": 1.0,
    "mrr_top4": 1.0,
    "ndcg10": 0.824193024239035,
    "ndcg_at_4": 0.7116242168324007,
    "ndcg_at_12": 0.8239993241453464,
    "ndcg_at_16": 0.8240221137416573,
    "ndcg_at_20": 0.8288907523504558,
    "roc_auc_upset": 0.7782805429864252
  },
  "test_metrics_model_c": {
    "ndcg": 0.33348743391404295,
    "spearman": 0.22847608453837595,
    "mrr_top2": 0.16666666666666666,
    "mrr_top4": 0.16666666666666666,
    "ndcg10": 0.33348743391404295,
    "ndcg_at_4": 0.001111095381373398,
    "ndcg_at_12": 0.3389077264996702,
    "ndcg_at_16": 0.3596643455146382,
    "ndcg_at_20": 0.3699901174713633,
    "roc_auc_upset": 0.7678571428571429
  },
  "test_metrics_by_conference": {
    "E": {
      "ndcg": 0.3869402032684001,
      "spearman": 0.2821428571428571
    },
    "W": {
      "ndcg": 0.9213871629856155,
      "spearman": 0.5857142857142856
    }
  },
  "notes": {
    "eos_rank_source": "eos_final_rank"
  }
}