{
  "test_metrics_ensemble": {
    "ndcg": 0.48343725352288713,
    "spearman": 0.4874304783092325,
    "mrr_top2": 0.5,
    "mrr_top4": 0.5,
    "ndcg10": 0.48343725352288713,
    "ndcg_at_4": 0.4644132116806,
    "ndcg_at_12": 0.5272185497500005,
    "ndcg_at_16": 0.5275042830984121,
    "ndcg_at_20": 0.5310671818853085,
    "roc_auc_upset": 0.7812500000000001,
    "rank_mae_pred_vs_playoff_final_results": 7.199999809265137,
    "rank_rmse_pred_vs_playoff_final_results": 8.763561248779297,
    "rank_mae_eos_standings_vs_playoff_final_results": 3.1333333333333333,
    "rank_rmse_eos_standings_vs_playoff_final_results": 4.449719092257398,
    "playoff_metrics": {
      "spearman_pred_vs_playoff_final_results": 0.4874304783092325,
      "ndcg_at_4_final_four": 0.4644132116806,
      "ndcg10_pred_vs_playoff_final_results": 0.48342519219808655,
      "brier_championship_odds": 0.03222232684493065,
      "rank_mae_pred_vs_playoff_final_results": 7.199999809265137,
      "rank_rmse_pred_vs_playoff_final_results": 8.763561248779297,
      "rank_mae_eos_standings_vs_playoff_final_results": 3.1333333333333333,
      "rank_rmse_eos_standings_vs_playoff_final_results": 4.449719092257398
    }
  },
  "test_metrics_model_a": {
    "ndcg": 0.48343725352288713,
    "spearman": 0.4874304783092325,
    "mrr_top2": 0.5,
    "mrr_top4": 0.5,
    "ndcg10": 0.48343725352288713,
    "ndcg_at_4": 0.4644132116806,
    "ndcg_at_12": 0.5272185497500005,
    "ndcg_at_16": 0.5275042830984121,
    "ndcg_at_20": 0.5310671818853085,
    "roc_auc_upset": 0.7812500000000001
  },
  "test_metrics_model_b": {
    "ndcg": 0.15628358991404445,
    "spearman": 0.5728587319243604,
    "mrr_top2": 0.16666666666666666,
    "mrr_top4": 0.16666666666666666,
    "ndcg10": 0.15628358991404445,
    "ndcg_at_4": 0.04029517653159447,
    "ndcg_at_12": 0.2234854214178961,
    "ndcg_at_16": 0.2235195861336576,
    "ndcg_at_20": 0.37140004830976997,
    "roc_auc_upset": 0.787037037037037
  },
  "test_metrics_model_c": {
    "ndcg": 0.05124995751403931,
    "spearman": 0.307230255839822,
    "mrr_top2": 0.0625,
    "mrr_top4": 0.2,
    "ndcg10": 0.05124995751403931,
    "ndcg_at_4": 0.00711064040423231,
    "ndcg_at_12": 0.056899138174850025,
    "ndcg_at_16": 0.1769467286075223,
    "ndcg_at_20": 0.17934460063934335,
    "roc_auc_upset": 0.8214285714285714
  },
  "test_metrics_by_conference": {
    "E": {
      "ndcg": 0.25392882324697724,
      "spearman": 0.27499999999999997
    },
    "W": {
      "ndcg": 0.7501273303062654,
      "spearman": 0.6749999999999999
    }
  },
  "notes": {
    "eos_rank_source": "eos_final_rank"
  }
}