{
  "test_metrics_ensemble": {
    "ndcg": 0.5480238806081106,
    "spearman": 0.3837597330367074,
    "mrr_top2": 1.0,
    "mrr_top4": 1.0,
    "ndcg10": 0.5480238806081106,
    "ndcg_at_4": 0.35315119534797357,
    "ndcg_at_12": 0.5917716227652107,
    "ndcg_at_16": 0.5936471540817072,
    "ndcg_at_20": 0.5936446356667593,
    "roc_auc_upset": 0.7918552036199095,
    "rank_mae_pred_vs_playoff_final_results": 7.666666507720947,
    "rank_rmse_pred_vs_playoff_final_results": 9.609024047851562,
    "rank_mae_eos_standings_vs_playoff_final_results": 3.7333333333333334,
    "rank_rmse_eos_standings_vs_playoff_final_results": 6.093712606722878,
    "playoff_metrics": {
      "spearman_pred_vs_playoff_final_results": 0.4602892102335928,
      "ndcg_at_4_final_four": 0.35315119534797357,
      "ndcg10_pred_vs_playoff_final_results": 0.5480297703783643,
      "brier_championship_odds": 0.03222232684493065,
      "rank_mae_pred_vs_playoff_final_results": 7.666666507720947,
      "rank_rmse_pred_vs_playoff_final_results": 9.609024047851562,
      "rank_mae_eos_standings_vs_playoff_final_results": 3.7333333333333334,
      "rank_rmse_eos_standings_vs_playoff_final_results": 6.093712606722878
    }
  },
  "test_metrics_model_a": {
    "ndcg": 0.5480238806081106,
    "spearman": 0.38064516129032255,
    "mrr_top2": 1.0,
    "mrr_top4": 1.0,
    "ndcg10": 0.5480238806081106,
    "ndcg_at_4": 0.35315119534797357,
    "ndcg_at_12": 0.5917716227652107,
    "ndcg_at_16": 0.5936471540817072,
    "ndcg_at_20": 0.5936446356667593,
    "roc_auc_upset": 0.7963800904977375
  },
  "test_metrics_model_b": {
    "ndcg": 0.6110065321229132,
    "spearman": 0.52880978865406,
    "mrr_top2": 0.5,
    "mrr_top4": 0.5,
    "ndcg10": 0.6110065321229132,
    "ndcg_at_4": 0.44093212795935904,
    "ndcg_at_12": 0.6108681804002004,
    "ndcg_at_16": 0.6109013988158188,
    "ndcg_at_20": 0.6156002106799647,
    "roc_auc_upset": 0.7723214285714286
  },
  "test_metrics_model_c": {
    "ndcg": 0.333487026575135,
    "spearman": 0.23159065628476083,
    "mrr_top2": 0.16666666666666666,
    "mrr_top4": 0.16666666666666666,
    "ndcg10": 0.333487026575135,
    "ndcg_at_4": 0.0011069724610271625,
    "ndcg_at_12": 0.33890731926775686,
    "ndcg_at_16": 0.35966393831396193,
    "ndcg_at_20": 0.3699999322309346,
    "roc_auc_upset": 0.7633928571428571
  },
  "test_metrics_by_conference": {
    "E": {
      "ndcg": 0.40649848933393984,
      "spearman": 0.2821428571428571
    },
    "W": {
      "ndcg": 0.9111490397336961,
      "spearman": 0.47142857142857136
    }
  },
  "notes": {
    "eos_rank_source": "eos_final_rank"
  }
}