{
  "test_metrics_ensemble": {
    "ndcg": 0.5404951442088172,
    "spearman": 0.3757508342602892,
    "mrr_top2": 1.0,
    "mrr_top4": 1.0,
    "ndcg10": 0.5404951442088172,
    "ndcg_at_4": 0.35315119534797357,
    "ndcg_at_12": 0.5842448639178547,
    "ndcg_at_16": 0.5861548958316029,
    "ndcg_at_20": 0.5861524462054255,
    "roc_auc_upset": 0.8190045248868778,
    "rank_mae_pred_vs_playoff_final_results": 7.933333396911621,
    "rank_rmse_pred_vs_playoff_final_results": 9.671263694763184,
    "rank_mae_eos_standings_vs_playoff_final_results": 3.7333333333333334,
    "rank_rmse_eos_standings_vs_playoff_final_results": 6.093712606722878,
    "playoff_metrics": {
      "spearman_pred_vs_playoff_final_results": 0.4304783092324805,
      "ndcg_at_4_final_four": 0.35315119534797357,
      "ndcg10_pred_vs_playoff_final_results": 0.5405006797052259,
      "brier_championship_odds": 0.03222232684493065,
      "rank_mae_pred_vs_playoff_final_results": 7.933333396911621,
      "rank_rmse_pred_vs_playoff_final_results": 9.671263694763184,
      "rank_mae_eos_standings_vs_playoff_final_results": 3.7333333333333334,
      "rank_rmse_eos_standings_vs_playoff_final_results": 6.093712606722878
    }
  },
  "test_metrics_model_a": {
    "ndcg": 0.5404951442088172,
    "spearman": 0.3757508342602892,
    "mrr_top2": 1.0,
    "mrr_top4": 1.0,
    "ndcg10": 0.5404951442088172,
    "ndcg_at_4": 0.35315119534797357,
    "ndcg_at_12": 0.5842448639178547,
    "ndcg_at_16": 0.5861548958316029,
    "ndcg_at_20": 0.5861524462054255,
    "roc_auc_upset": 0.8190045248868778
  },
  "test_metrics_model_b": {
    "ndcg": 0.7951627414977881,
    "spearman": 0.42602892102335926,
    "mrr_top2": 1.0,
    "mrr_top4": 1.0,
    "ndcg10": 0.7951627414977881,
    "ndcg_at_4": 0.6879025204137522,
    "ndcg_at_12": 0.7949780716827196,
    "ndcg_at_16": 0.7949971936262098,
    "ndcg_at_20": 0.8380894421552649,
    "roc_auc_upset": 0.8080357142857143
  },
  "test_metrics_model_c": {
    "ndcg": 0.333487026575135,
    "spearman": 0.23159065628476083,
    "mrr_top2": 0.16666666666666666,
    "mrr_top4": 0.16666666666666666,
    "ndcg10": 0.333487026575135,
    "ndcg_at_4": 0.0011069724610271625,
    "ndcg_at_12": 0.33890731926775686,
    "ndcg_at_16": 0.35966393831396193,
    "ndcg_at_20": 0.3699999322309346,
    "roc_auc_upset": 0.7633928571428571
  },
  "test_metrics_by_conference": {
    "E": {
      "ndcg": 0.3869402032684001,
      "spearman": 0.30357142857142855
    },
    "W": {
      "ndcg": 0.9120342308685592,
      "spearman": 0.5214285714285714
    }
  },
  "notes": {
    "eos_rank_source": "eos_final_rank"
  }
}