{
  "notes": {
    "eval_on": "test",
    "eos_rank_source": "eos_final_rank",
    "upset_definition": "sleeper = EOS_global_rank > predicted_strength",
    "mrr_top2": "1/rank of first team in top 2 (champion+runner-up) in predicted order.",
    "mrr_top4": "1/rank of first team in top 4 (conference finals) in predicted order.",
    "per_conference_relevance": "Within E/W: actual rank derived from EOS_global_rank (1=best in conf); NDCG/Spearman use this relevance.",
    "playoff_metrics": "Spearman (pred global vs playoff_final_results), NDCG@4 (final four), Brier (champion vs odds). rank_mae/rank_rmse: pred vs playoff_final_results; eos_standings vs playoff_final_results (baseline)."
  },
  "split_info": {
    "train_frac": 0.75,
    "n_train_dates": 141,
    "n_test_dates": 36,
    "split_mode": "seasons"
  },
  "test_metrics_ensemble": {
    "ndcg": 0.48457570397783006,
    "spearman": 0.4825361512791991,
    "mrr_top2": 0.5,
    "mrr_top4": 0.5,
    "ndcg10": 0.48457570397783006,
    "ndcg_at_4": 0.4643944167678145,
    "ndcg_at_12": 0.4848029958668675,
    "ndcg_at_16": 0.5274177172332452,
    "ndcg_at_20": 0.5310483742399601,
    "roc_auc_upset": 0.7678571428571428,
    "rank_mae_pred_vs_playoff_final_results": 7.0,
    "rank_rmse_pred_vs_playoff_final_results": 8.805301666259766,
    "rank_mae_eos_standings_vs_playoff_final_results": 3.1333333333333333,
    "rank_rmse_eos_standings_vs_playoff_final_results": 4.449719092257398,
    "playoff_metrics": {
      "spearman_pred_vs_playoff_final_results": 0.4896551724137932,
      "ndcg_at_4_final_four": 0.4643812234227066,
      "ndcg10_pred_vs_playoff_final_results": 0.4845628765362686,
      "brier_championship_odds": 0.03222232684493065,
      "rank_mae_pred_vs_playoff_final_results": 7.0,
      "rank_rmse_pred_vs_playoff_final_results": 8.805301666259766,
      "rank_mae_eos_standings_vs_playoff_final_results": 3.1333333333333333,
      "rank_rmse_eos_standings_vs_playoff_final_results": 4.449719092257398
    }
  },
  "test_metrics_model_a": {
    "ndcg": 0.48457570397783006,
    "spearman": 0.47452725250278077,
    "mrr_top2": 0.5,
    "mrr_top4": 0.5,
    "ndcg10": 0.48457570397783006,
    "ndcg_at_4": 0.4643944167678145,
    "ndcg_at_12": 0.4848029958668675,
    "ndcg_at_16": 0.5274177172332452,
    "ndcg_at_20": 0.5310279204138145,
    "roc_auc_upset": 0.7723214285714286
  },
  "test_metrics_model_b": {
    "ndcg": 0.19710003553644426,
    "spearman": 0.5977753058954393,
    "mrr_top2": 0.14285714285714285,
    "mrr_top4": 0.14285714285714285,
    "ndcg10": 0.19710003553644426,
    "ndcg_at_4": 0.04166423104576856,
    "ndcg_at_12": 0.19714745406490428,
    "ndcg_at_16": 0.37686486617671333,
    "ndcg_at_20": 0.3768641497018251,
    "roc_auc_upset": 0.7777777777777778
  },
  "test_metrics_model_c": {
    "ndcg": 0.05124995751403931,
    "spearman": 0.3076751946607342,
    "mrr_top2": 0.06666666666666667,
    "mrr_top4": 0.2,
    "ndcg10": 0.05124995751403931,
    "ndcg_at_4": 0.00711064040423231,
    "ndcg_at_12": 0.056899138174850025,
    "ndcg_at_16": 0.17781540372208415,
    "ndcg_at_20": 0.18021327193327982,
    "roc_auc_upset": 0.8214285714285714
  },
  "test_metrics_by_conference": {
    "E": {
      "ndcg": 0.26039942431124874,
      "spearman": 0.2714285714285714
    },
    "W": {
      "ndcg": 0.7524991469189859,
      "spearman": 0.6714285714285713
    }
  },
  "by_season": {
    "2023-24": {
      "test_metrics_ensemble": {
        "ndcg": 0.5404951442088172,
        "spearman": 0.3757508342602892,
        "mrr_top2": 1.0,
        "mrr_top4": 1.0,
        "ndcg10": 0.5404951442088172,
        "ndcg_at_4": 0.35315119534797357,
        "ndcg_at_12": 0.5842448639178547,
        "ndcg_at_16": 0.5861548958316029,
        "ndcg_at_20": 0.5861524462054255,
        "roc_auc_upset": 0.8190045248868778,
        "rank_mae_pred_vs_playoff_final_results": 7.933333396911621,
        "rank_rmse_pred_vs_playoff_final_results": 9.671263694763184,
        "rank_mae_eos_standings_vs_playoff_final_results": 3.7333333333333334,
        "rank_rmse_eos_standings_vs_playoff_final_results": 6.093712606722878,
        "playoff_metrics": {
          "spearman_pred_vs_playoff_final_results": 0.4304783092324805,
          "ndcg_at_4_final_four": 0.35315119534797357,
          "ndcg10_pred_vs_playoff_final_results": 0.5405006797052259,
          "brier_championship_odds": 0.03222232684493065,
          "rank_mae_pred_vs_playoff_final_results": 7.933333396911621,
          "rank_rmse_pred_vs_playoff_final_results": 9.671263694763184,
          "rank_mae_eos_standings_vs_playoff_final_results": 3.7333333333333334,
          "rank_rmse_eos_standings_vs_playoff_final_results": 6.093712606722878
        }
      },
      "test_metrics_model_a": {
        "ndcg": 0.5404951442088172,
        "spearman": 0.3757508342602892,
        "mrr_top2": 1.0,
        "mrr_top4": 1.0,
        "ndcg10": 0.5404951442088172,
        "ndcg_at_4": 0.35315119534797357,
        "ndcg_at_12": 0.5842448639178547,
        "ndcg_at_16": 0.5861548958316029,
        "ndcg_at_20": 0.5861524462054255,
        "roc_auc_upset": 0.8190045248868778
      },
      "test_metrics_model_b": {
        "ndcg": 0.7951627414977881,
        "spearman": 0.42602892102335926,
        "mrr_top2": 1.0,
        "mrr_top4": 1.0,
        "ndcg10": 0.7951627414977881,
        "ndcg_at_4": 0.6879025204137522,
        "ndcg_at_12": 0.7949780716827196,
        "ndcg_at_16": 0.7949971936262098,
        "ndcg_at_20": 0.8380894421552649,
        "roc_auc_upset": 0.8080357142857143
      },
      "test_metrics_model_c": {
        "ndcg": 0.333487026575135,
        "spearman": 0.23159065628476083,
        "mrr_top2": 0.16666666666666666,
        "mrr_top4": 0.16666666666666666,
        "ndcg10": 0.333487026575135,
        "ndcg_at_4": 0.0011069724610271625,
        "ndcg_at_12": 0.33890731926775686,
        "ndcg_at_16": 0.35966393831396193,
        "ndcg_at_20": 0.3699999322309346,
        "roc_auc_upset": 0.7633928571428571
      },
      "test_metrics_by_conference": {
        "E": {
          "ndcg": 0.3869402032684001,
          "spearman": 0.30357142857142855
        },
        "W": {
          "ndcg": 0.9120342308685592,
          "spearman": 0.5214285714285714
        }
      },
      "notes": {
        "eos_rank_source": "eos_final_rank"
      }
    },
    "2024-25": {
      "test_metrics_ensemble": {
        "ndcg": 0.48457570397783006,
        "spearman": 0.4825361512791991,
        "mrr_top2": 0.5,
        "mrr_top4": 0.5,
        "ndcg10": 0.48457570397783006,
        "ndcg_at_4": 0.4643944167678145,
        "ndcg_at_12": 0.4848029958668675,
        "ndcg_at_16": 0.5274177172332452,
        "ndcg_at_20": 0.5310483742399601,
        "roc_auc_upset": 0.7678571428571428,
        "rank_mae_pred_vs_playoff_final_results": 7.0,
        "rank_rmse_pred_vs_playoff_final_results": 8.805301666259766,
        "rank_mae_eos_standings_vs_playoff_final_results": 3.1333333333333333,
        "rank_rmse_eos_standings_vs_playoff_final_results": 4.449719092257398,
        "playoff_metrics": {
          "spearman_pred_vs_playoff_final_results": 0.4896551724137932,
          "ndcg_at_4_final_four": 0.4643812234227066,
          "ndcg10_pred_vs_playoff_final_results": 0.4845628765362686,
          "brier_championship_odds": 0.03222232684493065,
          "rank_mae_pred_vs_playoff_final_results": 7.0,
          "rank_rmse_pred_vs_playoff_final_results": 8.805301666259766,
          "rank_mae_eos_standings_vs_playoff_final_results": 3.1333333333333333,
          "rank_rmse_eos_standings_vs_playoff_final_results": 4.449719092257398
        }
      },
      "test_metrics_model_a": {
        "ndcg": 0.48457570397783006,
        "spearman": 0.47452725250278077,
        "mrr_top2": 0.5,
        "mrr_top4": 0.5,
        "ndcg10": 0.48457570397783006,
        "ndcg_at_4": 0.4643944167678145,
        "ndcg_at_12": 0.4848029958668675,
        "ndcg_at_16": 0.5274177172332452,