{
  "test_metrics_ensemble": {
    "ndcg": 0.48457570397783006,
    "spearman": 0.4825361512791991,
    "mrr_top2": 0.5,
    "mrr_top4": 0.5,
    "ndcg10": 0.48457570397783006,
    "ndcg_at_4": 0.4643944167678145,
    "ndcg_at_12": 0.4848029958668675,
    "ndcg_at_16": 0.5274177172332452,
    "ndcg_at_20": 0.5310483742399601,
    "roc_auc_upset": 0.7678571428571428,
    "rank_mae_pred_vs_playoff_final_results": 7.0,
    "rank_rmse_pred_vs_playoff_final_results": 8.805301666259766,
    "rank_mae_eos_standings_vs_playoff_final_results": 3.1333333333333333,
    "rank_rmse_eos_standings_vs_playoff_final_results": 4.449719092257398,
    "playoff_metrics": {
      "spearman_pred_vs_playoff_final_results": 0.4896551724137932,
      "ndcg_at_4_final_four": 0.4643812234227066,
      "ndcg10_pred_vs_playoff_final_results": 0.4845628765362686,
      "brier_championship_odds": 0.03222232684493065,
      "rank_mae_pred_vs_playoff_final_results": 7.0,
      "rank_rmse_pred_vs_playoff_final_results": 8.805301666259766,
      "rank_mae_eos_standings_vs_playoff_final_results": 3.1333333333333333,
      "rank_rmse_eos_standings_vs_playoff_final_results": 4.449719092257398
    }
  },
  "test_metrics_model_a": {
    "ndcg": 0.48457570397783006,
    "spearman": 0.47452725250278077,
    "mrr_top2": 0.5,
    "mrr_top4": 0.5,
    "ndcg10": 0.48457570397783006,
    "ndcg_at_4": 0.4643944167678145,
    "ndcg_at_12": 0.4848029958668675,
    "ndcg_at_16": 0.5274177172332452,
    "ndcg_at_20": 0.5310279204138145,
    "roc_auc_upset": 0.7723214285714286
  },
  "test_metrics_model_b": {
    "ndcg": 0.19710003553644426,
    "spearman": 0.5977753058954393,
    "mrr_top2": 0.14285714285714285,
    "mrr_top4": 0.14285714285714285,
    "ndcg10": 0.19710003553644426,
    "ndcg_at_4": 0.04166423104576856,
    "ndcg_at_12": 0.19714745406490428,
    "ndcg_at_16": 0.37686486617671333,
    "ndcg_at_20": 0.3768641497018251,
    "roc_auc_upset": 0.7777777777777778
  },
  "test_metrics_model_c": {
    "ndcg": 0.05124995751403931,
    "spearman": 0.3076751946607342,
    "mrr_top2": 0.06666666666666667,
    "mrr_top4": 0.2,
    "ndcg10": 0.05124995751403931,
    "ndcg_at_4": 0.00711064040423231,
    "ndcg_at_12": 0.056899138174850025,
    "ndcg_at_16": 0.17781540372208415,
    "ndcg_at_20": 0.18021327193327982,
    "roc_auc_upset": 0.8214285714285714
  },
  "test_metrics_by_conference": {
    "E": {
      "ndcg": 0.26039942431124874,
      "spearman": 0.2714285714285714
    },
    "W": {
      "ndcg": 0.7524991469189859,
      "spearman": 0.6714285714285713
    }
  },
  "notes": {
    "eos_rank_source": "eos_final_rank"
  }
}