{
  "test_metrics_ensemble": {
    "ndcg": 0.5576546523809897,
    "spearman": 0.44560622914349274,
    "mrr_top2": 1.0,
    "mrr_top4": 1.0,
    "ndcg10": 0.5576546523809897,
    "ndcg_at_4": 0.35315119534797357,
    "ndcg_at_12": 0.6028079772277884,
    "ndcg_at_16": 0.6046826619900901,
    "ndcg_at_20": 0.6046891225715343,
    "roc_auc_upset": 0.7737556561085973,
    "rank_mae_pred_vs_playoff_final_results": 7.266666889190674,
    "rank_rmse_pred_vs_playoff_final_results": 9.114091873168945,
    "rank_mae_eos_standings_vs_playoff_final_results": 3.7333333333333334,
    "rank_rmse_eos_standings_vs_playoff_final_results": 6.093712606722878,
    "playoff_metrics": {
      "spearman_pred_vs_playoff_final_results": 0.4593993325917686,
      "ndcg_at_4_final_four": 0.35315119534797357,
      "ndcg10_pred_vs_playoff_final_results": 0.5576496342847098,
      "brier_championship_odds": 0.03222232684493065,
      "rank_mae_pred_vs_playoff_final_results": 7.266666889190674,
      "rank_rmse_pred_vs_playoff_final_results": 9.114091873168945,
      "rank_mae_eos_standings_vs_playoff_final_results": 3.7333333333333334,
      "rank_rmse_eos_standings_vs_playoff_final_results": 6.093712606722878
    }
  },
  "test_metrics_model_a": {
    "ndcg": 0.5576546523809897,
    "spearman": 0.44560622914349274,
    "mrr_top2": 1.0,
    "mrr_top4": 1.0,
    "ndcg10": 0.5576546523809897,
    "ndcg_at_4": 0.35315119534797357,
    "ndcg_at_12": 0.6028079772277884,
    "ndcg_at_16": 0.6046826619900901,
    "ndcg_at_20": 0.6046891225715343,
    "roc_auc_upset": 0.7737556561085973
  },
  "test_metrics_model_b": {
    "ndcg": 0.5658273524124221,
    "spearman": 0.4402669632925473,
    "mrr_top2": 0.5,
    "mrr_top4": 0.5,
    "ndcg10": 0.5658273524124221,
    "ndcg_at_4": 0.4589454418134188,
    "ndcg_at_12": 0.5656821623369311,
    "ndcg_at_16": 0.6073029437535424,
    "ndcg_at_20": 0.6073051522253784,
    "roc_auc_upset": 0.7601809954751131
  },
  "test_metrics_model_c": {
    "ndcg": 0.333487026575135,
    "spearman": 0.23159065628476083,
    "mrr_top2": 0.16666666666666666,
    "mrr_top4": 0.16666666666666666,
    "ndcg10": 0.333487026575135,
    "ndcg_at_4": 0.0011069724610271625,
    "ndcg_at_12": 0.33890731926775686,
    "ndcg_at_16": 0.35966393831396193,
    "ndcg_at_20": 0.3699999322309346,
    "roc_auc_upset": 0.7633928571428571
  },
  "test_metrics_by_conference": {
    "E": {
      "ndcg": 0.40649848933393984,
      "spearman": 0.2714285714285714
    },
    "W": {
      "ndcg": 0.9225456510408329,
      "spearman": 0.6249999999999999
    }
  },
  "notes": {
    "eos_rank_source": "eos_final_rank"
  }
}