{
  "notes": {
    "eval_on": "test",
    "eos_rank_source": "eos_final_rank",
    "upset_definition": "sleeper = EOS_global_rank > predicted_strength",
    "mrr_top2": "1/rank of first team in top 2 (champion+runner-up) in predicted order.",
    "mrr_top4": "1/rank of first team in top 4 (conference finals) in predicted order.",
    "per_conference_relevance": "Within E/W: actual rank derived from EOS_global_rank (1=best in conf); NDCG/Spearman use this relevance.",
    "playoff_metrics": "Spearman (pred global vs playoff_final_results), NDCG@4 (final four), Brier (champion vs odds). rank_mae/rank_rmse: pred vs playoff_final_results; eos_standings vs playoff_final_results (baseline)."
  },
  "split_info": {
    "train_frac": 0.75,
    "n_train_dates": 141,
    "n_test_dates": 36,
    "split_mode": "seasons"
  },
  "test_metrics_ensemble": {
    "ndcg": 0.48448862725574465,
    "spearman": 0.4638487208008899,
    "mrr_top2": 0.5,
    "mrr_top4": 0.5,
    "ndcg10": 0.48448862725574465,
    "ndcg_at_4": 0.46421121466877174,
    "ndcg_at_12": 0.4847367011566736,
    "ndcg_at_16": 0.5273514276082509,
    "ndcg_at_20": 0.5308766949443171,
    "roc_auc_upset": 0.78125,
    "rank_mae_pred_vs_playoff_final_results": 7.199999809265137,
    "rank_rmse_pred_vs_playoff_final_results": 8.962886810302734,
    "rank_mae_eos_standings_vs_playoff_final_results": 3.1333333333333333,
    "rank_rmse_eos_standings_vs_playoff_final_results": 4.449719092257398,
    "playoff_metrics": {
      "spearman_pred_vs_playoff_final_results": 0.4674082313681869,
      "ndcg_at_4_final_four": 0.46419589766943586,
      "ndcg10_pred_vs_playoff_final_results": 0.4844732005044401,
      "brier_championship_odds": 0.03222232684493065,
      "rank_mae_pred_vs_playoff_final_results": 7.199999809265137,
      "rank_rmse_pred_vs_playoff_final_results": 8.962886810302734,
      "rank_mae_eos_standings_vs_playoff_final_results": 3.1333333333333333,
      "rank_rmse_eos_standings_vs_playoff_final_results": 4.449719092257398
    }
  },
  "test_metrics_model_a": {
    "ndcg": 0.4845032115266837,
    "spearman": 0.46073414905450494,
    "mrr_top2": 0.5,
    "mrr_top4": 0.5,
    "ndcg10": 0.4845032115266837,
    "ndcg_at_4": 0.46421121466877174,
    "ndcg_at_12": 0.4847512815968034,
    "ndcg_at_16": 0.5273660069299739,
    "ndcg_at_20": 0.5285851487125802,
    "roc_auc_upset": 0.78125
  },
  "test_metrics_model_b": {
    "ndcg": 0.16619710541230373,
    "spearman": 0.5764182424916573,
    "mrr_top2": 0.2,
    "mrr_top4": 0.2,
    "ndcg10": 0.16619710541230373,
    "ndcg_at_4": 0.04029517653159447,
    "ndcg_at_12": 0.16616451269334617,
    "ndcg_at_16": 0.22962448208973874,
    "ndcg_at_20": 0.38253123514548115,
    "roc_auc_upset": 0.8144796380090499
  },
  "test_metrics_model_c": {
    "ndcg": 0.05124995751403931,
    "spearman": 0.307230255839822,
    "mrr_top2": 0.0625,
    "mrr_top4": 0.2,
    "ndcg10": 0.05124995751403931,
    "ndcg_at_4": 0.00711064040423231,
    "ndcg_at_12": 0.056899138174850025,
    "ndcg_at_16": 0.1769467286075223,
    "ndcg_at_20": 0.17934460063934335,
    "roc_auc_upset": 0.8214285714285714
  },
  "test_metrics_by_conference": {
    "E": {
      "ndcg": 0.2436549459603563,
      "spearman": 0.2321428571428571
    },
    "W": {
      "ndcg": 0.7504940786340119,
      "spearman": 0.6392857142857141
    }
  },
  "by_season": {
    "2023-24": {
      "test_metrics_ensemble": {
        "ndcg": 0.5576546523809897,
        "spearman": 0.44560622914349274,
        "mrr_top2": 1.0,
        "mrr_top4": 1.0,
        "ndcg10": 0.5576546523809897,
        "ndcg_at_4": 0.35315119534797357,
        "ndcg_at_12": 0.6028079772277884,
        "ndcg_at_16": 0.6046826619900901,
        "ndcg_at_20": 0.6046891225715343,
        "roc_auc_upset": 0.7737556561085973,
        "rank_mae_pred_vs_playoff_final_results": 7.266666889190674,
        "rank_rmse_pred_vs_playoff_final_results": 9.114091873168945,
        "rank_mae_eos_standings_vs_playoff_final_results": 3.7333333333333334,
        "rank_rmse_eos_standings_vs_playoff_final_results": 6.093712606722878,
        "playoff_metrics": {
          "spearman_pred_vs_playoff_final_results": 0.4593993325917686,
          "ndcg_at_4_final_four": 0.35315119534797357,
          "ndcg10_pred_vs_playoff_final_results": 0.5576496342847098,
          "brier_championship_odds": 0.03222232684493065,
          "rank_mae_pred_vs_playoff_final_results": 7.266666889190674,
          "rank_rmse_pred_vs_playoff_final_results": 9.114091873168945,
          "rank_mae_eos_standings_vs_playoff_final_results": 3.7333333333333334,
          "rank_rmse_eos_standings_vs_playoff_final_results": 6.093712606722878
        }
      },
      "test_metrics_model_a": {
        "ndcg": 0.5576546523809897,
        "spearman": 0.44560622914349274,
        "mrr_top2": 1.0,
        "mrr_top4": 1.0,
        "ndcg10": 0.5576546523809897,
        "ndcg_at_4": 0.35315119534797357,
        "ndcg_at_12": 0.6028079772277884,
        "ndcg_at_16": 0.6046826619900901,
        "ndcg_at_20": 0.6046891225715343,
        "roc_auc_upset": 0.7737556561085973
      },
      "test_metrics_model_b": {
        "ndcg": 0.5658273524124221,
        "spearman": 0.4402669632925473,
        "mrr_top2": 0.5,
        "mrr_top4": 0.5,
        "ndcg10": 0.5658273524124221,
        "ndcg_at_4": 0.4589454418134188,
        "ndcg_at_12": 0.5656821623369311,
        "ndcg_at_16": 0.6073029437535424,
        "ndcg_at_20": 0.6073051522253784,
        "roc_auc_upset": 0.7601809954751131
      },
      "test_metrics_model_c": {
        "ndcg": 0.333487026575135,
        "spearman": 0.23159065628476083,
        "mrr_top2": 0.16666666666666666,
        "mrr_top4": 0.16666666666666666,
        "ndcg10": 0.333487026575135,
        "ndcg_at_4": 0.0011069724610271625,
        "ndcg_at_12": 0.33890731926775686,
        "ndcg_at_16": 0.35966393831396193,
        "ndcg_at_20": 0.3699999322309346,
        "roc_auc_upset": 0.7633928571428571
      },
      "test_metrics_by_conference": {
        "E": {
          "ndcg": 0.40649848933393984,
          "spearman": 0.2714285714285714
        },
        "W": {
          "ndcg": 0.9225456510408329,
          "spearman": 0.6249999999999999
        }
      },
      "notes": {
        "eos_rank_source": "eos_final_rank"
      }
    },
    "2024-25": {
      "test_metrics_ensemble": {
        "ndcg": 0.48448862725574465,
        "spearman": 0.4638487208008899,
        "mrr_top2": 0.5,
        "mrr_top4": 0.5,
        "ndcg10": 0.48448862725574465,
        "ndcg_at_4": 0.46421121466877174,
        "ndcg_at_12": 0.4847367011566736,
        "ndcg_at_16": 0.5273514276082509,
        "ndcg_at_20": 0.5308766949443171,
        "roc_auc_upset": 0.78125,
        "rank_mae_pred_vs_playoff_final_results": 7.199999809265137,
        "rank_rmse_pred_vs_playoff_final_results": 8.962886810302734,
        "rank_mae_eos_standings_vs_playoff_final_results": 3.1333333333333333,
        "rank_rmse_eos_standings_vs_playoff_final_results": 4.449719092257398,
        "playoff_metrics": {
          "spearman_pred_vs_playoff_final_results": 0.4674082313681869,
          "ndcg_at_4_final_four": 0.46419589766943586,
          "ndcg10_pred_vs_playoff_final_results": 0.4844732005044401,
          "brier_championship_odds": 0.03222232684493065,
          "rank_mae_pred_vs_playoff_final_results": 7.199999809265137,
          "rank_rmse_pred_vs_playoff_final_results": 8.962886810302734,
          "rank_mae_eos_standings_vs_playoff_final_results": 3.1333333333333333,
          "rank_rmse_eos_standings_vs_playoff_final_results": 4.449719092257398
        }
      },
      "test_metrics_model_a": {
        "ndcg": 0.4845032115266837,
        "spearman": 0.46073414905450494,
        "mrr_top2": 0.5,
        "mrr_top4": 0.5,
        "ndcg10": 0.4845032115266837,
        "ndcg_at_4": 0.46421121466877174,
        "ndcg_at_12": 0.4847512815968034,
        "ndcg_at_16": 0.5273660069299739,