{
  "test_metrics_ensemble": {
    "ndcg": 0.48448862725574465,
    "spearman": 0.4638487208008899,
    "mrr_top2": 0.5,
    "mrr_top4": 0.5,
    "ndcg10": 0.48448862725574465,
    "ndcg_at_4": 0.46421121466877174,
    "ndcg_at_12": 0.4847367011566736,
    "ndcg_at_16": 0.5273514276082509,
    "ndcg_at_20": 0.5308766949443171,
    "roc_auc_upset": 0.78125,
    "rank_mae_pred_vs_playoff_final_results": 7.199999809265137,
    "rank_rmse_pred_vs_playoff_final_results": 8.962886810302734,
    "rank_mae_eos_standings_vs_playoff_final_results": 3.1333333333333333,
    "rank_rmse_eos_standings_vs_playoff_final_results": 4.449719092257398,
    "playoff_metrics": {
      "spearman_pred_vs_playoff_final_results": 0.4674082313681869,
      "ndcg_at_4_final_four": 0.46419589766943586,
      "ndcg10_pred_vs_playoff_final_results": 0.4844732005044401,
      "brier_championship_odds": 0.03222232684493065,
      "rank_mae_pred_vs_playoff_final_results": 7.199999809265137,
      "rank_rmse_pred_vs_playoff_final_results": 8.962886810302734,
      "rank_mae_eos_standings_vs_playoff_final_results": 3.1333333333333333,
      "rank_rmse_eos_standings_vs_playoff_final_results": 4.449719092257398
    }
  },
  "test_metrics_model_a": {
    "ndcg": 0.4845032115266837,
    "spearman": 0.46073414905450494,
    "mrr_top2": 0.5,
    "mrr_top4": 0.5,
    "ndcg10": 0.4845032115266837,
    "ndcg_at_4": 0.46421121466877174,
    "ndcg_at_12": 0.4847512815968034,
    "ndcg_at_16": 0.5273660069299739,
    "ndcg_at_20": 0.5285851487125802,
    "roc_auc_upset": 0.78125
  },
  "test_metrics_model_b": {
    "ndcg": 0.16619710541230373,
    "spearman": 0.5764182424916573,
    "mrr_top2": 0.2,
    "mrr_top4": 0.2,
    "ndcg10": 0.16619710541230373,
    "ndcg_at_4": 0.04029517653159447,
    "ndcg_at_12": 0.16616451269334617,
    "ndcg_at_16": 0.22962448208973874,
    "ndcg_at_20": 0.38253123514548115,
    "roc_auc_upset": 0.8144796380090499
  },
  "test_metrics_model_c": {
    "ndcg": 0.05124995751403931,
    "spearman": 0.307230255839822,
    "mrr_top2": 0.0625,
    "mrr_top4": 0.2,
    "ndcg10": 0.05124995751403931,
    "ndcg_at_4": 0.00711064040423231,
    "ndcg_at_12": 0.056899138174850025,
    "ndcg_at_16": 0.1769467286075223,
    "ndcg_at_20": 0.17934460063934335,
    "roc_auc_upset": 0.8214285714285714
  },
  "test_metrics_by_conference": {
    "E": {
      "ndcg": 0.2436549459603563,
      "spearman": 0.2321428571428571
    },
    "W": {
      "ndcg": 0.7504940786340119,
      "spearman": 0.6392857142857141
    }
  },
  "notes": {
    "eos_rank_source": "eos_final_rank"
  }
}