{
  "test_metrics_ensemble": {
    "ndcg": 0.5878610150628607,
    "spearman": 0.40511679644048937,
    "mrr_top2": 1.0,
    "mrr_top4": 1.0,
    "ndcg10": 0.5878610150628607,
    "ndcg_at_4": 0.33513898093933947,
    "ndcg_at_12": 0.587707942911587,
    "ndcg_at_16": 0.5895876907075102,
    "ndcg_at_20": 0.5895851904296063,
    "roc_auc_upset": 0.6651785714285714,
    "rank_mae_pred_vs_playoff_final_results": 7.599999904632568,
    "rank_rmse_pred_vs_playoff_final_results": 9.441044807434082,
    "rank_mae_eos_standings_vs_playoff_final_results": 3.7333333333333334,
    "rank_rmse_eos_standings_vs_playoff_final_results": 6.093712606722878,
    "playoff_metrics": {
      "spearman_pred_vs_playoff_final_results": 0.44827586206896547,
      "ndcg_at_4_final_four": 0.33513815635527017,
      "ndcg10_pred_vs_playoff_final_results": 0.5878602144407531,
      "brier_championship_odds": 0.03222232684493065,
      "rank_mae_pred_vs_playoff_final_results": 7.599999904632568,
      "rank_rmse_pred_vs_playoff_final_results": 9.441044807434082,
      "rank_mae_eos_standings_vs_playoff_final_results": 3.7333333333333334,
      "rank_rmse_eos_standings_vs_playoff_final_results": 6.093712606722878
    }
  },
  "test_metrics_model_a": {
    "ndcg": 0.5878610150628607,
    "spearman": 0.40511679644048937,
    "mrr_top2": 1.0,
    "mrr_top4": 1.0,
    "ndcg10": 0.5878610150628607,
    "ndcg_at_4": 0.33513898093933947,
    "ndcg_at_12": 0.587707942911587,
    "ndcg_at_16": 0.5895876907075102,
    "ndcg_at_20": 0.5895851904296063,
    "roc_auc_upset": 0.6651785714285714
  },
  "test_metrics_model_b": {
    "ndcg": 0.8062814887710054,
    "spearman": 0.4887652947719689,
    "mrr_top2": 1.0,
    "mrr_top4": 1.0,
    "ndcg10": 0.8062814887710054,
    "ndcg_at_4": 0.7116242168324007,
    "ndcg_at_12": 0.8499586302506918,
    "ndcg_at_16": 0.8499955989205764,
    "ndcg_at_20": 0.8547753980514246,
    "roc_auc_upset": 0.7420814479638009
  },
  "test_metrics_model_c": {
    "ndcg": 0.33348743391404295,
    "spearman": 0.24093437152391545,
    "mrr_top2": 0.16666666666666666,
    "mrr_top4": 0.16666666666666666,
    "ndcg10": 0.33348743391404295,
    "ndcg_at_4": 0.001111095381373398,
    "ndcg_at_12": 0.3389077264996702,
    "ndcg_at_16": 0.3596643455146382,
    "ndcg_at_20": 0.3699901174713633,
    "roc_auc_upset": 0.8133333333333332
  },
  "test_metrics_by_conference": {
    "E": {
      "ndcg": 0.3851402749883562,
      "spearman": 0.28571428571428564
    },
    "W": {
      "ndcg": 0.9250860725795116,
      "spearman": 0.5392857142857141
    }
  },
  "notes": {
    "eos_rank_source": "eos_final_rank"
  }
}