{
  "notes": {
    "eval_on": "test",
    "eos_rank_source": "eos_final_rank",
    "upset_definition": "sleeper = EOS_global_rank > predicted_strength",
    "mrr_top2": "1/rank of first team in top 2 (champion+runner-up) in predicted order.",
    "mrr_top4": "1/rank of first team in top 4 (conference finals) in predicted order.",
    "per_conference_relevance": "Within E/W: actual rank derived from EOS_global_rank (1=best in conf); NDCG/Spearman use this relevance.",
    "playoff_metrics": "Spearman (pred global vs playoff_final_results), NDCG@4 (final four), Brier (champion vs odds). rank_mae/rank_rmse: pred vs playoff_final_results; eos_standings vs playoff_final_results (baseline)."
  },
  "split_info": {
    "train_frac": 0.75,
    "n_train_dates": 141,
    "n_test_dates": 36,
    "split_mode": "seasons"
  },
  "test_metrics_ensemble": {
    "ndcg": 0.48895197779556654,
    "spearman": 0.5083426028921022,
    "mrr_top2": 0.5,
    "mrr_top4": 0.5,
    "ndcg10": 0.48895197779556654,
    "ndcg_at_4": 0.4643944167678145,
    "ndcg_at_12": 0.5327103976617539,
    "ndcg_at_16": 0.5339332495631314,
    "ndcg_at_20": 0.5363246665569372,
    "roc_auc_upset": 0.7410714285714285,
    "rank_mae_pred_vs_playoff_final_results": 6.599999904632568,
    "rank_rmse_pred_vs_playoff_final_results": 8.582928657531738,
    "rank_mae_eos_standings_vs_playoff_final_results": 3.1333333333333333,
    "rank_rmse_eos_standings_vs_playoff_final_results": 4.449719092257398,
    "playoff_metrics": {
      "spearman_pred_vs_playoff_final_results": 0.5225806451612903,
      "ndcg_at_4_final_four": 0.4643812234227066,
      "ndcg10_pred_vs_playoff_final_results": 0.48893914714857756,
      "brier_championship_odds": 0.03222232684493065,
      "rank_mae_pred_vs_playoff_final_results": 6.599999904632568,
      "rank_rmse_pred_vs_playoff_final_results": 8.582928657531738,
      "rank_mae_eos_standings_vs_playoff_final_results": 3.1333333333333333,
      "rank_rmse_eos_standings_vs_playoff_final_results": 4.449719092257398
    }
  },
  "test_metrics_model_a": {
    "ndcg": 0.48895197779556654,
    "spearman": 0.49855394883203563,
    "mrr_top2": 0.5,
    "mrr_top4": 0.5,
    "ndcg10": 0.48895197779556654,
    "ndcg_at_4": 0.4643944167678145,
    "ndcg_at_12": 0.5327103976617539,
    "ndcg_at_16": 0.5326917581837134,
    "ndcg_at_20": 0.5363001156092106,
    "roc_auc_upset": 0.7455357142857143
  },
  "test_metrics_model_b": {
    "ndcg": 0.21879819481803076,
    "spearman": 0.6614015572858732,
    "mrr_top2": 0.2,
    "mrr_top4": 0.2,
    "ndcg10": 0.21879819481803076,
    "ndcg_at_4": 0.04166423104576856,
    "ndcg_at_12": 0.24068518612887627,
    "ndcg_at_16": 0.40697240784119176,
    "ndcg_at_20": 0.40697601342636613,
    "roc_auc_upset": 0.7647058823529411
  },
  "test_metrics_model_c": {
    "ndcg": 0.05304264223120525,
    "spearman": 0.31790878754171303,
    "mrr_top2": 0.0625,
    "mrr_top4": 0.2,
    "ndcg10": 0.05304264223120525,
    "ndcg_at_4": 0.0072603807417201014,
    "ndcg_at_12": 0.058691352012581785,
    "ndcg_at_16": 0.17873880497176609,
    "ndcg_at_20": 0.18113652215618123,
    "roc_auc_upset": 0.8169642857142857
  },
  "test_metrics_by_conference": {
    "E": {
      "ndcg": 0.25910788786834577,
      "spearman": 0.23571428571428568
    },
    "W": {
      "ndcg": 0.7743192083433101,
      "spearman": 0.682142857142857
    }
  },
  "by_season": {
    "2023-24": {
      "test_metrics_ensemble": {
        "ndcg": 0.5878610150628607,
        "spearman": 0.40511679644048937,
        "mrr_top2": 1.0,
        "mrr_top4": 1.0,
        "ndcg10": 0.5878610150628607,
        "ndcg_at_4": 0.33513898093933947,
        "ndcg_at_12": 0.587707942911587,
        "ndcg_at_16": 0.5895876907075102,
        "ndcg_at_20": 0.5895851904296063,
        "roc_auc_upset": 0.6651785714285714,
        "rank_mae_pred_vs_playoff_final_results": 7.599999904632568,
        "rank_rmse_pred_vs_playoff_final_results": 9.441044807434082,
        "rank_mae_eos_standings_vs_playoff_final_results": 3.7333333333333334,
        "rank_rmse_eos_standings_vs_playoff_final_results": 6.093712606722878,
        "playoff_metrics": {
          "spearman_pred_vs_playoff_final_results": 0.44827586206896547,
          "ndcg_at_4_final_four": 0.33513815635527017,
          "ndcg10_pred_vs_playoff_final_results": 0.5878602144407531,
          "brier_championship_odds": 0.03222232684493065,
          "rank_mae_pred_vs_playoff_final_results": 7.599999904632568,
          "rank_rmse_pred_vs_playoff_final_results": 9.441044807434082,
          "rank_mae_eos_standings_vs_playoff_final_results": 3.7333333333333334,
          "rank_rmse_eos_standings_vs_playoff_final_results": 6.093712606722878
        }
      },
      "test_metrics_model_a": {
        "ndcg": 0.5878610150628607,
        "spearman": 0.40511679644048937,
        "mrr_top2": 1.0,
        "mrr_top4": 1.0,
        "ndcg10": 0.5878610150628607,
        "ndcg_at_4": 0.33513898093933947,
        "ndcg_at_12": 0.587707942911587,
        "ndcg_at_16": 0.5895876907075102,
        "ndcg_at_20": 0.5895851904296063,
        "roc_auc_upset": 0.6651785714285714
      },
      "test_metrics_model_b": {
        "ndcg": 0.8062814887710054,
        "spearman": 0.4887652947719689,
        "mrr_top2": 1.0,
        "mrr_top4": 1.0,
        "ndcg10": 0.8062814887710054,
        "ndcg_at_4": 0.7116242168324007,
        "ndcg_at_12": 0.8499586302506918,
        "ndcg_at_16": 0.8499955989205764,
        "ndcg_at_20": 0.8547753980514246,
        "roc_auc_upset": 0.7420814479638009
      },
      "test_metrics_model_c": {
        "ndcg": 0.33348743391404295,
        "spearman": 0.24093437152391545,
        "mrr_top2": 0.16666666666666666,
        "mrr_top4": 0.16666666666666666,
        "ndcg10": 0.33348743391404295,
        "ndcg_at_4": 0.001111095381373398,
        "ndcg_at_12": 0.3389077264996702,
        "ndcg_at_16": 0.3596643455146382,
        "ndcg_at_20": 0.3699901174713633,
        "roc_auc_upset": 0.8133333333333332
      },
      "test_metrics_by_conference": {
        "E": {
          "ndcg": 0.3851402749883562,
          "spearman": 0.28571428571428564
        },
        "W": {
          "ndcg": 0.9250860725795116,
          "spearman": 0.5392857142857141
        }
      },
      "notes": {
        "eos_rank_source": "eos_final_rank"
      }
    },
    "2024-25": {
      "test_metrics_ensemble": {
        "ndcg": 0.48895197779556654,
        "spearman": 0.5083426028921022,
        "mrr_top2": 0.5,
        "mrr_top4": 0.5,
        "ndcg10": 0.48895197779556654,
        "ndcg_at_4": 0.4643944167678145,
        "ndcg_at_12": 0.5327103976617539,
        "ndcg_at_16": 0.5339332495631314,
        "ndcg_at_20": 0.5363246665569372,
        "roc_auc_upset": 0.7410714285714285,
        "rank_mae_pred_vs_playoff_final_results": 6.599999904632568,
        "rank_rmse_pred_vs_playoff_final_results": 8.582928657531738,
        "rank_mae_eos_standings_vs_playoff_final_results": 3.1333333333333333,
        "rank_rmse_eos_standings_vs_playoff_final_results": 4.449719092257398,
        "playoff_metrics": {
          "spearman_pred_vs_playoff_final_results": 0.5225806451612903,
          "ndcg_at_4_final_four": 0.4643812234227066,
          "ndcg10_pred_vs_playoff_final_results": 0.48893914714857756,
          "brier_championship_odds": 0.03222232684493065,
          "rank_mae_pred_vs_playoff_final_results": 6.599999904632568,
          "rank_rmse_pred_vs_playoff_final_results": 8.582928657531738,
          "rank_mae_eos_standings_vs_playoff_final_results": 3.1333333333333333,
          "rank_rmse_eos_standings_vs_playoff_final_results": 4.449719092257398
        }
      },
      "test_metrics_model_a": {
        "ndcg": 0.48895197779556654,
        "spearman": 0.49855394883203563,
        "mrr_top2": 0.5,
        "mrr_top4": 0.5,
        "ndcg10": 0.48895197779556654,
        "ndcg_at_4": 0.4643944167678145,
        "ndcg_at_12": 0.5327103976617539,