{
  "notes": {
    "eval_on": "test",
    "eos_rank_source": "eos_final_rank",
    "upset_definition": "sleeper = EOS_global_rank > predicted_strength",
    "mrr_top2": "1/rank of first team in top 2 (champion+runner-up) in predicted order.",
    "mrr_top4": "1/rank of first team in top 4 (conference finals) in predicted order.",
    "per_conference_relevance": "Within E/W: actual rank derived from EOS_global_rank (1=best in conf); NDCG/Spearman use this relevance.",
    "playoff_metrics": "Spearman (pred global vs playoff_final_results), NDCG@4 (final four), Brier (champion vs odds). rank_mae/rank_rmse: pred vs playoff_final_results; eos_standings vs playoff_final_results (baseline)."
  },
  "split_info": {
    "train_frac": 0.75,
    "n_train_dates": 141,
    "n_test_dates": 36,
    "split_mode": "seasons"
  },
  "test_metrics_ensemble": {
    "ndcg": 0.48190382876672255,
    "spearman": 0.4972191323692992,
    "mrr_top2": 0.5,
    "mrr_top4": 0.5,
    "ndcg10": 0.48190382876672255,
    "ndcg_at_4": 0.4642838088219973,
    "ndcg_at_12": 0.5256634303308235,
    "ndcg_at_16": 0.5259486291662153,
    "ndcg_at_20": 0.527755122937521,
    "roc_auc_upset": 0.7857142857142857,
    "rank_mae_pred_vs_playoff_final_results": 6.933333396911621,
    "rank_rmse_pred_vs_playoff_final_results": 8.67947769165039,
    "rank_mae_eos_standings_vs_playoff_final_results": 3.1333333333333333,
    "rank_rmse_eos_standings_vs_playoff_final_results": 4.449719092257398,
    "playoff_metrics": {
      "spearman_pred_vs_playoff_final_results": 0.5194660734149055,
      "ndcg_at_4_final_four": 0.4642838088219973,
      "ndcg10_pred_vs_playoff_final_results": 0.48189124756201634,
      "brier_championship_odds": 0.03222232684493065,
      "rank_mae_pred_vs_playoff_final_results": 6.933333396911621,
      "rank_rmse_pred_vs_playoff_final_results": 8.67947769165039,
      "rank_mae_eos_standings_vs_playoff_final_results": 3.1333333333333333,
      "rank_rmse_eos_standings_vs_playoff_final_results": 4.449719092257398
    }
  },
  "test_metrics_model_a": {
    "ndcg": 0.4818986148287016,
    "spearman": 0.49632925472747497,
    "mrr_top2": 0.5,
    "mrr_top4": 0.5,
    "ndcg10": 0.4818986148287016,
    "ndcg_at_4": 0.46423103544156546,
    "ndcg_at_12": 0.525658217762333,
    "ndcg_at_16": 0.5259434169975599,
    "ndcg_at_20": 0.5277499107917899,
    "roc_auc_upset": 0.7857142857142857
  },
  "test_metrics_model_b": {
    "ndcg": 0.35793991730242963,
    "spearman": 0.607563959955506,
    "mrr_top2": 0.16666666666666666,
    "mrr_top4": 0.16666666666666666,
    "ndcg10": 0.35793991730242963,
    "ndcg_at_4": 0.047452952934463374,
    "ndcg_at_12": 0.4017324041266573,
    "ndcg_at_16": 0.4236768997809635,
    "ndcg_at_20": 0.42368196288701787,
    "roc_auc_upset": 0.7194570135746606
  },
  "test_metrics_model_c": {
    "ndcg": 0.05139534647930671,
    "spearman": 0.3054505005561735,
    "mrr_top2": 0.07142857142857142,
    "mrr_top4": 0.2,
    "ndcg10": 0.05139534647930671,
    "ndcg_at_4": 0.0072603807417201014,
    "ndcg_at_12": 0.05704448895120833,
    "ndcg_at_16": 0.17989573678693135,
    "ndcg_at_20": 0.1822152155273313,
    "roc_auc_upset": 0.8214285714285714
  },
  "test_metrics_by_conference": {
    "E": {
      "ndcg": 0.2417613366750519,
      "spearman": 0.2678571428571428
    },
    "W": {
      "ndcg": 0.7491563943572732,
      "spearman": 0.5928571428571427
    }
  },
  "by_season": {
    "2023-24": {
      "test_metrics_ensemble": {
        "ndcg": 0.5696950613791082,
        "spearman": 0.2961067853170189,
        "mrr_top2": 1.0,
        "mrr_top4": 1.0,
        "ndcg10": 0.5696950613791082,
        "ndcg_at_4": 0.35315119534797357,
        "ndcg_at_12": 0.6134371112283294,
        "ndcg_at_16": 0.6133939423563869,
        "ndcg_at_20": 0.6133915516604392,
        "roc_auc_upset": 0.8009049773755657,
        "rank_mae_pred_vs_playoff_final_results": 8.333333015441895,
        "rank_rmse_pred_vs_playoff_final_results": 10.269696235656738,
        "rank_mae_eos_standings_vs_playoff_final_results": 3.7333333333333334,
        "rank_rmse_eos_standings_vs_playoff_final_results": 6.093712606722878,
        "playoff_metrics": {
          "spearman_pred_vs_playoff_final_results": 0.3508342602892102,
          "ndcg_at_4_final_four": 0.35315119534797357,
          "ndcg10_pred_vs_playoff_final_results": 0.5697003106783949,
          "brier_championship_odds": 0.03222232684493065,
          "rank_mae_pred_vs_playoff_final_results": 8.333333015441895,
          "rank_rmse_pred_vs_playoff_final_results": 10.269696235656738,
          "rank_mae_eos_standings_vs_playoff_final_results": 3.7333333333333334,
          "rank_rmse_eos_standings_vs_playoff_final_results": 6.093712606722878
        }
      },
      "test_metrics_model_a": {
        "ndcg": 0.5696950613791082,
        "spearman": 0.29076751946607343,
        "mrr_top2": 1.0,
        "mrr_top4": 1.0,
        "ndcg10": 0.5696950613791082,
        "ndcg_at_4": 0.35315119534797357,
        "ndcg_at_12": 0.6134371112283294,
        "ndcg_at_16": 0.6133939091958297,
        "ndcg_at_20": 0.6133915185000279,
        "roc_auc_upset": 0.8009049773755657
      },
      "test_metrics_model_b": {
        "ndcg": 0.703978195765267,
        "spearman": 0.36240266963292544,
        "mrr_top2": 1.0,
        "mrr_top4": 1.0,
        "ndcg10": 0.703978195765267,
        "ndcg_at_4": 0.6907114070725182,
        "ndcg_at_12": 0.791587723739712,
        "ndcg_at_16": 0.8312603439626027,
        "ndcg_at_20": 0.8313352575511883,
        "roc_auc_upset": 0.8
      },
      "test_metrics_model_c": {
        "ndcg": 0.33348743391404295,
        "spearman": 0.23203559510567295,
        "mrr_top2": 0.16666666666666666,
        "mrr_top4": 0.16666666666666666,
        "ndcg10": 0.33348743391404295,
        "ndcg_at_4": 0.001111095381373398,
        "ndcg_at_12": 0.3389077264996702,
        "ndcg_at_16": 0.3596643455146382,
        "ndcg_at_20": 0.3711409237331655,
        "roc_auc_upset": 0.7678571428571429
      },
      "test_metrics_by_conference": {
        "E": {
          "ndcg": 0.3695224345250537,
          "spearman": 0.12142857142857141
        },
        "W": {
          "ndcg": 0.9048924174493659,
          "spearman": 0.42857142857142855
        }
      },
      "notes": {
        "eos_rank_source": "eos_final_rank"
      }
    },
    "2024-25": {
      "test_metrics_ensemble": {
        "ndcg": 0.48190382876672255,
        "spearman": 0.4972191323692992,
        "mrr_top2": 0.5,
        "mrr_top4": 0.5,
        "ndcg10": 0.48190382876672255,
        "ndcg_at_4": 0.4642838088219973,
        "ndcg_at_12": 0.5256634303308235,
        "ndcg_at_16": 0.5259486291662153,
        "ndcg_at_20": 0.527755122937521,
        "roc_auc_upset": 0.7857142857142857,
        "rank_mae_pred_vs_playoff_final_results": 6.933333396911621,
        "rank_rmse_pred_vs_playoff_final_results": 8.67947769165039,
        "rank_mae_eos_standings_vs_playoff_final_results": 3.1333333333333333,
        "rank_rmse_eos_standings_vs_playoff_final_results": 4.449719092257398,
        "playoff_metrics": {
          "spearman_pred_vs_playoff_final_results": 0.5194660734149055,
          "ndcg_at_4_final_four": 0.4642838088219973,
          "ndcg10_pred_vs_playoff_final_results": 0.48189124756201634,
          "brier_championship_odds": 0.03222232684493065,
          "rank_mae_pred_vs_playoff_final_results": 6.933333396911621,
          "rank_rmse_pred_vs_playoff_final_results": 8.67947769165039,
          "rank_mae_eos_standings_vs_playoff_final_results": 3.1333333333333333,
          "rank_rmse_eos_standings_vs_playoff_final_results": 4.449719092257398
        }
      },
      "test_metrics_model_a": {
        "ndcg": 0.4818986148287016,
        "spearman": 0.49632925472747497,
        "mrr_top2": 0.5,
        "mrr_top4": 0.5,
        "ndcg10": 0.4818986148287016,
        "ndcg_at_4": 0.46423103544156546,
        "ndcg_at_12": 0.525658217762333,