{
  "test_metrics_ensemble": {
    "ndcg": 0.5330249128846604,
    "spearman": 0.5225806451612903,
    "mrr_top2": 0.5,
    "mrr_top4": 0.5,
    "ndcg10": 0.5330249128846604,
    "ndcg_at_4": 0.4643519436832566,
    "ndcg_at_12": 0.5332394787567589,
    "ndcg_at_16": 0.5344616639405361,
    "ndcg_at_20": 0.5374357119616177,
    "roc_auc_upset": 0.7375565610859728,
    "rank_mae_pred_vs_playoff_final_results": 6.599999904632568,
    "rank_rmse_pred_vs_playoff_final_results": 8.457737922668457,
    "rank_mae_eos_standings_vs_playoff_final_results": 3.1333333333333333,
    "rank_rmse_eos_standings_vs_playoff_final_results": 4.449719092257398,
    "playoff_metrics": {
      "spearman_pred_vs_playoff_final_results": 0.5323692992213571,
      "ndcg_at_4_final_four": 0.46433662668392073,
      "ndcg10_pred_vs_playoff_final_results": 0.5330100226625295,
      "brier_championship_odds": 0.03222232684493065,
      "rank_mae_pred_vs_playoff_final_results": 6.599999904632568,
      "rank_rmse_pred_vs_playoff_final_results": 8.457737922668457,
      "rank_mae_eos_standings_vs_playoff_final_results": 3.1333333333333333,
      "rank_rmse_eos_standings_vs_playoff_final_results": 4.449719092257398
    }
  },
  "test_metrics_model_a": {
    "ndcg": 0.5330249128846604,
    "spearman": 0.5185761957730812,
    "mrr_top2": 0.5,
    "mrr_top4": 0.5,
    "ndcg10": 0.5330249128846604,
    "ndcg_at_4": 0.4643519436832566,
    "ndcg_at_12": 0.5332284562531194,
    "ndcg_at_16": 0.5344506422823884,
    "ndcg_at_20": 0.5374246903519456,
    "roc_auc_upset": 0.7420814479638009
  },
  "test_metrics_model_b": {
    "ndcg": 0.21870791703700113,
    "spearman": 0.6529477196885429,
    "mrr_top2": 0.2,
    "mrr_top4": 0.2,
    "ndcg10": 0.21870791703700113,
    "ndcg_at_4": 0.04166423104576856,
    "ndcg_at_12": 0.24138608552024518,
    "ndcg_at_16": 0.4076747579392064,
    "ndcg_at_20": 0.4076781238063559,
    "roc_auc_upset": 0.7737556561085973
  },
  "test_metrics_model_c": {
    "ndcg": 0.05212098780672918,
    "spearman": 0.3125695216907675,
    "mrr_top2": 0.06666666666666667,
    "mrr_top4": 0.2,
    "ndcg10": 0.05212098780672918,
    "ndcg_at_4": 0.0072603807417201014,
    "ndcg_at_12": 0.057769939676471704,
    "ndcg_at_16": 0.17868613842803824,
    "ndcg_at_20": 0.18108385584409248,
    "roc_auc_upset": 0.8214285714285714
  },
  "test_metrics_by_conference": {
    "E": {
      "ndcg": 0.24737794491293497,
      "spearman": 0.25357142857142856
    },
    "W": {
      "ndcg": 0.7857993582548997,
      "spearman": 0.7857142857142856
    }
  },
  "notes": {
    "eos_rank_source": "eos_final_rank"
  }
}