{
  "test_metrics_ensemble": {
    "ndcg": 0.4022241332032803,
    "spearman": 0.39488320355951056,
    "mrr_top2": 1.0,
    "mrr_top4": 1.0,
    "ndcg10": 0.4022241332032803,
    "ndcg_at_4": 0.35315119534797357,
    "ndcg_at_12": 0.5833230473845451,
    "ndcg_at_16": 0.5846124799440501,
    "ndcg_at_20": 0.5846192890445522,
    "roc_auc_upset": 0.7592592592592593,
    "rank_mae_pred_vs_playoff_final_results": 7.599999904632568,
    "rank_rmse_pred_vs_playoff_final_results": 9.521903991699219,
    "rank_mae_eos_standings_vs_playoff_final_results": 3.7333333333333334,
    "rank_rmse_eos_standings_vs_playoff_final_results": 6.093712606722878,
    "playoff_metrics": {
      "spearman_pred_vs_playoff_final_results": 0.4091212458286986,
      "ndcg_at_4_final_four": 0.35315119534797357,
      "ndcg10_pred_vs_playoff_final_results": 0.4022291452718616,
      "brier_championship_odds": 0.03222232684493065,
      "rank_mae_pred_vs_playoff_final_results": 7.599999904632568,
      "rank_rmse_pred_vs_playoff_final_results": 9.521903991699219,
      "rank_mae_eos_standings_vs_playoff_final_results": 3.7333333333333334,
      "rank_rmse_eos_standings_vs_playoff_final_results": 6.093712606722878
    }
  },
  "test_metrics_model_a": {
    "ndcg": 0.4022241332032803,
    "spearman": 0.3957730812013348,
    "mrr_top2": 1.0,
    "mrr_top4": 1.0,
    "ndcg10": 0.4022241332032803,
    "ndcg_at_4": 0.35315119534797357,
    "ndcg_at_12": 0.5833230473845451,
    "ndcg_at_16": 0.5846124799440501,
    "ndcg_at_20": 0.5846192890445522,
    "roc_auc_upset": 0.7592592592592593
  },
  "test_metrics_model_b": {
    "ndcg": 0.8063721939044944,
    "spearman": 0.3904338153503893,
    "mrr_top2": 1.0,
    "mrr_top4": 1.0,
    "ndcg10": 0.8063721939044944,
    "ndcg_at_4": 0.7116242168324007,
    "ndcg_at_12": 0.806184579734205,
    "ndcg_at_16": 0.8062062034985027,
    "ndcg_at_20": 0.8478746745118424,
    "roc_auc_upset": 0.7777777777777777
  },
  "test_metrics_model_c": {
    "ndcg": 0.33348743391404295,
    "spearman": 0.23337041156840932,
    "mrr_top2": 0.16666666666666666,
    "mrr_top4": 0.16666666666666666,
    "ndcg10": 0.33348743391404295,
    "ndcg_at_4": 0.001111095381373398,
    "ndcg_at_12": 0.3389077264996702,
    "ndcg_at_16": 0.3596643455146382,
    "ndcg_at_20": 0.37000033942981986,
    "roc_auc_upset": 0.7633928571428571
  },
  "test_metrics_by_conference": {
    "E": {
      "ndcg": 0.3748097320271526,
      "spearman": 0.2321428571428571
    },
    "W": {
      "ndcg": 0.9323046860779899,
      "spearman": 0.6035714285714285
    }
  },
  "notes": {
    "eos_rank_source": "eos_final_rank"
  }
}