{
  "test_metrics_ensemble": {
    "ndcg": 0.48888675290103023,
    "spearman": 0.4625139043381535,
    "mrr_top2": 0.5,
    "mrr_top4": 0.5,
    "ndcg10": 0.48888675290103023,
    "ndcg_at_4": 0.4643944167678145,
    "ndcg_at_12": 0.5329984033834259,
    "ndcg_at_16": 0.5329792153897845,
    "ndcg_at_20": 0.5365829940425176,
    "roc_auc_upset": 0.7601809954751131,
    "rank_mae_pred_vs_playoff_final_results": 6.933333396911621,
    "rank_rmse_pred_vs_playoff_final_results": 8.97403621673584,
    "rank_mae_eos_standings_vs_playoff_final_results": 3.1333333333333333,
    "rank_rmse_eos_standings_vs_playoff_final_results": 4.449719092257398,
    "playoff_metrics": {
      "spearman_pred_vs_playoff_final_results": 0.48031145717463847,
      "ndcg_at_4_final_four": 0.4643812234227066,
      "ndcg10_pred_vs_playoff_final_results": 0.48887338621511567,
      "brier_championship_odds": 0.03222232684493065,
      "rank_mae_pred_vs_playoff_final_results": 6.933333396911621,
      "rank_rmse_pred_vs_playoff_final_results": 8.97403621673584,
      "rank_mae_eos_standings_vs_playoff_final_results": 3.1333333333333333,
      "rank_rmse_eos_standings_vs_playoff_final_results": 4.449719092257398
    }
  },
  "test_metrics_model_a": {
    "ndcg": 0.48888675290103023,
    "spearman": 0.457174638487208,
    "mrr_top2": 0.5,
    "mrr_top4": 0.5,
    "ndcg10": 0.48888675290103023,
    "ndcg_at_4": 0.4643944167678145,
    "ndcg_at_12": 0.5329984033834259,
    "ndcg_at_16": 0.5329791888863961,
    "ndcg_at_20": 0.5365829675392457,
    "roc_auc_upset": 0.7601809954751131
  },
  "test_metrics_model_b": {
    "ndcg": 0.21645475907952236,
    "spearman": 0.6507230255839822,
    "mrr_top2": 0.2,
    "mrr_top4": 0.2,
    "ndcg10": 0.21645475907952236,
    "ndcg_at_4": 0.04166423104576856,
    "ndcg_at_12": 0.23834115629879976,
    "ndcg_at_16": 0.40897542169130624,
    "ndcg_at_20": 0.40897878183784875,
    "roc_auc_upset": 0.76
  },
  "test_metrics_model_c": {
    "ndcg": 0.05139534647930671,
    "spearman": 0.30233592880978866,
    "mrr_top2": 0.06666666666666667,
    "mrr_top4": 0.2,
    "ndcg10": 0.05139534647930671,
    "ndcg_at_4": 0.0072603807417201014,
    "ndcg_at_12": 0.05704448895120833,
    "ndcg_at_16": 0.1779607433491712,
    "ndcg_at_20": 0.18035846395567354,
    "roc_auc_upset": 0.8258928571428571
  },
  "test_metrics_by_conference": {
    "E": {
      "ndcg": 0.26533736705247435,
      "spearman": 0.24285714285714283
    },
    "W": {
      "ndcg": 0.7723141400583361,
      "spearman": 0.6428571428571428
    }
  },
  "notes": {
    "eos_rank_source": "eos_final_rank"
  }
}