{
  "notes": {
    "eval_on": "test",
    "eos_rank_source": "eos_final_rank",
    "upset_definition": "sleeper = EOS_global_rank > predicted_strength",
    "mrr_top2": "1/rank of first team in top 2 (champion+runner-up) in predicted order.",
    "mrr_top4": "1/rank of first team in top 4 (conference finals) in predicted order.",
    "per_conference_relevance": "Within E/W: actual rank derived from EOS_global_rank (1=best in conf); NDCG/Spearman use this relevance.",
    "playoff_metrics": "Spearman (pred global vs playoff_final_results), NDCG@4 (final four), Brier (champion vs odds). rank_mae/rank_rmse: pred vs playoff_final_results; eos_standings vs playoff_final_results (baseline)."
  },
  "split_info": {
    "train_frac": 0.75,
    "n_train_dates": 141,
    "n_test_dates": 36,
    "split_mode": "seasons"
  },
  "test_metrics_ensemble": {
    "ndcg": 0.48672900732432145,
    "spearman": 0.5172413793103449,
    "mrr_top2": 0.5,
    "mrr_top4": 0.5,
    "ndcg10": 0.48672900732432145,
    "ndcg_at_4": 0.4643519436832566,
    "ndcg_at_12": 0.5308412245756567,
    "ndcg_at_16": 0.5308222569009545,
    "ndcg_at_20": 0.535017616197303,
    "roc_auc_upset": 0.7330316742081447,
    "rank_mae_pred_vs_playoff_final_results": 6.5333333015441895,
    "rank_rmse_pred_vs_playoff_final_results": 8.504900932312012,
    "rank_mae_eos_standings_vs_playoff_final_results": 3.1333333333333333,
    "rank_rmse_eos_standings_vs_playoff_final_results": 4.449719092257398,
    "playoff_metrics": {
      "spearman_pred_vs_playoff_final_results": 0.5243604004449388,
      "ndcg_at_4_final_four": 0.46433662668392073,
      "ndcg10_pred_vs_playoff_final_results": 0.4867135797344464,
      "brier_championship_odds": 0.03222232684493065,
      "rank_mae_pred_vs_playoff_final_results": 6.5333333015441895,
      "rank_rmse_pred_vs_playoff_final_results": 8.504900932312012,
      "rank_mae_eos_standings_vs_playoff_final_results": 3.1333333333333333,
      "rank_rmse_eos_standings_vs_playoff_final_results": 4.449719092257398
    }
  },
  "test_metrics_model_a": {
    "ndcg": 0.48672900732432145,
    "spearman": 0.5056729699666296,
    "mrr_top2": 0.5,
    "mrr_top4": 0.5,
    "ndcg10": 0.48672900732432145,
    "ndcg_at_4": 0.4643519436832566,
    "ndcg_at_12": 0.5308412245756567,
    "ndcg_at_16": 0.5308222569009545,
    "ndcg_at_20": 0.535017616197303,
    "roc_auc_upset": 0.7330316742081447
  },
  "test_metrics_model_b": {
    "ndcg": 0.16744612903542058,
    "spearman": 0.5995550611790879,
    "mrr_top2": 0.2,
    "mrr_top4": 0.2,
    "ndcg10": 0.16744612903542058,
    "ndcg_at_4": 0.04166423104576856,
    "ndcg_at_12": 0.21270195081541188,
    "ndcg_at_16": 0.23413232107971843,
    "ndcg_at_20": 0.3899035186028345,
    "roc_auc_upset": 0.7955555555555556
  },
  "test_metrics_model_c": {
    "ndcg": 0.05124995751403931,
    "spearman": 0.30189098998887653,
    "mrr_top2": 0.0625,
    "mrr_top4": 0.2,
    "ndcg10": 0.05124995751403931,
    "ndcg_at_4": 0.00711064040423231,
    "ndcg_at_12": 0.056899138174850025,
    "ndcg_at_16": 0.1769467286075223,
    "ndcg_at_20": 0.17934445367388585,
    "roc_auc_upset": 0.8258928571428571
  },
  "test_metrics_by_conference": {
    "E": {
      "ndcg": 0.263461645385468,
      "spearman": 0.2678571428571428
    },
    "W": {
      "ndcg": 0.7622279413946728,
      "spearman": 0.7357142857142855
    }
  },
  "by_season": {
    "2023-24": {
      "test_metrics_ensemble": {
        "ndcg": 0.6183989487400983,
        "spearman": 0.4046718576195773,
        "mrr_top2": 1.0,
        "mrr_top4": 1.0,
        "ndcg10": 0.6183989487400983,
        "ndcg_at_4": 0.35315119534797357,
        "ndcg_at_12": 0.618286110586962,
        "ndcg_at_16": 0.6195388811900954,
        "ndcg_at_20": 0.620133524667965,
        "roc_auc_upset": 0.75,
        "rank_mae_pred_vs_playoff_final_results": 7.4666666984558105,
        "rank_rmse_pred_vs_playoff_final_results": 9.444575309753418,
        "rank_mae_eos_standings_vs_playoff_final_results": 3.7333333333333334,
        "rank_rmse_eos_standings_vs_playoff_final_results": 6.093712606722878,
        "playoff_metrics": {
          "spearman_pred_vs_playoff_final_results": 0.45272525027808674,
          "ndcg_at_4_final_four": 0.35315119534797357,
          "ndcg10_pred_vs_playoff_final_results": 0.6184039608086795,
          "brier_championship_odds": 0.03222232684493065,
          "rank_mae_pred_vs_playoff_final_results": 7.4666666984558105,
          "rank_rmse_pred_vs_playoff_final_results": 9.444575309753418,
          "rank_mae_eos_standings_vs_playoff_final_results": 3.7333333333333334,
          "rank_rmse_eos_standings_vs_playoff_final_results": 6.093712606722878
        }
      },
      "test_metrics_model_a": {
        "ndcg": 0.6071515068242505,
        "spearman": 0.396662958843159,
        "mrr_top2": 1.0,
        "mrr_top4": 1.0,
        "ndcg10": 0.6071515068242505,
        "ndcg_at_4": 0.35315119534797357,
        "ndcg_at_12": 0.6070416230049325,
        "ndcg_at_16": 0.608295256127312,
        "ndcg_at_20": 0.6088899490571328,
        "roc_auc_upset": 0.7546296296296295
      },
      "test_metrics_model_b": {
        "ndcg": 0.8062814887710054,
        "spearman": 0.32591768631813123,
        "mrr_top2": 1.0,
        "mrr_top4": 1.0,
        "ndcg10": 0.8062814887710054,
        "ndcg_at_4": 0.7116242168324007,
        "ndcg_at_12": 0.8060924934497766,
        "ndcg_at_16": 0.8061110123190369,
        "ndcg_at_20": 0.806112426003141,
        "roc_auc_upset": 0.8099547511312217
      },
      "test_metrics_model_c": {
        "ndcg": 0.333487026575135,
        "spearman": 0.23159065628476083,
        "mrr_top2": 0.16666666666666666,
        "mrr_top4": 0.16666666666666666,
        "ndcg10": 0.333487026575135,
        "ndcg_at_4": 0.0011069724610271625,
        "ndcg_at_12": 0.33890731926775686,
        "ndcg_at_16": 0.35966393831396193,
        "ndcg_at_20": 0.3699999322309346,
        "roc_auc_upset": 0.7633928571428571
      },
      "test_metrics_by_conference": {
        "E": {
          "ndcg": 0.406013486878053,
          "spearman": 0.23928571428571427
        },
        "W": {
          "ndcg": 0.9420337267528655,
          "spearman": 0.5071428571428571
        }
      },
      "notes": {
        "eos_rank_source": "eos_final_rank"
      }
    },
    "2024-25": {
      "test_metrics_ensemble": {
        "ndcg": 0.48672900732432145,
        "spearman": 0.5172413793103449,
        "mrr_top2": 0.5,
        "mrr_top4": 0.5,
        "ndcg10": 0.48672900732432145,
        "ndcg_at_4": 0.4643519436832566,
        "ndcg_at_12": 0.5308412245756567,
        "ndcg_at_16": 0.5308222569009545,
        "ndcg_at_20": 0.535017616197303,
        "roc_auc_upset": 0.7330316742081447,
        "rank_mae_pred_vs_playoff_final_results": 6.5333333015441895,
        "rank_rmse_pred_vs_playoff_final_results": 8.504900932312012,
        "rank_mae_eos_standings_vs_playoff_final_results": 3.1333333333333333,
        "rank_rmse_eos_standings_vs_playoff_final_results": 4.449719092257398,
        "playoff_metrics": {
          "spearman_pred_vs_playoff_final_results": 0.5243604004449388,
          "ndcg_at_4_final_four": 0.46433662668392073,
          "ndcg10_pred_vs_playoff_final_results": 0.4867135797344464,
          "brier_championship_odds": 0.03222232684493065,
          "rank_mae_pred_vs_playoff_final_results": 6.5333333015441895,
          "rank_rmse_pred_vs_playoff_final_results": 8.504900932312012,
          "rank_mae_eos_standings_vs_playoff_final_results": 3.1333333333333333,
          "rank_rmse_eos_standings_vs_playoff_final_results": 4.449719092257398
        }
      },
      "test_metrics_model_a": {
        "ndcg": 0.48672900732432145,
        "spearman": 0.5056729699666296,
        "mrr_top2": 0.5,
        "mrr_top4": 0.5,
        "ndcg10": 0.48672900732432145,
        "ndcg_at_4": 0.4643519436832566,
        "ndcg_at_12": 0.5308412245756567,
        "ndcg_at_16": 0.5308222569009545,