{
  "test_metrics_ensemble": {
    "ndcg": 0.5949002414006007,
    "spearman": 0.4197997775305895,
    "mrr_top2": 1.0,
    "mrr_top4": 1.0,
    "ndcg10": 0.5949002414006007,
    "ndcg_at_4": 0.35315119534797357,
    "ndcg_at_12": 0.5947935755865882,
    "ndcg_at_16": 0.5960821282881835,
    "ndcg_at_20": 0.5966971670170406,
    "roc_auc_upset": 0.7647058823529411,
    "rank_mae_pred_vs_playoff_final_results": 7.266666889190674,
    "rank_rmse_pred_vs_playoff_final_results": 9.32380485534668,
    "rank_mae_eos_standings_vs_playoff_final_results": 3.7333333333333334,
    "rank_rmse_eos_standings_vs_playoff_final_results": 6.093712606722878,
    "playoff_metrics": {
      "spearman_pred_vs_playoff_final_results": 0.47363737486095664,
      "ndcg_at_4_final_four": 0.35315119534797357,
      "ndcg10_pred_vs_playoff_final_results": 0.5949058338668178,
      "brier_championship_odds": 0.03222232684493065,
      "rank_mae_pred_vs_playoff_final_results": 7.266666889190674,
      "rank_rmse_pred_vs_playoff_final_results": 9.32380485534668,
      "rank_mae_eos_standings_vs_playoff_final_results": 3.7333333333333334,
      "rank_rmse_eos_standings_vs_playoff_final_results": 6.093712606722878
    }
  },
  "test_metrics_model_a": {
    "ndcg": 0.5949002414006007,
    "spearman": 0.4197997775305895,
    "mrr_top2": 1.0,
    "mrr_top4": 1.0,
    "ndcg10": 0.5949002414006007,
    "ndcg_at_4": 0.35315119534797357,
    "ndcg_at_12": 0.5947935755865882,
    "ndcg_at_16": 0.5960821282881835,
    "ndcg_at_20": 0.5966971670170406,
    "roc_auc_upset": 0.7647058823529411
  },
  "test_metrics_model_b": {
    "ndcg": 0.8081191747101532,
    "spearman": 0.3971078976640712,
    "mrr_top2": 1.0,
    "mrr_top4": 1.0,
    "ndcg10": 0.8081191747101532,
    "ndcg_at_4": 0.729074614628521,
    "ndcg_at_12": 0.8079926447535636,
    "ndcg_at_16": 0.8079339629157148,
    "ndcg_at_20": 0.8496789839051558,
    "roc_auc_upset": 0.8666666666666667
  },
  "test_metrics_model_c": {
    "ndcg": 0.33348743391404295,
    "spearman": 0.23337041156840932,
    "mrr_top2": 0.16666666666666666,
    "mrr_top4": 0.16666666666666666,
    "ndcg10": 0.33348743391404295,
    "ndcg_at_4": 0.001111095381373398,
    "ndcg_at_12": 0.3389077264996702,
    "ndcg_at_16": 0.3596643455146382,
    "ndcg_at_20": 0.37000033942981986,
    "roc_auc_upset": 0.7633928571428571
  },
  "test_metrics_by_conference": {
    "E": {
      "ndcg": 0.3869402032684001,
      "spearman": 0.2821428571428571
    },
    "W": {
      "ndcg": 0.9449618507960814,
      "spearman": 0.5607142857142856
    }
  },
  "notes": {
    "eos_rank_source": "eos_final_rank"
  }
}