{
  "test_metrics_ensemble": {
    "ndcg": 0.4921009760522973,
    "spearman": 0.47630700778642937,
    "mrr_top2": 0.5,
    "mrr_top4": 0.5,
    "ndcg10": 0.4921009760522973,
    "ndcg_at_4": 0.5001583813597498,
    "ndcg_at_12": 0.5362117822637711,
    "ndcg_at_16": 0.5374343655880716,
    "ndcg_at_20": 0.5398211935310248,
    "roc_auc_upset": 0.7022222222222222,
    "rank_mae_pred_vs_playoff_final_results": 6.866666793823242,
    "rank_rmse_pred_vs_playoff_final_results": 8.85814094543457,
    "rank_mae_eos_standings_vs_playoff_final_results": 3.1333333333333333,
    "rank_rmse_eos_standings_vs_playoff_final_results": 4.449719092257398,
    "playoff_metrics": {
      "spearman_pred_vs_playoff_final_results": 0.47630700778642937,
      "ndcg_at_4_final_four": 0.5001583813597498,
      "ndcg10_pred_vs_playoff_final_results": 0.4920910348697841,
      "brier_championship_odds": 0.03222232684493065,
      "rank_mae_pred_vs_playoff_final_results": 6.866666793823242,
      "rank_rmse_pred_vs_playoff_final_results": 8.85814094543457,
      "rank_mae_eos_standings_vs_playoff_final_results": 3.1333333333333333,
      "rank_rmse_eos_standings_vs_playoff_final_results": 4.449719092257398
    }
  },
  "test_metrics_model_a": {
    "ndcg": 0.4977204553130124,
    "spearman": 0.47541713014460507,
    "mrr_top2": 0.5,
    "mrr_top4": 0.5,
    "ndcg10": 0.4977204553130124,
    "ndcg_at_4": 0.5059460470155133,
    "ndcg_at_12": 0.49796505364701704,
    "ndcg_at_16": 0.5418202567844983,
    "ndcg_at_20": 0.5442070654373313,
    "roc_auc_upset": 0.7589285714285715
  },
  "test_metrics_model_b": {
    "ndcg": 0.22880331958839356,
    "spearman": 0.6654060066740823,
    "mrr_top2": 0.25,
    "mrr_top4": 0.25,
    "ndcg10": 0.22880331958839356,
    "ndcg_at_4": 0.16775742802418675,
    "ndcg_at_12": 0.4042880353954098,
    "ndcg_at_16": 0.42515991978300943,
    "ndcg_at_20": 0.42515893154594947,
    "roc_auc_upset": 0.6933333333333334
  },
  "test_metrics_model_c": {
    "ndcg": 0.05139534647930671,
    "spearman": 0.3125695216907675,
    "mrr_top2": 0.07142857142857142,
    "mrr_top4": 0.2,
    "ndcg10": 0.05139534647930671,
    "ndcg_at_4": 0.0072603807417201014,
    "ndcg_at_12": 0.05704448895120833,
    "ndcg_at_16": 0.17989573678693135,
    "ndcg_at_20": 0.18229344888290439,
    "roc_auc_upset": 0.8214285714285714
  },
  "test_metrics_by_conference": {
    "E": {
      "ndcg": 0.2546631011396056,
      "spearman": 0.24642857142857136
    },
    "W": {
      "ndcg": 0.7723141400583361,
      "spearman": 0.657142857142857
    }
  },
  "notes": {
    "eos_rank_source": "eos_final_rank"
  }
}