{
  "test_metrics_ensemble": {
    "ndcg": 0.5288747789910296,
    "spearman": 0.4758620689655172,
    "mrr_top2": 0.5,
    "mrr_top4": 0.5,
    "ndcg10": 0.5288747789910296,
    "ndcg_at_4": 0.46437685999867345,
    "ndcg_at_12": 0.5290794124634434,
    "ndcg_at_16": 0.5303025428830365,
    "ndcg_at_20": 0.532689402121546,
    "roc_auc_upset": 0.7678571428571428,
    "rank_mae_pred_vs_playoff_final_results": 7.0,
    "rank_rmse_pred_vs_playoff_final_results": 8.861903190612793,
    "rank_mae_eos_standings_vs_playoff_final_results": 3.1333333333333333,
    "rank_rmse_eos_standings_vs_playoff_final_results": 4.449719092257398,
    "playoff_metrics": {
      "spearman_pred_vs_playoff_final_results": 0.47319243604004446,
      "ndcg_at_4_final_four": 0.4643768342304213,
      "ndcg10_pred_vs_playoff_final_results": 0.5288632475023711,
      "brier_championship_odds": 0.03222232684493065,
      "rank_mae_pred_vs_playoff_final_results": 7.0,
      "rank_rmse_pred_vs_playoff_final_results": 8.861903190612793,
      "rank_mae_eos_standings_vs_playoff_final_results": 3.1333333333333333,
      "rank_rmse_eos_standings_vs_playoff_final_results": 4.449719092257398
    }
  },
  "test_metrics_model_a": {
    "ndcg": 0.5288747789910296,
    "spearman": 0.4758620689655172,
    "mrr_top2": 0.5,
    "mrr_top4": 0.5,
    "ndcg10": 0.5288747789910296,
    "ndcg_at_4": 0.46437685999867345,
    "ndcg_at_12": 0.5290794124634434,
    "ndcg_at_16": 0.5303025428830365,
    "ndcg_at_20": 0.532689402121546,
    "roc_auc_upset": 0.7678571428571428
  },
  "test_metrics_model_b": {
    "ndcg": 0.15620002136222527,
    "spearman": 0.5795328142380423,
    "mrr_top2": 0.16666666666666666,
    "mrr_top4": 0.16666666666666666,
    "ndcg10": 0.15620002136222527,
    "ndcg_at_4": 0.04029517653159447,
    "ndcg_at_12": 0.20150165208847867,
    "ndcg_at_16": 0.22186618770508096,
    "ndcg_at_20": 0.3747772271621132,
    "roc_auc_upset": 0.8009049773755655
  },
  "test_metrics_model_c": {
    "ndcg": 0.05139534647930671,
    "spearman": 0.30233592880978866,
    "mrr_top2": 0.06666666666666667,
    "mrr_top4": 0.2,
    "ndcg10": 0.05139534647930671,
    "ndcg_at_4": 0.0072603807417201014,
    "ndcg_at_12": 0.05704448895120833,
    "ndcg_at_16": 0.1779607433491712,
    "ndcg_at_20": 0.18035846395567354,
    "roc_auc_upset": 0.8258928571428571
  },
  "test_metrics_by_conference": {
    "E": {
      "ndcg": 0.2584847361616991,
      "spearman": 0.2285714285714285
    },
    "W": {
      "ndcg": 0.7504940786340119,
      "spearman": 0.6392857142857141
    }
  },
  "notes": {
    "eos_rank_source": "eos_final_rank"
  }
}