{
  "notes": {
    "eval_on": "test",
    "eos_rank_source": "eos_final_rank",
    "upset_definition": "sleeper = EOS_global_rank > predicted_strength",
    "mrr_top2": "1/rank of first team in top 2 (champion+runner-up) in predicted order.",
    "mrr_top4": "1/rank of first team in top 4 (conference finals) in predicted order.",
    "per_conference_relevance": "Within E/W: actual rank derived from EOS_global_rank (1=best in conf); NDCG/Spearman use this relevance.",
    "playoff_metrics": "Spearman (pred global vs playoff_final_results), NDCG@4 (final four), Brier (champion vs odds). rank_mae/rank_rmse: pred vs playoff_final_results; eos_standings vs playoff_final_results (baseline)."
  },
  "split_info": {
    "train_frac": 0.75,
    "n_train_dates": 141,
    "n_test_dates": 36,
    "split_mode": "seasons"
  },
  "test_metrics_ensemble": {
    "ndcg": 0.5288747789910296,
    "spearman": 0.4758620689655172,
    "mrr_top2": 0.5,
    "mrr_top4": 0.5,
    "ndcg10": 0.5288747789910296,
    "ndcg_at_4": 0.46437685999867345,
    "ndcg_at_12": 0.5290794124634434,
    "ndcg_at_16": 0.5303025428830365,
    "ndcg_at_20": 0.532689402121546,
    "roc_auc_upset": 0.7678571428571428,
    "rank_mae_pred_vs_playoff_final_results": 7.0,
    "rank_rmse_pred_vs_playoff_final_results": 8.861903190612793,
    "rank_mae_eos_standings_vs_playoff_final_results": 3.1333333333333333,
    "rank_rmse_eos_standings_vs_playoff_final_results": 4.449719092257398,
    "playoff_metrics": {
      "spearman_pred_vs_playoff_final_results": 0.47319243604004446,
      "ndcg_at_4_final_four": 0.4643768342304213,
      "ndcg10_pred_vs_playoff_final_results": 0.5288632475023711,
      "brier_championship_odds": 0.03222232684493065,
      "rank_mae_pred_vs_playoff_final_results": 7.0,
      "rank_rmse_pred_vs_playoff_final_results": 8.861903190612793,
      "rank_mae_eos_standings_vs_playoff_final_results": 3.1333333333333333,
      "rank_rmse_eos_standings_vs_playoff_final_results": 4.449719092257398
    }
  },
  "test_metrics_model_a": {
    "ndcg": 0.5288747789910296,
    "spearman": 0.4758620689655172,
    "mrr_top2": 0.5,
    "mrr_top4": 0.5,
    "ndcg10": 0.5288747789910296,
    "ndcg_at_4": 0.46437685999867345,
    "ndcg_at_12": 0.5290794124634434,
    "ndcg_at_16": 0.5303025428830365,
    "ndcg_at_20": 0.532689402121546,
    "roc_auc_upset": 0.7678571428571428
  },
  "test_metrics_model_b": {
    "ndcg": 0.15620002136222527,
    "spearman": 0.5795328142380423,
    "mrr_top2": 0.16666666666666666,
    "mrr_top4": 0.16666666666666666,
    "ndcg10": 0.15620002136222527,
    "ndcg_at_4": 0.04029517653159447,
    "ndcg_at_12": 0.20150165208847867,
    "ndcg_at_16": 0.22186618770508096,
    "ndcg_at_20": 0.3747772271621132,
    "roc_auc_upset": 0.8009049773755655
  },
  "test_metrics_model_c": {
    "ndcg": 0.05139534647930671,
    "spearman": 0.30233592880978866,
    "mrr_top2": 0.06666666666666667,
    "mrr_top4": 0.2,
    "ndcg10": 0.05139534647930671,
    "ndcg_at_4": 0.0072603807417201014,
    "ndcg_at_12": 0.05704448895120833,
    "ndcg_at_16": 0.1779607433491712,
    "ndcg_at_20": 0.18035846395567354,
    "roc_auc_upset": 0.8258928571428571
  },
  "test_metrics_by_conference": {
    "E": {
      "ndcg": 0.2584847361616991,
      "spearman": 0.2285714285714285
    },
    "W": {
      "ndcg": 0.7504940786340119,
      "spearman": 0.6392857142857141
    }
  },
  "by_season": {
    "2023-24": {
      "test_metrics_ensemble": {
        "ndcg": 0.5411542004295726,
        "spearman": 0.4313681868743047,
        "mrr_top2": 1.0,
        "mrr_top4": 1.0,
        "ndcg10": 0.5411542004295726,
        "ndcg_at_4": 0.35315119534797357,
        "ndcg_at_12": 0.5424276761206291,
        "ndcg_at_16": 0.583951356644275,
        "ndcg_at_20": 0.584555129123755,
        "roc_auc_upset": 0.8169642857142857,
        "rank_mae_pred_vs_playoff_final_results": 7.4666666984558105,
        "rank_rmse_pred_vs_playoff_final_results": 9.230384826660156,
        "rank_mae_eos_standings_vs_playoff_final_results": 3.7333333333333334,
        "rank_rmse_eos_standings_vs_playoff_final_results": 6.093712606722878,
        "playoff_metrics": {
          "spearman_pred_vs_playoff_final_results": 0.45272525027808674,
          "ndcg_at_4_final_four": 0.35315119534797357,
          "ndcg10_pred_vs_playoff_final_results": 0.5411490043885417,
          "brier_championship_odds": 0.03222232684493065,
          "rank_mae_pred_vs_playoff_final_results": 7.4666666984558105,
          "rank_rmse_pred_vs_playoff_final_results": 9.230384826660156,
          "rank_mae_eos_standings_vs_playoff_final_results": 3.7333333333333334,
          "rank_rmse_eos_standings_vs_playoff_final_results": 6.093712606722878
        }
      },
      "test_metrics_model_a": {
        "ndcg": 0.5411542004295726,
        "spearman": 0.43804226918798667,
        "mrr_top2": 1.0,
        "mrr_top4": 1.0,
        "ndcg10": 0.5411542004295726,
        "ndcg_at_4": 0.35315119534797357,
        "ndcg_at_12": 0.5424276761206291,
        "ndcg_at_16": 0.583951356644275,
        "ndcg_at_20": 0.5845663017614927,
        "roc_auc_upset": 0.8125
      },
      "test_metrics_model_b": {
        "ndcg": 0.8167762461145109,
        "spearman": 0.3931034482758621,
        "mrr_top2": 1.0,
        "mrr_top4": 1.0,
        "ndcg10": 0.8167762461145109,
        "ndcg_at_4": 0.7116242168324007,
        "ndcg_at_12": 0.8165838254808221,
        "ndcg_at_16": 0.8215710922692473,
        "ndcg_at_20": 0.821572002744922,
        "roc_auc_upset": 0.7544642857142857
      },
      "test_metrics_model_c": {
        "ndcg": 0.33348743391404295,
        "spearman": 0.22847608453837595,
        "mrr_top2": 0.16666666666666666,
        "mrr_top4": 0.16666666666666666,
        "ndcg10": 0.33348743391404295,
        "ndcg_at_4": 0.001111095381373398,
        "ndcg_at_12": 0.3389077264996702,
        "ndcg_at_16": 0.3596643455146382,
        "ndcg_at_20": 0.3699901174713633,
        "roc_auc_upset": 0.7678571428571429
      },
      "test_metrics_by_conference": {
        "E": {
          "ndcg": 0.3869402032684001,
          "spearman": 0.30357142857142855
        },
        "W": {
          "ndcg": 0.9151155035541598,
          "spearman": 0.6214285714285712
        }
      },
      "notes": {
        "eos_rank_source": "eos_final_rank"
      }
    },
    "2024-25": {
      "test_metrics_ensemble": {
        "ndcg": 0.5288747789910296,
        "spearman": 0.4758620689655172,
        "mrr_top2": 0.5,
        "mrr_top4": 0.5,
        "ndcg10": 0.5288747789910296,
        "ndcg_at_4": 0.46437685999867345,
        "ndcg_at_12": 0.5290794124634434,
        "ndcg_at_16": 0.5303025428830365,
        "ndcg_at_20": 0.532689402121546,
        "roc_auc_upset": 0.7678571428571428,
        "rank_mae_pred_vs_playoff_final_results": 7.0,
        "rank_rmse_pred_vs_playoff_final_results": 8.861903190612793,
        "rank_mae_eos_standings_vs_playoff_final_results": 3.1333333333333333,
        "rank_rmse_eos_standings_vs_playoff_final_results": 4.449719092257398,
        "playoff_metrics": {
          "spearman_pred_vs_playoff_final_results": 0.47319243604004446,
          "ndcg_at_4_final_four": 0.4643768342304213,
          "ndcg10_pred_vs_playoff_final_results": 0.5288632475023711,
          "brier_championship_odds": 0.03222232684493065,
          "rank_mae_pred_vs_playoff_final_results": 7.0,
          "rank_rmse_pred_vs_playoff_final_results": 8.861903190612793,
          "rank_mae_eos_standings_vs_playoff_final_results": 3.1333333333333333,
          "rank_rmse_eos_standings_vs_playoff_final_results": 4.449719092257398
        }
      },
      "test_metrics_model_a": {
        "ndcg": 0.5288747789910296,
        "spearman": 0.4758620689655172,
        "mrr_top2": 0.5,
        "mrr_top4": 0.5,
        "ndcg10": 0.5288747789910296,
        "ndcg_at_4": 0.46437685999867345,
        "ndcg_at_12": 0.5290794124634434,
        "ndcg_at_16": 0.5303025428830365,