{
  "notes": {
    "eval_on": "test",
    "eos_rank_source": "eos_final_rank",
    "upset_definition": "sleeper = EOS_global_rank > predicted_strength",
    "mrr_top2": "1/rank of first team in top 2 (champion+runner-up) in predicted order.",
    "mrr_top4": "1/rank of first team in top 4 (conference finals) in predicted order.",
    "per_conference_relevance": "Within E/W: actual rank derived from EOS_global_rank (1=best in conf); NDCG/Spearman use this relevance.",
    "playoff_metrics": "Spearman (pred global vs playoff_final_results), NDCG@4 (final four), Brier (champion vs odds). rank_mae/rank_rmse: pred vs playoff_final_results; eos_standings vs playoff_final_results (baseline)."
  },
  "split_info": {
    "train_frac": 0.75,
    "n_train_dates": 141,
    "n_test_dates": 36,
    "split_mode": "seasons"
  },
  "test_metrics_ensemble": {
    "ndcg": 0.45824376962209656,
    "spearman": 0.40734149054505003,
    "mrr_top2": 0.5,
    "mrr_top4": 0.5,
    "ndcg10": 0.45824376962209656,
    "ndcg_at_4": 0.464248626568376,
    "ndcg_at_12": 0.48006650560010583,
    "ndcg_at_16": 0.5219049051614234,
    "ndcg_at_20": 0.5225023128894388,
    "roc_auc_upset": 0.7822222222222223,
    "rank_mae_pred_vs_playoff_final_results": 7.5333333015441895,
    "rank_rmse_pred_vs_playoff_final_results": 9.423375129699707,
    "rank_mae_eos_standings_vs_playoff_final_results": 3.1333333333333333,
    "rank_rmse_eos_standings_vs_playoff_final_results": 4.449719092257398,
    "playoff_metrics": {
      "spearman_pred_vs_playoff_final_results": 0.4402669632925473,
      "ndcg_at_4_final_four": 0.464248626568376,
      "ndcg10_pred_vs_playoff_final_results": 0.45824365399627265,
      "brier_championship_odds": 0.03222232684493065,
      "rank_mae_pred_vs_playoff_final_results": 7.5333333015441895,
      "rank_rmse_pred_vs_playoff_final_results": 9.423375129699707,
      "rank_mae_eos_standings_vs_playoff_final_results": 3.1333333333333333,
      "rank_rmse_eos_standings_vs_playoff_final_results": 4.449719092257398
    }
  },
  "test_metrics_model_a": {
    "ndcg": 0.45824376962209656,
    "spearman": 0.40734149054505003,
    "mrr_top2": 0.5,
    "mrr_top4": 0.5,
    "ndcg10": 0.45824376962209656,
    "ndcg_at_4": 0.464248626568376,
    "ndcg_at_12": 0.48006650560010583,
    "ndcg_at_16": 0.5219049051614234,
    "ndcg_at_20": 0.5225023128894388,
    "roc_auc_upset": 0.7822222222222223
  },
  "test_metrics_model_b": {
    "ndcg": 0.4264999823240658,
    "spearman": 0.6226918798665184,
    "mrr_top2": 0.16666666666666666,
    "mrr_top4": 0.16666666666666666,
    "ndcg10": 0.4264999823240658,
    "ndcg_at_4": 0.048137480191550425,
    "ndcg_at_12": 0.4483752728404346,
    "ndcg_at_16": 0.4489906505800134,
    "ndcg_at_20": 0.4489940427468282,
    "roc_auc_upset": 0.7104072398190046
  },
  "test_metrics_model_c": {
    "ndcg": 0.05139534647930671,
    "spearman": 0.3054505005561735,
    "mrr_top2": 0.07142857142857142,
    "mrr_top4": 0.2,
    "ndcg10": 0.05139534647930671,
    "ndcg_at_4": 0.0072603807417201014,
    "ndcg_at_12": 0.05704448895120833,
    "ndcg_at_16": 0.17989573678693135,
    "ndcg_at_20": 0.1822152155273313,
    "roc_auc_upset": 0.8214285714285714
  },
  "test_metrics_by_conference": {
    "E": {
      "ndcg": 0.2516966287455185,
      "spearman": 0.38214285714285706
    },
    "W": {
      "ndcg": 0.7009391748410306,
      "spearman": 0.34642857142857136
    }
  },
  "by_season": {
    "2023-24": {
      "test_metrics_ensemble": {
        "ndcg": 0.4267178871709164,
        "spearman": 0.15016685205784203,
        "mrr_top2": 0.5,
        "mrr_top4": 0.5,
        "ndcg10": 0.4267178871709164,
        "ndcg_at_4": 0.2299424414214146,
        "ndcg_at_12": 0.4266553973411363,
        "ndcg_at_16": 0.4292886565255048,
        "ndcg_at_20": 0.46751482067958156,
        "roc_auc_upset": 0.8148148148148149,
        "rank_mae_pred_vs_playoff_final_results": 9.199999809265137,
        "rank_rmse_pred_vs_playoff_final_results": 11.284207344055176,
        "rank_mae_eos_standings_vs_playoff_final_results": 3.7333333333333334,
        "rank_rmse_eos_standings_vs_playoff_final_results": 6.093712606722878,
        "playoff_metrics": {
          "spearman_pred_vs_playoff_final_results": 0.1946607341490545,
          "ndcg_at_4_final_four": 0.2299424414214146,
          "ndcg10_pred_vs_playoff_final_results": 0.42672046839681455,
          "brier_championship_odds": 0.03222232684493065,
          "rank_mae_pred_vs_playoff_final_results": 9.199999809265137,
          "rank_rmse_pred_vs_playoff_final_results": 11.284207344055176,
          "rank_mae_eos_standings_vs_playoff_final_results": 3.7333333333333334,
          "rank_rmse_eos_standings_vs_playoff_final_results": 6.093712606722878
        }
      },
      "test_metrics_model_a": {
        "ndcg": 0.4267178871709164,
        "spearman": 0.15239154616240266,
        "mrr_top2": 0.5,
        "mrr_top4": 0.5,
        "ndcg10": 0.4267178871709164,
        "ndcg_at_4": 0.2299424414214146,
        "ndcg_at_12": 0.4266553973411363,
        "ndcg_at_16": 0.4292886565255048,
        "ndcg_at_20": 0.46751482067958156,
        "roc_auc_upset": 0.8148148148148149
      },
      "test_metrics_model_b": {
        "ndcg": 0.7040011122605258,
        "spearman": 0.34949944382647385,
        "mrr_top2": 1.0,
        "mrr_top4": 1.0,
        "ndcg10": 0.7040011122605258,
        "ndcg_at_4": 0.6907114070725182,
        "ndcg_at_12": 0.7038162047441981,
        "ndcg_at_16": 0.8287966670281222,
        "ndcg_at_20": 0.8337331495124859,
        "roc_auc_upset": 0.8222222222222222
      },
      "test_metrics_model_c": {
        "ndcg": 0.333487026575135,
        "spearman": 0.23470522803114574,
        "mrr_top2": 0.16666666666666666,
        "mrr_top4": 0.16666666666666666,
        "ndcg10": 0.333487026575135,
        "ndcg_at_4": 0.0011069724610271625,
        "ndcg_at_12": 0.33342221884066475,
        "ndcg_at_16": 0.3595099217698844,
        "ndcg_at_20": 0.37101553420461786,
        "roc_auc_upset": 0.7822222222222222
      },
      "test_metrics_by_conference": {
        "E": {
          "ndcg": 0.36094011063717846,
          "spearman": 0.07142857142857141
        },
        "W": {
          "ndcg": 0.7882547997567634,
          "spearman": 0.12857142857142856
        }
      },
      "notes": {
        "eos_rank_source": "eos_final_rank"
      }
    },
    "2024-25": {
      "test_metrics_ensemble": {
        "ndcg": 0.45824376962209656,
        "spearman": 0.40734149054505003,
        "mrr_top2": 0.5,
        "mrr_top4": 0.5,
        "ndcg10": 0.45824376962209656,
        "ndcg_at_4": 0.464248626568376,
        "ndcg_at_12": 0.48006650560010583,
        "ndcg_at_16": 0.5219049051614234,
        "ndcg_at_20": 0.5225023128894388,
        "roc_auc_upset": 0.7822222222222223,
        "rank_mae_pred_vs_playoff_final_results": 7.5333333015441895,
        "rank_rmse_pred_vs_playoff_final_results": 9.423375129699707,
        "rank_mae_eos_standings_vs_playoff_final_results": 3.1333333333333333,
        "rank_rmse_eos_standings_vs_playoff_final_results": 4.449719092257398,
        "playoff_metrics": {
          "spearman_pred_vs_playoff_final_results": 0.4402669632925473,
          "ndcg_at_4_final_four": 0.464248626568376,
          "ndcg10_pred_vs_playoff_final_results": 0.45824365399627265,
          "brier_championship_odds": 0.03222232684493065,
          "rank_mae_pred_vs_playoff_final_results": 7.5333333015441895,
          "rank_rmse_pred_vs_playoff_final_results": 9.423375129699707,
          "rank_mae_eos_standings_vs_playoff_final_results": 3.1333333333333333,
          "rank_rmse_eos_standings_vs_playoff_final_results": 4.449719092257398
        }
      },
      "test_metrics_model_a": {
        "ndcg": 0.45824376962209656,
        "spearman": 0.40734149054505003,
        "mrr_top2": 0.5,
        "mrr_top4": 0.5,
        "ndcg10": 0.45824376962209656,
        "ndcg_at_4": 0.464248626568376,