{
  "notes": {
    "eval_on": "test",
    "eos_rank_source": "eos_final_rank",
    "upset_definition": "sleeper = EOS_global_rank > predicted_strength",
    "mrr_top2": "1/rank of first team in top 2 (champion+runner-up) in predicted order.",
    "mrr_top4": "1/rank of first team in top 4 (conference finals) in predicted order.",
    "per_conference_relevance": "Within E/W: actual rank derived from EOS_global_rank (1=best in conf); NDCG/Spearman use this relevance.",
    "playoff_metrics": "Spearman (pred global vs playoff_final_results), NDCG@4 (final four), Brier (champion vs odds). rank_mae/rank_rmse: pred vs playoff_final_results; eos_standings vs playoff_final_results (baseline)."
  },
  "split_info": {
    "train_frac": 0.75,
    "n_train_dates": 141,
    "n_test_dates": 36,
    "split_mode": "seasons"
  },
  "test_metrics_ensemble": {
    "ndcg": 0.48965310357026315,
    "spearman": 0.4887652947719689,
    "mrr_top2": 0.5,
    "mrr_top4": 0.5,
    "ndcg10": 0.48965310357026315,
    "ndcg_at_4": 0.46433156090549454,
    "ndcg_at_12": 0.533432767097591,
    "ndcg_at_16": 0.5337264538855777,
    "ndcg_at_20": 0.5379078838356877,
    "roc_auc_upset": 0.7455357142857143,
    "rank_mae_pred_vs_playoff_final_results": 6.666666507720947,
    "rank_rmse_pred_vs_playoff_final_results": 8.752142906188965,
    "rank_mae_eos_standings_vs_playoff_final_results": 3.1333333333333333,
    "rank_rmse_eos_standings_vs_playoff_final_results": 4.449719092257398,
    "playoff_metrics": {
      "spearman_pred_vs_playoff_final_results": 0.4958843159065628,
      "ndcg_at_4_final_four": 0.4643315309894802,
      "ndcg10_pred_vs_playoff_final_results": 0.4896431540343448,
      "brier_championship_odds": 0.03222232684493065,
      "rank_mae_pred_vs_playoff_final_results": 6.666666507720947,
      "rank_rmse_pred_vs_playoff_final_results": 8.752142906188965,
      "rank_mae_eos_standings_vs_playoff_final_results": 3.1333333333333333,
      "rank_rmse_eos_standings_vs_playoff_final_results": 4.449719092257398
    }
  },
  "test_metrics_model_a": {
    "ndcg": 0.4888274428647109,
    "spearman": 0.48075639599555064,
    "mrr_top2": 0.5,
    "mrr_top4": 0.5,
    "ndcg10": 0.4888274428647109,
    "ndcg_at_4": 0.46433156090549454,
    "ndcg_at_12": 0.5326073232660056,
    "ndcg_at_16": 0.5329010733704561,
    "ndcg_at_20": 0.5370825069507723,
    "roc_auc_upset": 0.7544642857142857
  },
  "test_metrics_model_b": {
    "ndcg": 0.21636311292660687,
    "spearman": 0.6320355951056729,
    "mrr_top2": 0.2,
    "mrr_top4": 0.2,
    "ndcg10": 0.21636311292660687,
    "ndcg_at_4": 0.04166423104576856,
    "ndcg_at_12": 0.23833783758926289,
    "ndcg_at_16": 0.23837175374858408,
    "ndcg_at_20": 0.39414300315490214,
    "roc_auc_upset": 0.7239819004524887
  },
  "test_metrics_model_c": {
    "ndcg": 0.05139534647930671,
    "spearman": 0.3050055617352614,
    "mrr_top2": 0.06666666666666667,
    "mrr_top4": 0.2,
    "ndcg10": 0.05139534647930671,
    "ndcg_at_4": 0.0072603807417201014,
    "ndcg_at_12": 0.05704448895120833,
    "ndcg_at_16": 0.1779607433491712,
    "ndcg_at_20": 0.18035846395567354,
    "roc_auc_upset": 0.8258928571428571
  },
  "test_metrics_by_conference": {
    "E": {
      "ndcg": 0.25421971830879425,
      "spearman": 0.21428571428571427
    },
    "W": {
      "ndcg": 0.7840083157286689,
      "spearman": 0.7428571428571428
    }
  },
  "by_season": {
    "2023-24": {
      "test_metrics_ensemble": {
        "ndcg": 0.558299719103666,
        "spearman": 0.4642936596218019,
        "mrr_top2": 1.0,
        "mrr_top4": 1.0,
        "ndcg10": 0.558299719103666,
        "ndcg_at_4": 0.35315119534797357,
        "ndcg_at_12": 0.6034582310559956,
        "ndcg_at_16": 0.6053667891899187,
        "ndcg_at_20": 0.6056600079013905,
        "roc_auc_upset": 0.746606334841629,
        "rank_mae_pred_vs_playoff_final_results": 7.0,
        "rank_rmse_pred_vs_playoff_final_results": 8.959166526794434,
        "rank_mae_eos_standings_vs_playoff_final_results": 3.7333333333333334,
        "rank_rmse_eos_standings_vs_playoff_final_results": 6.093712606722878,
        "playoff_metrics": {
          "spearman_pred_vs_playoff_final_results": 0.5043381535038932,
          "ndcg_at_4_final_four": 0.35315119534797357,
          "ndcg10_pred_vs_playoff_final_results": 0.5583047311722473,
          "brier_championship_odds": 0.03222232684493065,
          "rank_mae_pred_vs_playoff_final_results": 7.0,
          "rank_rmse_pred_vs_playoff_final_results": 8.959166526794434,
          "rank_mae_eos_standings_vs_playoff_final_results": 3.7333333333333334,
          "rank_rmse_eos_standings_vs_playoff_final_results": 6.093712606722878
        }
      },
      "test_metrics_model_a": {
        "ndcg": 0.5489227567395806,
        "spearman": 0.4589543937708565,
        "mrr_top2": 1.0,
        "mrr_top4": 1.0,
        "ndcg10": 0.5489227567395806,
        "ndcg_at_4": 0.35315119534797357,
        "ndcg_at_12": 0.5940837317121445,
        "ndcg_at_16": 0.5959930089260655,
        "ndcg_at_20": 0.5962862688654974,
        "roc_auc_upset": 0.751131221719457
      },
      "test_metrics_model_b": {
        "ndcg": 0.8184270462470392,
        "spearman": 0.46073414905450494,
        "mrr_top2": 1.0,
        "mrr_top4": 1.0,
        "ndcg10": 0.8184270462470392,
        "ndcg_at_4": 0.729074614628521,
        "ndcg_at_12": 0.8182362656627139,
        "ndcg_at_16": 0.8182535872428301,
        "ndcg_at_20": 0.8618931244240603,
        "roc_auc_upset": 0.8035714285714286
      },
      "test_metrics_model_c": {
        "ndcg": 0.333487026575135,
        "spearman": 0.2382647385984427,
        "mrr_top2": 0.16666666666666666,
        "mrr_top4": 0.16666666666666666,
        "ndcg10": 0.333487026575135,
        "ndcg_at_4": 0.0011069724610271625,
        "ndcg_at_12": 0.33890731926775686,
        "ndcg_at_16": 0.3602072243020767,
        "ndcg_at_20": 0.37054321582955735,
        "roc_auc_upset": 0.7589285714285714
      },
      "test_metrics_by_conference": {
        "E": {
          "ndcg": 0.3869402032684001,
          "spearman": 0.2821428571428571
        },
        "W": {
          "ndcg": 0.931078638698556,
          "spearman": 0.6
        }
      },
      "notes": {
        "eos_rank_source": "eos_final_rank"
      }
    },
    "2024-25": {
      "test_metrics_ensemble": {
        "ndcg": 0.48965310357026315,
        "spearman": 0.4887652947719689,
        "mrr_top2": 0.5,
        "mrr_top4": 0.5,
        "ndcg10": 0.48965310357026315,
        "ndcg_at_4": 0.46433156090549454,
        "ndcg_at_12": 0.533432767097591,
        "ndcg_at_16": 0.5337264538855777,
        "ndcg_at_20": 0.5379078838356877,
        "roc_auc_upset": 0.7455357142857143,
        "rank_mae_pred_vs_playoff_final_results": 6.666666507720947,
        "rank_rmse_pred_vs_playoff_final_results": 8.752142906188965,
        "rank_mae_eos_standings_vs_playoff_final_results": 3.1333333333333333,
        "rank_rmse_eos_standings_vs_playoff_final_results": 4.449719092257398,
        "playoff_metrics": {
          "spearman_pred_vs_playoff_final_results": 0.4958843159065628,
          "ndcg_at_4_final_four": 0.4643315309894802,
          "ndcg10_pred_vs_playoff_final_results": 0.4896431540343448,
          "brier_championship_odds": 0.03222232684493065,
          "rank_mae_pred_vs_playoff_final_results": 6.666666507720947,
          "rank_rmse_pred_vs_playoff_final_results": 8.752142906188965,
          "rank_mae_eos_standings_vs_playoff_final_results": 3.1333333333333333,
          "rank_rmse_eos_standings_vs_playoff_final_results": 4.449719092257398
        }
      },
      "test_metrics_model_a": {
        "ndcg": 0.4888274428647109,
        "spearman": 0.48075639599555064,
        "mrr_top2": 0.5,
        "mrr_top4": 0.5,
        "ndcg10": 0.4888274428647109,
        "ndcg_at_4": 0.46433156090549454,
        "ndcg_at_12": 0.5326073232660056,
        "ndcg_at_16": 0.5329010733704561,
        "ndcg_at_20": 0.5370825069507723,