{
  "test_metrics_ensemble": {
    "ndcg": 0.48965310357026315,
    "spearman": 0.4887652947719689,
    "mrr_top2": 0.5,
    "mrr_top4": 0.5,
    "ndcg10": 0.48965310357026315,
    "ndcg_at_4": 0.46433156090549454,
    "ndcg_at_12": 0.533432767097591,
    "ndcg_at_16": 0.5337264538855777,
    "ndcg_at_20": 0.5379078838356877,
    "roc_auc_upset": 0.7455357142857143,
    "rank_mae_pred_vs_playoff_final_results": 6.666666507720947,
    "rank_rmse_pred_vs_playoff_final_results": 8.752142906188965,
    "rank_mae_eos_standings_vs_playoff_final_results": 3.1333333333333333,
    "rank_rmse_eos_standings_vs_playoff_final_results": 4.449719092257398,
    "playoff_metrics": {
      "spearman_pred_vs_playoff_final_results": 0.4958843159065628,
      "ndcg_at_4_final_four": 0.4643315309894802,
      "ndcg10_pred_vs_playoff_final_results": 0.4896431540343448,
      "brier_championship_odds": 0.03222232684493065,
      "rank_mae_pred_vs_playoff_final_results": 6.666666507720947,
      "rank_rmse_pred_vs_playoff_final_results": 8.752142906188965,
      "rank_mae_eos_standings_vs_playoff_final_results": 3.1333333333333333,
      "rank_rmse_eos_standings_vs_playoff_final_results": 4.449719092257398
    }
  },
  "test_metrics_model_a": {
    "ndcg": 0.4888274428647109,
    "spearman": 0.48075639599555064,
    "mrr_top2": 0.5,
    "mrr_top4": 0.5,
    "ndcg10": 0.4888274428647109,
    "ndcg_at_4": 0.46433156090549454,
    "ndcg_at_12": 0.5326073232660056,
    "ndcg_at_16": 0.5329010733704561,
    "ndcg_at_20": 0.5370825069507723,
    "roc_auc_upset": 0.7544642857142857
  },
  "test_metrics_model_b": {
    "ndcg": 0.21636311292660687,
    "spearman": 0.6320355951056729,
    "mrr_top2": 0.2,
    "mrr_top4": 0.2,
    "ndcg10": 0.21636311292660687,
    "ndcg_at_4": 0.04166423104576856,
    "ndcg_at_12": 0.23833783758926289,
    "ndcg_at_16": 0.23837175374858408,
    "ndcg_at_20": 0.39414300315490214,
    "roc_auc_upset": 0.7239819004524887
  },
  "test_metrics_model_c": {
    "ndcg": 0.05139534647930671,
    "spearman": 0.3050055617352614,
    "mrr_top2": 0.06666666666666667,
    "mrr_top4": 0.2,
    "ndcg10": 0.05139534647930671,
    "ndcg_at_4": 0.0072603807417201014,
    "ndcg_at_12": 0.05704448895120833,
    "ndcg_at_16": 0.1779607433491712,
    "ndcg_at_20": 0.18035846395567354,
    "roc_auc_upset": 0.8258928571428571
  },
  "test_metrics_by_conference": {
    "E": {
      "ndcg": 0.25421971830879425,
      "spearman": 0.21428571428571427
    },
    "W": {
      "ndcg": 0.7840083157286689,
      "spearman": 0.7428571428571428
    }
  },
  "notes": {
    "eos_rank_source": "eos_final_rank"
  }
}