{
  "test_metrics_ensemble": {
    "ndcg": 0.558299719103666,
    "spearman": 0.4642936596218019,
    "mrr_top2": 1.0,
    "mrr_top4": 1.0,
    "ndcg10": 0.558299719103666,
    "ndcg_at_4": 0.35315119534797357,
    "ndcg_at_12": 0.6034582310559956,
    "ndcg_at_16": 0.6053667891899187,
    "ndcg_at_20": 0.6056600079013905,
    "roc_auc_upset": 0.746606334841629,
    "rank_mae_pred_vs_playoff_final_results": 7.0,
    "rank_rmse_pred_vs_playoff_final_results": 8.959166526794434,
    "rank_mae_eos_standings_vs_playoff_final_results": 3.7333333333333334,
    "rank_rmse_eos_standings_vs_playoff_final_results": 6.093712606722878,
    "playoff_metrics": {
      "spearman_pred_vs_playoff_final_results": 0.5043381535038932,
      "ndcg_at_4_final_four": 0.35315119534797357,
      "ndcg10_pred_vs_playoff_final_results": 0.5583047311722473,
      "brier_championship_odds": 0.03222232684493065,
      "rank_mae_pred_vs_playoff_final_results": 7.0,
      "rank_rmse_pred_vs_playoff_final_results": 8.959166526794434,
      "rank_mae_eos_standings_vs_playoff_final_results": 3.7333333333333334,
      "rank_rmse_eos_standings_vs_playoff_final_results": 6.093712606722878
    }
  },
  "test_metrics_model_a": {
    "ndcg": 0.5489227567395806,
    "spearman": 0.4589543937708565,
    "mrr_top2": 1.0,
    "mrr_top4": 1.0,
    "ndcg10": 0.5489227567395806,
    "ndcg_at_4": 0.35315119534797357,
    "ndcg_at_12": 0.5940837317121445,
    "ndcg_at_16": 0.5959930089260655,
    "ndcg_at_20": 0.5962862688654974,
    "roc_auc_upset": 0.751131221719457
  },
  "test_metrics_model_b": {
    "ndcg": 0.8184270462470392,
    "spearman": 0.46073414905450494,
    "mrr_top2": 1.0,
    "mrr_top4": 1.0,
    "ndcg10": 0.8184270462470392,
    "ndcg_at_4": 0.729074614628521,
    "ndcg_at_12": 0.8182362656627139,
    "ndcg_at_16": 0.8182535872428301,
    "ndcg_at_20": 0.8618931244240603,
    "roc_auc_upset": 0.8035714285714286
  },
  "test_metrics_model_c": {
    "ndcg": 0.333487026575135,
    "spearman": 0.2382647385984427,
    "mrr_top2": 0.16666666666666666,
    "mrr_top4": 0.16666666666666666,
    "ndcg10": 0.333487026575135,
    "ndcg_at_4": 0.0011069724610271625,
    "ndcg_at_12": 0.33890731926775686,
    "ndcg_at_16": 0.3602072243020767,
    "ndcg_at_20": 0.37054321582955735,
    "roc_auc_upset": 0.7589285714285714
  },
  "test_metrics_by_conference": {
    "E": {
      "ndcg": 0.3869402032684001,
      "spearman": 0.2821428571428571
    },
    "W": {
      "ndcg": 0.931078638698556,
      "spearman": 0.6
    }
  },
  "notes": {
    "eos_rank_source": "eos_final_rank"
  }
}