{
  "test_metrics_ensemble": {
    "ndcg": 0.5381734074178618,
    "spearman": 0.5430478309232479,
    "mrr_top2": 0.5,
    "mrr_top4": 0.5,
    "ndcg10": 0.5381734074178618,
    "ndcg_at_4": 0.4733834825680338,
    "ndcg_at_12": 0.5380541666053601,
    "ndcg_at_16": 0.5395889902838661,
    "ndcg_at_20": 0.5419803128298714,
    "roc_auc_upset": 0.7777777777777778,
    "rank_mae_pred_vs_playoff_final_results": 6.5333333015441895,
    "rank_rmse_pred_vs_playoff_final_results": 8.274458885192871,
    "rank_mae_eos_standings_vs_playoff_final_results": 3.1333333333333333,
    "rank_rmse_eos_standings_vs_playoff_final_results": 4.449719092257398,
    "playoff_metrics": {
      "spearman_pred_vs_playoff_final_results": 0.5546162402669632,
      "ndcg_at_4_final_four": 0.4733834825680338,
      "ndcg10_pred_vs_playoff_final_results": 0.5381627949777392,
      "brier_championship_odds": 0.03222232684493065,
      "rank_mae_pred_vs_playoff_final_results": 6.5333333015441895,
      "rank_rmse_pred_vs_playoff_final_results": 8.274458885192871,
      "rank_mae_eos_standings_vs_playoff_final_results": 3.1333333333333333,
      "rank_rmse_eos_standings_vs_playoff_final_results": 4.449719092257398
    }
  },
  "test_metrics_model_a": {
    "ndcg": 0.5381734074178618,
    "spearman": 0.5430478309232479,
    "mrr_top2": 0.5,
    "mrr_top4": 0.5,
    "ndcg10": 0.5381734074178618,
    "ndcg_at_4": 0.4733834825680338,
    "ndcg_at_12": 0.5380541666053601,
    "ndcg_at_16": 0.5395889902838661,
    "ndcg_at_20": 0.5419803128298714,
    "roc_auc_upset": 0.7777777777777778
  },
  "test_metrics_model_b": {
    "ndcg": 0.20447327093225284,
    "spearman": 0.5457174638487208,
    "mrr_top2": 0.16666666666666666,
    "mrr_top4": 0.16666666666666666,
    "ndcg10": 0.20447327093225284,
    "ndcg_at_4": 0.04166423104576856,
    "ndcg_at_12": 0.227155178389807,
    "ndcg_at_16": 0.22718962131888687,
    "ndcg_at_20": 0.22719382683313788,
    "roc_auc_upset": 0.7321428571428571
  },
  "test_metrics_model_c": {
    "ndcg": 0.05124995751403931,
    "spearman": 0.30233592880978866,
    "mrr_top2": 0.06666666666666667,
    "mrr_top4": 0.2,
    "ndcg10": 0.05124995751403931,
    "ndcg_at_4": 0.00711064040423231,
    "ndcg_at_12": 0.056899138174850025,
    "ndcg_at_16": 0.17781540372208415,
    "ndcg_at_20": 0.18021312496782235,
    "roc_auc_upset": 0.8258928571428571
  },
  "test_metrics_by_conference": {
    "E": {
      "ndcg": 0.2980589084862803,
      "spearman": 0.35
    },
    "W": {
      "ndcg": 0.7737357849437491,
      "spearman": 0.6964285714285713
    }
  },
  "notes": {
    "eos_rank_source": "eos_final_rank"
  }
}