{
  "test_metrics_ensemble": {
    "ndcg": 0.5698165383000299,
    "spearman": 0.4398220244716351,
    "mrr_top2": 1.0,
    "mrr_top4": 1.0,
    "ndcg10": 0.5698165383000299,
    "ndcg_at_4": 0.35315119534797357,
    "ndcg_at_12": 0.6149720251619712,
    "ndcg_at_16": 0.6168457768692646,
    "ndcg_at_20": 0.6171319868071398,
    "roc_auc_upset": 0.7688888888888888,
    "rank_mae_pred_vs_playoff_final_results": 7.333333492279053,
    "rank_rmse_pred_vs_playoff_final_results": 9.161513328552246,
    "rank_mae_eos_standings_vs_playoff_final_results": 3.7333333333333334,
    "rank_rmse_eos_standings_vs_playoff_final_results": 6.093712606722878,
    "playoff_metrics": {
      "spearman_pred_vs_playoff_final_results": 0.48565072302558404,
      "ndcg_at_4_final_four": 0.35315119534797357,
      "ndcg10_pred_vs_playoff_final_results": 0.5698215503686113,
      "brier_championship_odds": 0.03222232684493065,
      "rank_mae_pred_vs_playoff_final_results": 7.333333492279053,
      "rank_rmse_pred_vs_playoff_final_results": 9.161513328552246,
      "rank_mae_eos_standings_vs_playoff_final_results": 3.7333333333333334,
      "rank_rmse_eos_standings_vs_playoff_final_results": 6.093712606722878
    }
  },
  "test_metrics_model_a": {
    "ndcg": 0.5698165383000299,
    "spearman": 0.4309232480533926,
    "mrr_top2": 1.0,
    "mrr_top4": 1.0,
    "ndcg10": 0.5698165383000299,
    "ndcg_at_4": 0.35315119534797357,
    "ndcg_at_12": 0.6149720251619712,
    "ndcg_at_16": 0.6168457768692646,
    "ndcg_at_20": 0.6168431572757056,
    "roc_auc_upset": 0.7733333333333333
  },
  "test_metrics_model_b": {
    "ndcg": 0.5696834149930231,
    "spearman": 0.5181312569521691,
    "mrr_top2": 0.5,
    "mrr_top4": 0.5,
    "ndcg10": 0.5696834149930231,
    "ndcg_at_4": 0.44093212795935904,
    "ndcg_at_12": 0.6148342492744148,
    "ndcg_at_16": 0.6148691324184641,
    "ndcg_at_20": 0.619568766049355,
    "roc_auc_upset": 0.7420814479638009
  },
  "test_metrics_model_c": {
    "ndcg": 0.333487026575135,
    "spearman": 0.24048943270300333,
    "mrr_top2": 0.16666666666666666,
    "mrr_top4": 0.16666666666666666,
    "ndcg10": 0.333487026575135,
    "ndcg_at_4": 0.0011069724610271625,
    "ndcg_at_12": 0.33890731926775686,
    "ndcg_at_16": 0.35966393831396193,
    "ndcg_at_20": 0.37116955007129654,
    "roc_auc_upset": 0.7777777777777778
  },
  "test_metrics_by_conference": {
    "E": {
      "ndcg": 0.3851402749883562,
      "spearman": 0.28571428571428564
    },
    "W": {
      "ndcg": 0.9268554010035256,
      "spearman": 0.5785714285714285
    }
  },
  "notes": {
    "eos_rank_source": "eos_final_rank"
  }
}