{
  "test_metrics_ensemble": {
    "ndcg": 0.483393213217495,
    "spearman": 0.49276974416017794,
    "mrr_top2": 0.5,
    "mrr_top4": 0.5,
    "ndcg10": 0.483393213217495,
    "ndcg_at_4": 0.46414085016152934,
    "ndcg_at_12": 0.528908904082733,
    "ndcg_at_16": 0.5288905562019176,
    "ndcg_at_20": 0.5325167025794144,
    "roc_auc_upset": 0.7678571428571428,
    "rank_mae_pred_vs_playoff_final_results": 7.0,
    "rank_rmse_pred_vs_playoff_final_results": 8.717798233032227,
    "rank_mae_eos_standings_vs_playoff_final_results": 3.1333333333333333,
    "rank_rmse_eos_standings_vs_playoff_final_results": 4.449719092257398,
    "playoff_metrics": {
      "spearman_pred_vs_playoff_final_results": 0.49988876529477194,
      "ndcg_at_4_final_four": 0.4641255331621935,
      "ndcg10_pred_vs_playoff_final_results": 0.4833777864661905,
      "brier_championship_odds": 0.03222232684493065,
      "rank_mae_pred_vs_playoff_final_results": 7.0,
      "rank_rmse_pred_vs_playoff_final_results": 8.717798233032227,
      "rank_mae_eos_standings_vs_playoff_final_results": 3.1333333333333333,
      "rank_rmse_eos_standings_vs_playoff_final_results": 4.449719092257398
    }
  },
  "test_metrics_model_a": {
    "ndcg": 0.4834001651348561,
    "spearman": 0.4843159065628476,
    "mrr_top2": 0.5,
    "mrr_top4": 0.5,
    "ndcg10": 0.4834001651348561,
    "ndcg_at_4": 0.46421121466877174,
    "ndcg_at_12": 0.5289158541740535,
    "ndcg_at_16": 0.5288975057601247,
    "ndcg_at_20": 0.5325236521070559,
    "roc_auc_upset": 0.7723214285714286
  },
  "test_metrics_model_b": {
    "ndcg": 0.18099531594194238,
    "spearman": 0.582202447163515,
    "mrr_top2": 0.16666666666666666,
    "mrr_top4": 0.16666666666666666,
    "ndcg10": 0.18099531594194238,
    "ndcg_at_4": 0.04166423104576856,
    "ndcg_at_12": 0.18100272656365038,
    "ndcg_at_16": 0.2226366587287354,
    "ndcg_at_20": 0.2226407900656916,
    "roc_auc_upset": 0.7546296296296297
  },
  "test_metrics_model_c": {
    "ndcg": 0.05124995751403931,
    "spearman": 0.30233592880978866,
    "mrr_top2": 0.06666666666666667,
    "mrr_top4": 0.2,
    "ndcg10": 0.05124995751403931,
    "ndcg_at_4": 0.00711064040423231,
    "ndcg_at_12": 0.056899138174850025,
    "ndcg_at_16": 0.17781540372208415,
    "ndcg_at_20": 0.18021312496782235,
    "roc_auc_upset": 0.8258928571428571
  },
  "test_metrics_by_conference": {
    "E": {
      "ndcg": 0.2518246639923056,
      "spearman": 0.2821428571428571
    },
    "W": {
      "ndcg": 0.7504940786340119,
      "spearman": 0.6607142857142856
    }
  },
  "notes": {
    "eos_rank_source": "eos_final_rank"
  }
}