{
  "notes": {
    "eval_on": "test",
    "eos_rank_source": "eos_final_rank",
    "upset_definition": "sleeper = EOS_global_rank > predicted_strength",
    "mrr_top2": "1/rank of first team in top 2 (champion+runner-up) in predicted order.",
    "mrr_top4": "1/rank of first team in top 4 (conference finals) in predicted order.",
    "per_conference_relevance": "Within E/W: actual rank derived from EOS_global_rank (1=best in conf); NDCG/Spearman use this relevance.",
    "playoff_metrics": "Spearman (pred global vs playoff_final_results), NDCG@4 (final four), Brier (champion vs odds). rank_mae/rank_rmse: pred vs playoff_final_results; eos_standings vs playoff_final_results (baseline)."
  },
  "split_info": {
    "train_frac": 0.75,
    "n_train_dates": 141,
    "n_test_dates": 36,
    "split_mode": "seasons"
  },
  "test_metrics_ensemble": {
    "ndcg": 0.5381734074178618,
    "spearman": 0.5430478309232479,
    "mrr_top2": 0.5,
    "mrr_top4": 0.5,
    "ndcg10": 0.5381734074178618,
    "ndcg_at_4": 0.4733834825680338,
    "ndcg_at_12": 0.5380541666053601,
    "ndcg_at_16": 0.5395889902838661,
    "ndcg_at_20": 0.5419803128298714,
    "roc_auc_upset": 0.7777777777777778,
    "rank_mae_pred_vs_playoff_final_results": 6.5333333015441895,
    "rank_rmse_pred_vs_playoff_final_results": 8.274458885192871,
    "rank_mae_eos_standings_vs_playoff_final_results": 3.1333333333333333,
    "rank_rmse_eos_standings_vs_playoff_final_results": 4.449719092257398,
    "playoff_metrics": {
      "spearman_pred_vs_playoff_final_results": 0.5546162402669632,
      "ndcg_at_4_final_four": 0.4733834825680338,
      "ndcg10_pred_vs_playoff_final_results": 0.5381627949777392,
      "brier_championship_odds": 0.03222232684493065,
      "rank_mae_pred_vs_playoff_final_results": 6.5333333015441895,
      "rank_rmse_pred_vs_playoff_final_results": 8.274458885192871,
      "rank_mae_eos_standings_vs_playoff_final_results": 3.1333333333333333,
      "rank_rmse_eos_standings_vs_playoff_final_results": 4.449719092257398
    }
  },
  "test_metrics_model_a": {
    "ndcg": 0.5381734074178618,
    "spearman": 0.5430478309232479,
    "mrr_top2": 0.5,
    "mrr_top4": 0.5,
    "ndcg10": 0.5381734074178618,
    "ndcg_at_4": 0.4733834825680338,
    "ndcg_at_12": 0.5380541666053601,
    "ndcg_at_16": 0.5395889902838661,
    "ndcg_at_20": 0.5419803128298714,
    "roc_auc_upset": 0.7777777777777778
  },
  "test_metrics_model_b": {
    "ndcg": 0.20447327093225284,
    "spearman": 0.5457174638487208,
    "mrr_top2": 0.16666666666666666,
    "mrr_top4": 0.16666666666666666,
    "ndcg10": 0.20447327093225284,
    "ndcg_at_4": 0.04166423104576856,
    "ndcg_at_12": 0.227155178389807,
    "ndcg_at_16": 0.22718962131888687,
    "ndcg_at_20": 0.22719382683313788,
    "roc_auc_upset": 0.7321428571428571
  },
  "test_metrics_model_c": {
    "ndcg": 0.05124995751403931,
    "spearman": 0.30233592880978866,
    "mrr_top2": 0.06666666666666667,
    "mrr_top4": 0.2,
    "ndcg10": 0.05124995751403931,
    "ndcg_at_4": 0.00711064040423231,
    "ndcg_at_12": 0.056899138174850025,
    "ndcg_at_16": 0.17781540372208415,
    "ndcg_at_20": 0.18021312496782235,
    "roc_auc_upset": 0.8258928571428571
  },
  "test_metrics_by_conference": {
    "E": {
      "ndcg": 0.2980589084862803,
      "spearman": 0.35
    },
    "W": {
      "ndcg": 0.7737357849437491,
      "spearman": 0.6964285714285713
    }
  },
  "by_season": {
    "2023-24": {
      "test_metrics_ensemble": {
        "ndcg": 0.5698165383000299,
        "spearman": 0.4398220244716351,
        "mrr_top2": 1.0,
        "mrr_top4": 1.0,
        "ndcg10": 0.5698165383000299,
        "ndcg_at_4": 0.35315119534797357,
        "ndcg_at_12": 0.6149720251619712,
        "ndcg_at_16": 0.6168457768692646,
        "ndcg_at_20": 0.6171319868071398,
        "roc_auc_upset": 0.7688888888888888,
        "rank_mae_pred_vs_playoff_final_results": 7.333333492279053,
        "rank_rmse_pred_vs_playoff_final_results": 9.161513328552246,
        "rank_mae_eos_standings_vs_playoff_final_results": 3.7333333333333334,
        "rank_rmse_eos_standings_vs_playoff_final_results": 6.093712606722878,
        "playoff_metrics": {
          "spearman_pred_vs_playoff_final_results": 0.48565072302558404,
          "ndcg_at_4_final_four": 0.35315119534797357,
          "ndcg10_pred_vs_playoff_final_results": 0.5698215503686113,
          "brier_championship_odds": 0.03222232684493065,
          "rank_mae_pred_vs_playoff_final_results": 7.333333492279053,
          "rank_rmse_pred_vs_playoff_final_results": 9.161513328552246,
          "rank_mae_eos_standings_vs_playoff_final_results": 3.7333333333333334,
          "rank_rmse_eos_standings_vs_playoff_final_results": 6.093712606722878
        }
      },
      "test_metrics_model_a": {
        "ndcg": 0.5698165383000299,
        "spearman": 0.4309232480533926,
        "mrr_top2": 1.0,
        "mrr_top4": 1.0,
        "ndcg10": 0.5698165383000299,
        "ndcg_at_4": 0.35315119534797357,
        "ndcg_at_12": 0.6149720251619712,
        "ndcg_at_16": 0.6168457768692646,
        "ndcg_at_20": 0.6168431572757056,
        "roc_auc_upset": 0.7733333333333333
      },
      "test_metrics_model_b": {
        "ndcg": 0.5696834149930231,
        "spearman": 0.5181312569521691,
        "mrr_top2": 0.5,
        "mrr_top4": 0.5,
        "ndcg10": 0.5696834149930231,
        "ndcg_at_4": 0.44093212795935904,
        "ndcg_at_12": 0.6148342492744148,
        "ndcg_at_16": 0.6148691324184641,
        "ndcg_at_20": 0.619568766049355,
        "roc_auc_upset": 0.7420814479638009
      },
      "test_metrics_model_c": {
        "ndcg": 0.333487026575135,
        "spearman": 0.24048943270300333,
        "mrr_top2": 0.16666666666666666,
        "mrr_top4": 0.16666666666666666,
        "ndcg10": 0.333487026575135,
        "ndcg_at_4": 0.0011069724610271625,
        "ndcg_at_12": 0.33890731926775686,
        "ndcg_at_16": 0.35966393831396193,
        "ndcg_at_20": 0.37116955007129654,
        "roc_auc_upset": 0.7777777777777778
      },
      "test_metrics_by_conference": {
        "E": {
          "ndcg": 0.3851402749883562,
          "spearman": 0.28571428571428564
        },
        "W": {
          "ndcg": 0.9268554010035256,
          "spearman": 0.5785714285714285
        }
      },
      "notes": {
        "eos_rank_source": "eos_final_rank"
      }
    },
    "2024-25": {
      "test_metrics_ensemble": {
        "ndcg": 0.5381734074178618,
        "spearman": 0.5430478309232479,
        "mrr_top2": 0.5,
        "mrr_top4": 0.5,
        "ndcg10": 0.5381734074178618,
        "ndcg_at_4": 0.4733834825680338,
        "ndcg_at_12": 0.5380541666053601,
        "ndcg_at_16": 0.5395889902838661,
        "ndcg_at_20": 0.5419803128298714,
        "roc_auc_upset": 0.7777777777777778,
        "rank_mae_pred_vs_playoff_final_results": 6.5333333015441895,
        "rank_rmse_pred_vs_playoff_final_results": 8.274458885192871,
        "rank_mae_eos_standings_vs_playoff_final_results": 3.1333333333333333,
        "rank_rmse_eos_standings_vs_playoff_final_results": 4.449719092257398,
        "playoff_metrics": {
          "spearman_pred_vs_playoff_final_results": 0.5546162402669632,
          "ndcg_at_4_final_four": 0.4733834825680338,
          "ndcg10_pred_vs_playoff_final_results": 0.5381627949777392,
          "brier_championship_odds": 0.03222232684493065,
          "rank_mae_pred_vs_playoff_final_results": 6.5333333015441895,
          "rank_rmse_pred_vs_playoff_final_results": 8.274458885192871,
          "rank_mae_eos_standings_vs_playoff_final_results": 3.1333333333333333,
          "rank_rmse_eos_standings_vs_playoff_final_results": 4.449719092257398
        }
      },
      "test_metrics_model_a": {
        "ndcg": 0.5381734074178618,
        "spearman": 0.5430478309232479,
        "mrr_top2": 0.5,
        "mrr_top4": 0.5,
        "ndcg10": 0.5381734074178618,
        "ndcg_at_4": 0.4733834825680338,
        "ndcg_at_12": 0.5380541666053601,