{
  "test_metrics_ensemble": {
    "ndcg": 0.4885417554825891,
    "spearman": 0.47541713014460507,
    "mrr_top2": 0.5,
    "mrr_top4": 0.5,
    "ndcg10": 0.4885417554825891,
    "ndcg_at_4": 0.46433156090549454,
    "ndcg_at_12": 0.4887887647597681,
    "ndcg_at_16": 0.5314032062288796,
    "ndcg_at_20": 0.5355437386668304,
    "roc_auc_upset": 0.7633928571428571,
    "rank_mae_pred_vs_playoff_final_results": 6.933333396911621,
    "rank_rmse_pred_vs_playoff_final_results": 8.8656644821167,
    "rank_mae_eos_standings_vs_playoff_final_results": 3.1333333333333333,
    "rank_rmse_eos_standings_vs_playoff_final_results": 4.449719092257398,
    "playoff_metrics": {
      "spearman_pred_vs_playoff_final_results": 0.47363737486095664,
      "ndcg_at_4_final_four": 0.4643315309894802,
      "ndcg10_pred_vs_playoff_final_results": 0.48853059411588956,
      "brier_championship_odds": 0.03222232684493065,
      "rank_mae_pred_vs_playoff_final_results": 6.933333396911621,
      "rank_rmse_pred_vs_playoff_final_results": 8.8656644821167,
      "rank_mae_eos_standings_vs_playoff_final_results": 3.1333333333333333,
      "rank_rmse_eos_standings_vs_playoff_final_results": 4.449719092257398
    }
  },
  "test_metrics_model_a": {
    "ndcg": 0.4885417554825891,
    "spearman": 0.47541713014460507,
    "mrr_top2": 0.5,
    "mrr_top4": 0.5,
    "ndcg10": 0.4885417554825891,
    "ndcg_at_4": 0.46433156090549454,
    "ndcg_at_12": 0.4887887647597681,
    "ndcg_at_16": 0.5314032062288796,
    "ndcg_at_20": 0.5355437386668304,
    "roc_auc_upset": 0.7633928571428571
  },
  "test_metrics_model_b": {
    "ndcg": 0.15623394579288472,
    "spearman": 0.5942157953281423,
    "mrr_top2": 0.16666666666666666,
    "mrr_top4": 0.16666666666666666,
    "ndcg10": 0.15623394579288472,
    "ndcg_at_4": 0.04029517653159447,
    "ndcg_at_12": 0.1788535233750328,
    "ndcg_at_16": 0.2204819564442969,
    "ndcg_at_20": 0.3707751276900665,
    "roc_auc_upset": 0.7963800904977375
  },
  "test_metrics_model_c": {
    "ndcg": 0.05124995751403931,
    "spearman": 0.30189098998887653,
    "mrr_top2": 0.0625,
    "mrr_top4": 0.2,
    "ndcg10": 0.05124995751403931,
    "ndcg_at_4": 0.00711064040423231,
    "ndcg_at_12": 0.056899138174850025,
    "ndcg_at_16": 0.1769467286075223,
    "ndcg_at_20": 0.17934445367388585,
    "roc_auc_upset": 0.8258928571428571
  },
  "test_metrics_by_conference": {
    "E": {
      "ndcg": 0.2354427593024304,
      "spearman": 0.17857142857142855
    },
    "W": {
      "ndcg": 0.7840480028189971,
      "spearman": 0.7428571428571428
    }
  },
  "notes": {
    "eos_rank_source": "eos_final_rank"
  }
}