{
  "notes": {
    "eval_on": "test",
    "eos_rank_source": "eos_final_rank",
    "upset_definition": "sleeper = EOS_global_rank > predicted_strength",
    "mrr_top2": "1/rank of first team in top 2 (champion+runner-up) in predicted order.",
    "mrr_top4": "1/rank of first team in top 4 (conference finals) in predicted order.",
    "per_conference_relevance": "Within E/W: actual rank derived from EOS_global_rank (1=best in conf); NDCG/Spearman use this relevance.",
    "playoff_metrics": "Spearman (pred global vs playoff_final_results), NDCG@4 (final four), Brier (champion vs odds). rank_mae/rank_rmse: pred vs playoff_final_results; eos_standings vs playoff_final_results (baseline)."
  },
  "split_info": {
    "train_frac": 0.75,
    "n_train_dates": 141,
    "n_test_dates": 36,
    "split_mode": "seasons"
  },
  "test_metrics_ensemble": {
    "ndcg": 0.4842474692247466,
    "spearman": 0.5065628476084539,
    "mrr_top2": 0.5,
    "mrr_top4": 0.5,
    "ndcg10": 0.4842474692247466,
    "ndcg_at_4": 0.4643944167678145,
    "ndcg_at_12": 0.5297629357049705,
    "ndcg_at_16": 0.5297435530057196,
    "ndcg_at_20": 0.5333519316615627,
    "roc_auc_upset": 0.755656108597285,
    "rank_mae_pred_vs_playoff_final_results": 6.866666793823242,
    "rank_rmse_pred_vs_playoff_final_results": 8.59844970703125,
    "rank_mae_eos_standings_vs_playoff_final_results": 3.1333333333333333,
    "rank_rmse_eos_standings_vs_playoff_final_results": 4.449719092257398,
    "playoff_metrics": {
      "spearman_pred_vs_playoff_final_results": 0.5047830923248053,
      "ndcg_at_4_final_four": 0.4643812234227066,
      "ndcg10_pred_vs_playoff_final_results": 0.48423410121001337,
      "brier_championship_odds": 0.03222232684493065,
      "rank_mae_pred_vs_playoff_final_results": 6.866666793823242,
      "rank_rmse_pred_vs_playoff_final_results": 8.59844970703125,
      "rank_mae_eos_standings_vs_playoff_final_results": 3.1333333333333333,
      "rank_rmse_eos_standings_vs_playoff_final_results": 4.449719092257398
    }
  },
  "test_metrics_model_a": {
    "ndcg": 0.4842474692247466,
    "spearman": 0.5083426028921022,
    "mrr_top2": 0.5,
    "mrr_top4": 0.5,
    "ndcg10": 0.4842474692247466,
    "ndcg_at_4": 0.4643944167678145,
    "ndcg_at_12": 0.5297629357049705,
    "ndcg_at_16": 0.5297439958909925,
    "ndcg_at_20": 0.5333523745448877,
    "roc_auc_upset": 0.751131221719457
  },
  "test_metrics_model_b": {
    "ndcg": 0.16619710541230373,
    "spearman": 0.5394883203559511,
    "mrr_top2": 0.2,
    "mrr_top4": 0.2,
    "ndcg10": 0.16619710541230373,
    "ndcg_at_4": 0.04029517653159447,
    "ndcg_at_12": 0.18881406599943906,
    "ndcg_at_16": 0.23148974143166623,
    "ndcg_at_20": 0.2314896275955209,
    "roc_auc_upset": 0.8190045248868778
  },
  "test_metrics_model_c": {
    "ndcg": 0.05124995751403931,
    "spearman": 0.307230255839822,
    "mrr_top2": 0.0625,
    "mrr_top4": 0.2,
    "ndcg10": 0.05124995751403931,
    "ndcg_at_4": 0.00711064040423231,
    "ndcg_at_12": 0.056899138174850025,
    "ndcg_at_16": 0.1769467286075223,
    "ndcg_at_20": 0.17934460063934335,
    "roc_auc_upset": 0.8214285714285714
  },
  "test_metrics_by_conference": {
    "E": {
      "ndcg": 0.26049363773702766,
      "spearman": 0.28928571428571426
    },
    "W": {
      "ndcg": 0.7737357849437491,
      "spearman": 0.7107142857142856
    }
  },
  "by_season": {
    "2023-24": {
      "test_metrics_ensemble": {
        "ndcg": 0.547375402405321,
        "spearman": 0.364182424916574,
        "mrr_top2": 1.0,
        "mrr_top4": 1.0,
        "ndcg10": 0.547375402405321,
        "ndcg_at_4": 0.33513898093933947,
        "ndcg_at_12": 0.5911191675756113,
        "ndcg_at_16": 0.5924117505845115,
        "ndcg_at_20": 0.592418727194979,
        "roc_auc_upset": 0.7022222222222222,
        "rank_mae_pred_vs_playoff_final_results": 7.666666507720947,
        "rank_rmse_pred_vs_playoff_final_results": 9.760464668273926,
        "rank_mae_eos_standings_vs_playoff_final_results": 3.7333333333333334,
        "rank_rmse_eos_standings_vs_playoff_final_results": 6.093712606722878,
        "playoff_metrics": {
          "spearman_pred_vs_playoff_final_results": 0.40511679644048937,
          "ndcg_at_4_final_four": 0.33513815635527017,
          "ndcg10_pred_vs_playoff_final_results": 0.5473803330061208,
          "brier_championship_odds": 0.03222232684493065,
          "rank_mae_pred_vs_playoff_final_results": 7.666666507720947,
          "rank_rmse_pred_vs_playoff_final_results": 9.760464668273926,
          "rank_mae_eos_standings_vs_playoff_final_results": 3.7333333333333334,
          "rank_rmse_eos_standings_vs_playoff_final_results": 6.093712606722878
        }
      },
      "test_metrics_model_a": {
        "ndcg": 0.5396008776417002,
        "spearman": 0.3468298109010011,
        "mrr_top2": 1.0,
        "mrr_top4": 1.0,
        "ndcg10": 0.5396008776417002,
        "ndcg_at_4": 0.33513898093933947,
        "ndcg_at_12": 0.5833466849244638,
        "ndcg_at_16": 0.584639864129129,
        "ndcg_at_20": 0.584646874922073,
        "roc_auc_upset": 0.711111111111111
      },
      "test_metrics_model_b": {
        "ndcg": 0.5770801313884294,
        "spearman": 0.4771968854282535,
        "mrr_top2": 0.5,
        "mrr_top4": 0.5,
        "ndcg10": 0.5770801313884294,
        "ndcg_at_4": 0.44093212795935904,
        "ndcg_at_12": 0.6222283537994925,
        "ndcg_at_16": 0.622281011642966,
        "ndcg_at_20": 0.6222832338520927,
        "roc_auc_upset": 0.75
      },
      "test_metrics_model_c": {
        "ndcg": 0.333487026575135,
        "spearman": 0.23159065628476083,
        "mrr_top2": 0.16666666666666666,
        "mrr_top4": 0.16666666666666666,
        "ndcg10": 0.333487026575135,
        "ndcg_at_4": 0.0011069724610271625,
        "ndcg_at_12": 0.33890731926775686,
        "ndcg_at_16": 0.35966393831396193,
        "ndcg_at_20": 0.3699999322309346,
        "roc_auc_upset": 0.7633928571428571
      },
      "test_metrics_by_conference": {
        "E": {
          "ndcg": 0.37292670222781205,
          "spearman": 0.2071428571428571
        },
        "W": {
          "ndcg": 0.9223875072130601,
          "spearman": 0.5428571428571428
        }
      },
      "notes": {
        "eos_rank_source": "eos_final_rank"
      }
    },
    "2024-25": {
      "test_metrics_ensemble": {
        "ndcg": 0.4842474692247466,
        "spearman": 0.5065628476084539,
        "mrr_top2": 0.5,
        "mrr_top4": 0.5,
        "ndcg10": 0.4842474692247466,
        "ndcg_at_4": 0.4643944167678145,
        "ndcg_at_12": 0.5297629357049705,
        "ndcg_at_16": 0.5297435530057196,
        "ndcg_at_20": 0.5333519316615627,
        "roc_auc_upset": 0.755656108597285,
        "rank_mae_pred_vs_playoff_final_results": 6.866666793823242,
        "rank_rmse_pred_vs_playoff_final_results": 8.59844970703125,
        "rank_mae_eos_standings_vs_playoff_final_results": 3.1333333333333333,
        "rank_rmse_eos_standings_vs_playoff_final_results": 4.449719092257398,
        "playoff_metrics": {
          "spearman_pred_vs_playoff_final_results": 0.5047830923248053,
          "ndcg_at_4_final_four": 0.4643812234227066,
          "ndcg10_pred_vs_playoff_final_results": 0.48423410121001337,
          "brier_championship_odds": 0.03222232684493065,
          "rank_mae_pred_vs_playoff_final_results": 6.866666793823242,
          "rank_rmse_pred_vs_playoff_final_results": 8.59844970703125,
          "rank_mae_eos_standings_vs_playoff_final_results": 3.1333333333333333,
          "rank_rmse_eos_standings_vs_playoff_final_results": 4.449719092257398
        }
      },
      "test_metrics_model_a": {
        "ndcg": 0.4842474692247466,
        "spearman": 0.5083426028921022,
        "mrr_top2": 0.5,
        "mrr_top4": 0.5,
        "ndcg10": 0.4842474692247466,
        "ndcg_at_4": 0.4643944167678145,
        "ndcg_at_12": 0.5297629357049705,
        "ndcg_at_16": 0.5297439958909925,
        "ndcg_at_20": 0.5333523745448877,