{
  "notes": {
    "eval_on": "test",
    "eos_rank_source": "eos_final_rank",
    "upset_definition": "sleeper = EOS_global_rank > predicted_strength",
    "mrr_top2": "1/rank of first team in top 2 (champion+runner-up) in predicted order.",
    "mrr_top4": "1/rank of first team in top 4 (conference finals) in predicted order.",
    "per_conference_relevance": "Within E/W: actual rank derived from EOS_global_rank (1=best in conf); NDCG/Spearman use this relevance.",
    "playoff_metrics": "Spearman (pred global vs playoff_final_results), NDCG@4 (final four), Brier (champion vs odds). rank_mae/rank_rmse: pred vs playoff_final_results; eos_standings vs playoff_final_results (baseline)."
  },
  "split_info": {
    "train_frac": 0.75,
    "n_train_dates": 141,
    "n_test_dates": 36,
    "split_mode": "seasons"
  },
  "test_metrics_ensemble": {
    "ndcg": 0.48402803535896466,
    "spearman": 0.46073414905450494,
    "mrr_top2": 0.5,
    "mrr_top4": 0.5,
    "ndcg10": 0.48402803535896466,
    "ndcg_at_4": 0.4645175546554888,
    "ndcg_at_12": 0.48425496886532154,
    "ndcg_at_16": 0.526889425705802,
    "ndcg_at_20": 0.5304932349272938,
    "roc_auc_upset": 0.7737556561085973,
    "rank_mae_pred_vs_playoff_final_results": 7.133333206176758,
    "rank_rmse_pred_vs_playoff_final_results": 8.988882064819336,
    "rank_mae_eos_standings_vs_playoff_final_results": 3.1333333333333333,
    "rank_rmse_eos_standings_vs_playoff_final_results": 4.449719092257398,
    "playoff_metrics": {
      "spearman_pred_vs_playoff_final_results": 0.44827586206896547,
      "ndcg_at_4_final_four": 0.4645175546554888,
      "ndcg10_pred_vs_playoff_final_results": 0.48401594858564273,
      "brier_championship_odds": 0.03222232684493065,
      "rank_mae_pred_vs_playoff_final_results": 7.133333206176758,
      "rank_rmse_pred_vs_playoff_final_results": 8.988882064819336,
      "rank_mae_eos_standings_vs_playoff_final_results": 3.1333333333333333,
      "rank_rmse_eos_standings_vs_playoff_final_results": 4.449719092257398
    }
  },
  "test_metrics_model_a": {
    "ndcg": 0.48402803535896466,
    "spearman": 0.4513904338153503,
    "mrr_top2": 0.5,
    "mrr_top4": 0.5,
    "ndcg10": 0.48402803535896466,
    "ndcg_at_4": 0.4645175546554888,
    "ndcg_at_12": 0.48425496886532154,
    "ndcg_at_16": 0.5268898685910749,
    "ndcg_at_20": 0.5304527700803022,
    "roc_auc_upset": 0.7782805429864253
  },
  "test_metrics_model_b": {
    "ndcg": 0.16619710541230373,
    "spearman": 0.6022246941045606,
    "mrr_top2": 0.2,
    "mrr_top4": 0.2,
    "ndcg10": 0.16619710541230373,
    "ndcg_at_4": 0.04029517653159447,
    "ndcg_at_12": 0.2100506706916042,
    "ndcg_at_16": 0.23139923223706835,
    "ndcg_at_20": 0.3871662545812563,
    "roc_auc_upset": 0.8009049773755655
  },
  "test_metrics_model_c": {
    "ndcg": 0.05124995751403931,
    "spearman": 0.30189098998887653,
    "mrr_top2": 0.0625,
    "mrr_top4": 0.2,
    "ndcg10": 0.05124995751403931,
    "ndcg_at_4": 0.00711064040423231,
    "ndcg_at_12": 0.056899138174850025,
    "ndcg_at_16": 0.1769467286075223,
    "ndcg_at_20": 0.17934445367388585,
    "roc_auc_upset": 0.8258928571428571
  },
  "test_metrics_by_conference": {
    "E": {
      "ndcg": 0.25910788786834577,
      "spearman": 0.23571428571428568
    },
    "W": {
      "ndcg": 0.7504940786340119,
      "spearman": 0.6749999999999999
    }
  },
  "by_season": {
    "2023-24": {
      "test_metrics_ensemble": {
        "ndcg": 0.40186414703309065,
        "spearman": 0.4100111234705228,
        "mrr_top2": 1.0,
        "mrr_top4": 1.0,
        "ndcg10": 0.40186414703309065,
        "ndcg_at_4": 0.35315119534797357,
        "ndcg_at_12": 0.584329241092756,
        "ndcg_at_16": 0.5842908180352554,
        "ndcg_at_20": 0.58489682620782,
        "roc_auc_upset": 0.7592592592592593,
        "rank_mae_pred_vs_playoff_final_results": 7.599999904632568,
        "rank_rmse_pred_vs_playoff_final_results": 9.402127265930176,
        "rank_mae_eos_standings_vs_playoff_final_results": 3.7333333333333334,
        "rank_rmse_eos_standings_vs_playoff_final_results": 6.093712606722878,
        "playoff_metrics": {
          "spearman_pred_vs_playoff_final_results": 0.4229143492769744,
          "ndcg_at_4_final_four": 0.35315119534797357,
          "ndcg10_pred_vs_playoff_final_results": 0.401869159101672,
          "brier_championship_odds": 0.03222232684493065,
          "rank_mae_pred_vs_playoff_final_results": 7.599999904632568,
          "rank_rmse_pred_vs_playoff_final_results": 9.402127265930176,
          "rank_mae_eos_standings_vs_playoff_final_results": 3.7333333333333334,
          "rank_rmse_eos_standings_vs_playoff_final_results": 6.093712606722878
        }
      },
      "test_metrics_model_a": {
        "ndcg": 0.40186414703309065,
        "spearman": 0.4100111234705228,
        "mrr_top2": 1.0,
        "mrr_top4": 1.0,
        "ndcg10": 0.40186414703309065,
        "ndcg_at_4": 0.35315119534797357,
        "ndcg_at_12": 0.584329241092756,
        "ndcg_at_16": 0.5842908180352554,
        "ndcg_at_20": 0.58489682620782,
        "roc_auc_upset": 0.7592592592592593
      },
      "test_metrics_model_b": {
        "ndcg": 0.5657257527120861,
        "spearman": 0.43670745272525024,
        "mrr_top2": 0.5,
        "mrr_top4": 0.5,
        "ndcg10": 0.5657257527120861,
        "ndcg_at_4": 0.4589454418134188,
        "ndcg_at_12": 0.5655805893235017,
        "ndcg_at_16": 0.6072013785313688,
        "ndcg_at_20": 0.6072035874499111,
        "roc_auc_upset": 0.7601809954751131
      },
      "test_metrics_model_c": {
        "ndcg": 0.333487026575135,
        "spearman": 0.23159065628476083,
        "mrr_top2": 0.16666666666666666,
        "mrr_top4": 0.16666666666666666,
        "ndcg10": 0.333487026575135,
        "ndcg_at_4": 0.0011069724610271625,
        "ndcg_at_12": 0.33890731926775686,
        "ndcg_at_16": 0.35966393831396193,
        "ndcg_at_20": 0.3699999322309346,
        "roc_auc_upset": 0.7633928571428571
      },
      "test_metrics_by_conference": {
        "E": {
          "ndcg": 0.3870089925370491,
          "spearman": 0.28928571428571426
        },
        "W": {
          "ndcg": 0.9322282740664924,
          "spearman": 0.6142857142857142
        }
      },
      "notes": {
        "eos_rank_source": "eos_final_rank"
      }
    },
    "2024-25": {
      "test_metrics_ensemble": {
        "ndcg": 0.48402803535896466,
        "spearman": 0.46073414905450494,
        "mrr_top2": 0.5,
        "mrr_top4": 0.5,
        "ndcg10": 0.48402803535896466,
        "ndcg_at_4": 0.4645175546554888,
        "ndcg_at_12": 0.48425496886532154,
        "ndcg_at_16": 0.526889425705802,
        "ndcg_at_20": 0.5304932349272938,
        "roc_auc_upset": 0.7737556561085973,
        "rank_mae_pred_vs_playoff_final_results": 7.133333206176758,
        "rank_rmse_pred_vs_playoff_final_results": 8.988882064819336,
        "rank_mae_eos_standings_vs_playoff_final_results": 3.1333333333333333,
        "rank_rmse_eos_standings_vs_playoff_final_results": 4.449719092257398,
        "playoff_metrics": {
          "spearman_pred_vs_playoff_final_results": 0.44827586206896547,
          "ndcg_at_4_final_four": 0.4645175546554888,
          "ndcg10_pred_vs_playoff_final_results": 0.48401594858564273,
          "brier_championship_odds": 0.03222232684493065,
          "rank_mae_pred_vs_playoff_final_results": 7.133333206176758,
          "rank_rmse_pred_vs_playoff_final_results": 8.988882064819336,
          "rank_mae_eos_standings_vs_playoff_final_results": 3.1333333333333333,
          "rank_rmse_eos_standings_vs_playoff_final_results": 4.449719092257398
        }
      },
      "test_metrics_model_a": {
        "ndcg": 0.48402803535896466,
        "spearman": 0.4513904338153503,
        "mrr_top2": 0.5,
        "mrr_top4": 0.5,
        "ndcg10": 0.48402803535896466,
        "ndcg_at_4": 0.4645175546554888,
        "ndcg_at_12": 0.48425496886532154,
        "ndcg_at_16": 0.5268898685910749,