{
  "notes": {
    "eval_on": "test",
    "eos_rank_source": "eos_final_rank",
    "upset_definition": "sleeper = EOS_global_rank > predicted_strength",
    "mrr_top2": "1/rank of first team in top 2 (champion+runner-up) in predicted order.",
    "mrr_top4": "1/rank of first team in top 4 (conference finals) in predicted order.",
    "per_conference_relevance": "Within E/W: actual rank derived from EOS_global_rank (1=best in conf); NDCG/Spearman use this relevance.",
    "playoff_metrics": "Spearman (pred global vs playoff_final_results), NDCG@4 (final four), Brier (champion vs odds). rank_mae/rank_rmse: pred vs playoff_final_results; eos_standings vs playoff_final_results (baseline)."
  },
  "split_info": {
    "train_frac": 0.75,
    "n_train_dates": 141,
    "n_test_dates": 36,
    "split_mode": "seasons"
  },
  "test_metrics_ensemble": {
    "ndcg": 0.48305754344562896,
    "spearman": 0.4771968854282535,
    "mrr_top2": 0.5,
    "mrr_top4": 0.5,
    "ndcg10": 0.48305754344562896,
    "ndcg_at_4": 0.46413178800929983,
    "ndcg_at_12": 0.482953448445707,
    "ndcg_at_16": 0.5255683375183747,
    "ndcg_at_20": 0.529176656701651,
    "roc_auc_upset": 0.7589285714285714,
    "rank_mae_pred_vs_playoff_final_results": 6.866666793823242,
    "rank_rmse_pred_vs_playoff_final_results": 8.85061264038086,
    "rank_mae_eos_standings_vs_playoff_final_results": 3.1333333333333333,
    "rank_rmse_eos_standings_vs_playoff_final_results": 4.449719092257398,
    "playoff_metrics": {
      "spearman_pred_vs_playoff_final_results": 0.4780867630700778,
      "ndcg_at_4_final_four": 0.4641317622410477,
      "ndcg10_pred_vs_playoff_final_results": 0.48304813530468527,
      "brier_championship_odds": 0.03222232684493065,
      "rank_mae_pred_vs_playoff_final_results": 6.866666793823242,
      "rank_rmse_pred_vs_playoff_final_results": 8.85061264038086,
      "rank_mae_eos_standings_vs_playoff_final_results": 3.1333333333333333,
      "rank_rmse_eos_standings_vs_playoff_final_results": 4.449719092257398
    }
  },
  "test_metrics_model_a": {
    "ndcg": 0.48304159135192304,
    "spearman": 0.4709677419354839,
    "mrr_top2": 0.5,
    "mrr_top4": 0.5,
    "ndcg10": 0.48304159135192304,
    "ndcg_at_4": 0.46412046738376733,
    "ndcg_at_12": 0.4829375005420925,
    "ndcg_at_16": 0.5255523908380595,
    "ndcg_at_20": 0.5291607100914728,
    "roc_auc_upset": 0.7589285714285714
  },
  "test_metrics_model_b": {
    "ndcg": 0.16752637595189138,
    "spearman": 0.54972191323693,
    "mrr_top2": 0.2,
    "mrr_top4": 0.2,
    "ndcg10": 0.16752637595189138,
    "ndcg_at_4": 0.04166423104576856,
    "ndcg_at_12": 0.16749308903413765,
    "ndcg_at_16": 0.23095295652080283,
    "ndcg_at_20": 0.378837679702191,
    "roc_auc_upset": 0.787037037037037
  },
  "test_metrics_model_c": {
    "ndcg": 0.05212098780672918,
    "spearman": 0.30856507230255836,
    "mrr_top2": 0.0625,
    "mrr_top4": 0.2,
    "ndcg10": 0.05212098780672918,
    "ndcg_at_4": 0.0072603807417201014,
    "ndcg_at_12": 0.057769939676471704,
    "ndcg_at_16": 0.1778174633134764,
    "ndcg_at_20": 0.18021518455015603,
    "roc_auc_upset": 0.8214285714285714
  },
  "test_metrics_by_conference": {
    "E": {
      "ndcg": 0.2490842936189159,
      "spearman": 0.2285714285714285
    },
    "W": {
      "ndcg": 0.752538834009314,
      "spearman": 0.7178571428571427
    }
  },
  "by_season": {
    "2023-24": {
      "test_metrics_ensemble": {
        "ndcg": 0.5583037895088994,
        "spearman": 0.439377085650723,
        "mrr_top2": 1.0,
        "mrr_top4": 1.0,
        "ndcg10": 0.5583037895088994,
        "ndcg_at_4": 0.35315119534797357,
        "ndcg_at_12": 0.6020433023853684,
        "ndcg_at_16": 0.6039180458027901,
        "ndcg_at_20": 0.6042043136226041,
        "roc_auc_upset": 0.7828054298642534,
        "rank_mae_pred_vs_playoff_final_results": 7.400000095367432,
        "rank_rmse_pred_vs_playoff_final_results": 9.165151596069336,
        "rank_mae_eos_standings_vs_playoff_final_results": 3.7333333333333334,
        "rank_rmse_eos_standings_vs_playoff_final_results": 6.093712606722878,
        "playoff_metrics": {
          "spearman_pred_vs_playoff_final_results": 0.4767519466073415,
          "ndcg_at_4_final_four": 0.35315119534797357,
          "ndcg10_pred_vs_playoff_final_results": 0.5582985934678686,
          "brier_championship_odds": 0.03222232684493065,
          "rank_mae_pred_vs_playoff_final_results": 7.400000095367432,
          "rank_rmse_pred_vs_playoff_final_results": 9.165151596069336,
          "rank_mae_eos_standings_vs_playoff_final_results": 3.7333333333333334,
          "rank_rmse_eos_standings_vs_playoff_final_results": 6.093712606722878
        }
      },
      "test_metrics_model_a": {
        "ndcg": 0.5583037895088994,
        "spearman": 0.4304783092324805,
        "mrr_top2": 1.0,
        "mrr_top4": 1.0,
        "ndcg10": 0.5583037895088994,
        "ndcg_at_4": 0.35315119534797357,
        "ndcg_at_12": 0.6020433023853684,
        "ndcg_at_16": 0.6039180458027901,
        "ndcg_at_20": 0.6039154840911699,
        "roc_auc_upset": 0.7873303167420814
      },
      "test_metrics_model_b": {
        "ndcg": 0.5639460618676359,
        "spearman": 0.4291434927697442,
        "mrr_top2": 0.5,
        "mrr_top4": 0.5,
        "ndcg10": 0.5639460618676359,
        "ndcg_at_4": 0.44093212795935904,
        "ndcg_at_12": 0.5638013659454217,
        "ndcg_at_16": 0.6054221424490117,
        "ndcg_at_20": 0.6054245240597644,
        "roc_auc_upset": 0.8280542986425339
      },
      "test_metrics_model_c": {
        "ndcg": 0.33348743391404295,
        "spearman": 0.22847608453837595,
        "mrr_top2": 0.16666666666666666,
        "mrr_top4": 0.16666666666666666,
        "ndcg10": 0.33348743391404295,
        "ndcg_at_4": 0.001111095381373398,
        "ndcg_at_12": 0.3389077264996702,
        "ndcg_at_16": 0.3596643455146382,
        "ndcg_at_20": 0.3699901174713633,
        "roc_auc_upset": 0.7678571428571429
      },
      "test_metrics_by_conference": {
        "E": {
          "ndcg": 0.3851402749883562,
          "spearman": 0.28571428571428564
        },
        "W": {
          "ndcg": 0.9232530857429344,
          "spearman": 0.575
        }
      },
      "notes": {
        "eos_rank_source": "eos_final_rank"
      }
    },
    "2024-25": {
      "test_metrics_ensemble": {
        "ndcg": 0.48305754344562896,
        "spearman": 0.4771968854282535,
        "mrr_top2": 0.5,
        "mrr_top4": 0.5,
        "ndcg10": 0.48305754344562896,
        "ndcg_at_4": 0.46413178800929983,
        "ndcg_at_12": 0.482953448445707,
        "ndcg_at_16": 0.5255683375183747,
        "ndcg_at_20": 0.529176656701651,
        "roc_auc_upset": 0.7589285714285714,
        "rank_mae_pred_vs_playoff_final_results": 6.866666793823242,
        "rank_rmse_pred_vs_playoff_final_results": 8.85061264038086,
        "rank_mae_eos_standings_vs_playoff_final_results": 3.1333333333333333,
        "rank_rmse_eos_standings_vs_playoff_final_results": 4.449719092257398,
        "playoff_metrics": {
          "spearman_pred_vs_playoff_final_results": 0.4780867630700778,
          "ndcg_at_4_final_four": 0.4641317622410477,
          "ndcg10_pred_vs_playoff_final_results": 0.48304813530468527,
          "brier_championship_odds": 0.03222232684493065,
          "rank_mae_pred_vs_playoff_final_results": 6.866666793823242,
          "rank_rmse_pred_vs_playoff_final_results": 8.85061264038086,
          "rank_mae_eos_standings_vs_playoff_final_results": 3.1333333333333333,
          "rank_rmse_eos_standings_vs_playoff_final_results": 4.449719092257398
        }
      },
      "test_metrics_model_a": {
        "ndcg": 0.48304159135192304,
        "spearman": 0.4709677419354839,
        "mrr_top2": 0.5,
        "mrr_top4": 0.5,
        "ndcg10": 0.48304159135192304,
        "ndcg_at_4": 0.46412046738376733,
        "ndcg_at_12": 0.4829375005420925,
        "ndcg_at_16": 0.5255523908380595,