{
  "test_metrics_ensemble": {
    "ndcg": 0.6183989487400983,
    "spearman": 0.4046718576195773,
    "mrr_top2": 1.0,
    "mrr_top4": 1.0,
    "ndcg10": 0.6183989487400983,
    "ndcg_at_4": 0.35315119534797357,
    "ndcg_at_12": 0.618286110586962,
    "ndcg_at_16": 0.6195388811900954,
    "ndcg_at_20": 0.620133524667965,
    "roc_auc_upset": 0.75,
    "rank_mae_pred_vs_playoff_final_results": 7.4666666984558105,
    "rank_rmse_pred_vs_playoff_final_results": 9.444575309753418,
    "rank_mae_eos_standings_vs_playoff_final_results": 3.7333333333333334,
    "rank_rmse_eos_standings_vs_playoff_final_results": 6.093712606722878,
    "playoff_metrics": {
      "spearman_pred_vs_playoff_final_results": 0.45272525027808674,
      "ndcg_at_4_final_four": 0.35315119534797357,
      "ndcg10_pred_vs_playoff_final_results": 0.6184039608086795,
      "brier_championship_odds": 0.03222232684493065,
      "rank_mae_pred_vs_playoff_final_results": 7.4666666984558105,
      "rank_rmse_pred_vs_playoff_final_results": 9.444575309753418,
      "rank_mae_eos_standings_vs_playoff_final_results": 3.7333333333333334,
      "rank_rmse_eos_standings_vs_playoff_final_results": 6.093712606722878
    }
  },
  "test_metrics_model_a": {
    "ndcg": 0.6071515068242505,
    "spearman": 0.396662958843159,
    "mrr_top2": 1.0,
    "mrr_top4": 1.0,
    "ndcg10": 0.6071515068242505,
    "ndcg_at_4": 0.35315119534797357,
    "ndcg_at_12": 0.6070416230049325,
    "ndcg_at_16": 0.608295256127312,
    "ndcg_at_20": 0.6088899490571328,
    "roc_auc_upset": 0.7546296296296295
  },
  "test_metrics_model_b": {
    "ndcg": 0.8062814887710054,
    "spearman": 0.32591768631813123,
    "mrr_top2": 1.0,
    "mrr_top4": 1.0,
    "ndcg10": 0.8062814887710054,
    "ndcg_at_4": 0.7116242168324007,
    "ndcg_at_12": 0.8060924934497766,
    "ndcg_at_16": 0.8061110123190369,
    "ndcg_at_20": 0.806112426003141,
    "roc_auc_upset": 0.8099547511312217
  },
  "test_metrics_model_c": {
    "ndcg": 0.333487026575135,
    "spearman": 0.23159065628476083,
    "mrr_top2": 0.16666666666666666,
    "mrr_top4": 0.16666666666666666,
    "ndcg10": 0.333487026575135,
    "ndcg_at_4": 0.0011069724610271625,
    "ndcg_at_12": 0.33890731926775686,
    "ndcg_at_16": 0.35966393831396193,
    "ndcg_at_20": 0.3699999322309346,
    "roc_auc_upset": 0.7633928571428571
  },
  "test_metrics_by_conference": {
    "E": {
      "ndcg": 0.406013486878053,
      "spearman": 0.23928571428571427
    },
    "W": {
      "ndcg": 0.9420337267528655,
      "spearman": 0.5071428571428571
    }
  },
  "notes": {
    "eos_rank_source": "eos_final_rank"
  }
}