{
  "test_metrics_ensemble": {
    "ndcg": 0.48672900732432145,
    "spearman": 0.5172413793103449,
    "mrr_top2": 0.5,
    "mrr_top4": 0.5,
    "ndcg10": 0.48672900732432145,
    "ndcg_at_4": 0.4643519436832566,
    "ndcg_at_12": 0.5308412245756567,
    "ndcg_at_16": 0.5308222569009545,
    "ndcg_at_20": 0.535017616197303,
    "roc_auc_upset": 0.7330316742081447,
    "rank_mae_pred_vs_playoff_final_results": 6.5333333015441895,
    "rank_rmse_pred_vs_playoff_final_results": 8.504900932312012,
    "rank_mae_eos_standings_vs_playoff_final_results": 3.1333333333333333,
    "rank_rmse_eos_standings_vs_playoff_final_results": 4.449719092257398,
    "playoff_metrics": {
      "spearman_pred_vs_playoff_final_results": 0.5243604004449388,
      "ndcg_at_4_final_four": 0.46433662668392073,
      "ndcg10_pred_vs_playoff_final_results": 0.4867135797344464,
      "brier_championship_odds": 0.03222232684493065,
      "rank_mae_pred_vs_playoff_final_results": 6.5333333015441895,
      "rank_rmse_pred_vs_playoff_final_results": 8.504900932312012,
      "rank_mae_eos_standings_vs_playoff_final_results": 3.1333333333333333,
      "rank_rmse_eos_standings_vs_playoff_final_results": 4.449719092257398
    }
  },
  "test_metrics_model_a": {
    "ndcg": 0.48672900732432145,
    "spearman": 0.5056729699666296,
    "mrr_top2": 0.5,
    "mrr_top4": 0.5,
    "ndcg10": 0.48672900732432145,
    "ndcg_at_4": 0.4643519436832566,
    "ndcg_at_12": 0.5308412245756567,
    "ndcg_at_16": 0.5308222569009545,
    "ndcg_at_20": 0.535017616197303,
    "roc_auc_upset": 0.7330316742081447
  },
  "test_metrics_model_b": {
    "ndcg": 0.16744612903542058,
    "spearman": 0.5995550611790879,
    "mrr_top2": 0.2,
    "mrr_top4": 0.2,
    "ndcg10": 0.16744612903542058,
    "ndcg_at_4": 0.04166423104576856,
    "ndcg_at_12": 0.21270195081541188,
    "ndcg_at_16": 0.23413232107971843,
    "ndcg_at_20": 0.3899035186028345,
    "roc_auc_upset": 0.7955555555555556
  },
  "test_metrics_model_c": {
    "ndcg": 0.05124995751403931,
    "spearman": 0.30189098998887653,
    "mrr_top2": 0.0625,
    "mrr_top4": 0.2,
    "ndcg10": 0.05124995751403931,
    "ndcg_at_4": 0.00711064040423231,
    "ndcg_at_12": 0.056899138174850025,
    "ndcg_at_16": 0.1769467286075223,
    "ndcg_at_20": 0.17934445367388585,
    "roc_auc_upset": 0.8258928571428571
  },
  "test_metrics_by_conference": {
    "E": {
      "ndcg": 0.263461645385468,
      "spearman": 0.2678571428571428
    },
    "W": {
      "ndcg": 0.7622279413946728,
      "spearman": 0.7357142857142855
    }
  },
  "notes": {
    "eos_rank_source": "eos_final_rank"
  }
}