{
  "notes": {
    "eval_on": "test",
    "eos_rank_source": "eos_final_rank",
    "upset_definition": "sleeper = EOS_global_rank > predicted_strength",
    "mrr_top2": "1/rank of first team in top 2 (champion+runner-up) in predicted order.",
    "mrr_top4": "1/rank of first team in top 4 (conference finals) in predicted order.",
    "per_conference_relevance": "Within E/W: actual rank derived from EOS_global_rank (1=best in conf); NDCG/Spearman use this relevance.",
    "playoff_metrics": "Spearman (pred global vs playoff_final_results), NDCG@4 (final four), Brier (champion vs odds). rank_mae/rank_rmse: pred vs playoff_final_results; eos_standings vs playoff_final_results (baseline)."
  },
  "split_info": {
    "train_frac": 0.75,
    "n_train_dates": 141,
    "n_test_dates": 36,
    "split_mode": "seasons"
  },
  "test_metrics_ensemble": {
    "ndcg": 0.4987589811986691,
    "spearman": 0.5007786429365962,
    "mrr_top2": 0.5,
    "mrr_top4": 0.5,
    "ndcg10": 0.4987589811986691,
    "ndcg_at_4": 0.5061571405372405,
    "ndcg_at_12": 0.4986500932622416,
    "ndcg_at_16": 0.5412637783086558,
    "ndcg_at_20": 0.5448675243085639,
    "roc_auc_upset": 0.8169642857142857,
    "rank_mae_pred_vs_playoff_final_results": 6.599999904632568,
    "rank_rmse_pred_vs_playoff_final_results": 8.648699760437012,
    "rank_mae_eos_standings_vs_playoff_final_results": 3.1333333333333333,
    "rank_rmse_eos_standings_vs_playoff_final_results": 4.449719092257398,
    "playoff_metrics": {
      "spearman_pred_vs_playoff_final_results": 0.49365962180200224,
      "ndcg_at_4_final_four": 0.5061571405372405,
      "ndcg10_pred_vs_playoff_final_results": 0.4987483637728125,
      "brier_championship_odds": 0.03222232684493065,
      "rank_mae_pred_vs_playoff_final_results": 6.599999904632568,
      "rank_rmse_pred_vs_playoff_final_results": 8.648699760437012,
      "rank_mae_eos_standings_vs_playoff_final_results": 3.1333333333333333,
      "rank_rmse_eos_standings_vs_playoff_final_results": 4.449719092257398
    }
  },
  "test_metrics_model_a": {
    "ndcg": 0.4987589811986691,
    "spearman": 0.4914349276974415,
    "mrr_top2": 0.5,
    "mrr_top4": 0.5,
    "ndcg10": 0.4987589811986691,
    "ndcg_at_4": 0.5061571405372405,
    "ndcg_at_12": 0.4986500932622416,
    "ndcg_at_16": 0.5412637783086558,
    "ndcg_at_20": 0.5448675243085639,
    "roc_auc_upset": 0.7918552036199096
  },
  "test_metrics_model_b": {
    "ndcg": 0.2143905751708314,
    "spearman": 0.6200222469410456,
    "mrr_top2": 0.2,
    "mrr_top4": 0.2,
    "ndcg10": 0.2143905751708314,
    "ndcg_at_4": 0.04166423104576856,
    "ndcg_at_12": 0.23636581795441156,
    "ndcg_at_16": 0.3953096260212147,
    "ndcg_at_20": 0.395308758182551,
    "roc_auc_upset": 0.7828054298642534
  },
  "test_metrics_model_c": {
    "ndcg": 0.05124995751403931,
    "spearman": 0.30233592880978866,
    "mrr_top2": 0.06666666666666667,
    "mrr_top4": 0.2,
    "ndcg10": 0.05124995751403931,
    "ndcg_at_4": 0.00711064040423231,
    "ndcg_at_12": 0.056899138174850025,
    "ndcg_at_16": 0.17781540372208415,
    "ndcg_at_20": 0.18021312496782235,
    "roc_auc_upset": 0.8258928571428571
  },
  "test_metrics_by_conference": {
    "E": {
      "ndcg": 0.2575145022256521,
      "spearman": 0.21428571428571427
    },
    "W": {
      "ndcg": 0.7729372505482254,
      "spearman": 0.7285714285714285
    }
  },
  "by_season": {
    "2023-24": {
      "test_metrics_ensemble": {
        "ndcg": 0.6099686115517733,
        "spearman": 0.4682981090100112,
        "mrr_top2": 1.0,
        "mrr_top4": 1.0,
        "ndcg10": 0.6099686115517733,
        "ndcg_at_4": 0.3560053866302678,
        "ndcg_at_12": 0.6098139229011346,
        "ndcg_at_16": 0.6117219935155954,
        "ndcg_at_20": 0.6117285522243243,
        "roc_auc_upset": 0.7466063348416289,
        "rank_mae_pred_vs_playoff_final_results": 7.0,
        "rank_rmse_pred_vs_playoff_final_results": 8.925618171691895,
        "rank_mae_eos_standings_vs_playoff_final_results": 3.7333333333333334,
        "rank_rmse_eos_standings_vs_playoff_final_results": 6.093712606722878,
        "playoff_metrics": {
          "spearman_pred_vs_playoff_final_results": 0.5083426028921022,
          "ndcg_at_4_final_four": 0.3560053866302678,
          "ndcg10_pred_vs_playoff_final_results": 0.6099678923974471,
          "brier_championship_odds": 0.03222232684493065,
          "rank_mae_pred_vs_playoff_final_results": 7.0,
          "rank_rmse_pred_vs_playoff_final_results": 8.925618171691895,
          "rank_mae_eos_standings_vs_playoff_final_results": 3.7333333333333334,
          "rank_rmse_eos_standings_vs_playoff_final_results": 6.093712606722878
        }
      },
      "test_metrics_model_a": {
        "ndcg": 0.6099686115517733,
        "spearman": 0.4616240266963292,
        "mrr_top2": 1.0,
        "mrr_top4": 1.0,
        "ndcg10": 0.6099686115517733,
        "ndcg_at_4": 0.3560053866302678,
        "ndcg_at_12": 0.6098139229011346,
        "ndcg_at_16": 0.6117219935155954,
        "ndcg_at_20": 0.611728405227464,
        "roc_auc_upset": 0.751131221719457
      },
      "test_metrics_model_b": {
        "ndcg": 0.8121813171277064,
        "spearman": 0.4353726362625139,
        "mrr_top2": 1.0,
        "mrr_top4": 1.0,
        "ndcg10": 0.8121813171277064,
        "ndcg_at_4": 0.6907114070725182,
        "ndcg_at_12": 0.8119927810642201,
        "ndcg_at_16": 0.8169765616745315,
        "ndcg_at_20": 0.8545453122697584,
        "roc_auc_upset": 0.7828054298642534
      },
      "test_metrics_model_c": {
        "ndcg": 0.333487026575135,
        "spearman": 0.23515016685205786,
        "mrr_top2": 0.16666666666666666,
        "mrr_top4": 0.16666666666666666,
        "ndcg10": 0.333487026575135,
        "ndcg_at_4": 0.0011069724610271625,
        "ndcg_at_12": 0.33890731926775686,
        "ndcg_at_16": 0.35966393831396193,
        "ndcg_at_20": 0.3711507384927367,
        "roc_auc_upset": 0.7633928571428571
      },
      "test_metrics_by_conference": {
        "E": {
          "ndcg": 0.3869402032684001,
          "spearman": 0.3
        },
        "W": {
          "ndcg": 0.9457334853709887,
          "spearman": 0.6464285714285712
        }
      },
      "notes": {
        "eos_rank_source": "eos_final_rank"
      }
    },
    "2024-25": {
      "test_metrics_ensemble": {
        "ndcg": 0.4987589811986691,
        "spearman": 0.5007786429365962,
        "mrr_top2": 0.5,
        "mrr_top4": 0.5,
        "ndcg10": 0.4987589811986691,
        "ndcg_at_4": 0.5061571405372405,
        "ndcg_at_12": 0.4986500932622416,
        "ndcg_at_16": 0.5412637783086558,
        "ndcg_at_20": 0.5448675243085639,
        "roc_auc_upset": 0.8169642857142857,
        "rank_mae_pred_vs_playoff_final_results": 6.599999904632568,
        "rank_rmse_pred_vs_playoff_final_results": 8.648699760437012,
        "rank_mae_eos_standings_vs_playoff_final_results": 3.1333333333333333,
        "rank_rmse_eos_standings_vs_playoff_final_results": 4.449719092257398,
        "playoff_metrics": {
          "spearman_pred_vs_playoff_final_results": 0.49365962180200224,
          "ndcg_at_4_final_four": 0.5061571405372405,
          "ndcg10_pred_vs_playoff_final_results": 0.4987483637728125,
          "brier_championship_odds": 0.03222232684493065,
          "rank_mae_pred_vs_playoff_final_results": 6.599999904632568,
          "rank_rmse_pred_vs_playoff_final_results": 8.648699760437012,
          "rank_mae_eos_standings_vs_playoff_final_results": 3.1333333333333333,
          "rank_rmse_eos_standings_vs_playoff_final_results": 4.449719092257398
        }
      },
      "test_metrics_model_a": {
        "ndcg": 0.4987589811986691,
        "spearman": 0.4914349276974415,
        "mrr_top2": 0.5,
        "mrr_top4": 0.5,
        "ndcg10": 0.4987589811986691,
        "ndcg_at_4": 0.5061571405372405,
        "ndcg_at_12": 0.4986500932622416,
        "ndcg_at_16": 0.5412637783086558,
        "ndcg_at_20": 0.5448675243085639,