{
  "test_metrics_ensemble": {
    "ndcg": 0.6099686115517733,
    "spearman": 0.4682981090100112,
    "mrr_top2": 1.0,
    "mrr_top4": 1.0,
    "ndcg10": 0.6099686115517733,
    "ndcg_at_4": 0.3560053866302678,
    "ndcg_at_12": 0.6098139229011346,
    "ndcg_at_16": 0.6117219935155954,
    "ndcg_at_20": 0.6117285522243243,
    "roc_auc_upset": 0.7466063348416289,
    "rank_mae_pred_vs_playoff_final_results": 7.0,
    "rank_rmse_pred_vs_playoff_final_results": 8.925618171691895,
    "rank_mae_eos_standings_vs_playoff_final_results": 3.7333333333333334,
    "rank_rmse_eos_standings_vs_playoff_final_results": 6.093712606722878,
    "playoff_metrics": {
      "spearman_pred_vs_playoff_final_results": 0.5083426028921022,
      "ndcg_at_4_final_four": 0.3560053866302678,
      "ndcg10_pred_vs_playoff_final_results": 0.6099678923974471,
      "brier_championship_odds": 0.03222232684493065,
      "rank_mae_pred_vs_playoff_final_results": 7.0,
      "rank_rmse_pred_vs_playoff_final_results": 8.925618171691895,
      "rank_mae_eos_standings_vs_playoff_final_results": 3.7333333333333334,
      "rank_rmse_eos_standings_vs_playoff_final_results": 6.093712606722878
    }
  },
  "test_metrics_model_a": {
    "ndcg": 0.6099686115517733,
    "spearman": 0.4616240266963292,
    "mrr_top2": 1.0,
    "mrr_top4": 1.0,
    "ndcg10": 0.6099686115517733,
    "ndcg_at_4": 0.3560053866302678,
    "ndcg_at_12": 0.6098139229011346,
    "ndcg_at_16": 0.6117219935155954,
    "ndcg_at_20": 0.611728405227464,
    "roc_auc_upset": 0.751131221719457
  },
  "test_metrics_model_b": {
    "ndcg": 0.8121813171277064,
    "spearman": 0.4353726362625139,
    "mrr_top2": 1.0,
    "mrr_top4": 1.0,
    "ndcg10": 0.8121813171277064,
    "ndcg_at_4": 0.6907114070725182,
    "ndcg_at_12": 0.8119927810642201,
    "ndcg_at_16": 0.8169765616745315,
    "ndcg_at_20": 0.8545453122697584,
    "roc_auc_upset": 0.7828054298642534
  },
  "test_metrics_model_c": {
    "ndcg": 0.333487026575135,
    "spearman": 0.23515016685205786,
    "mrr_top2": 0.16666666666666666,
    "mrr_top4": 0.16666666666666666,
    "ndcg10": 0.333487026575135,
    "ndcg_at_4": 0.0011069724610271625,
    "ndcg_at_12": 0.33890731926775686,
    "ndcg_at_16": 0.35966393831396193,
    "ndcg_at_20": 0.3711507384927367,
    "roc_auc_upset": 0.7633928571428571
  },
  "test_metrics_by_conference": {
    "E": {
      "ndcg": 0.3869402032684001,
      "spearman": 0.3
    },
    "W": {
      "ndcg": 0.9457334853709887,
      "spearman": 0.6464285714285712
    }
  },
  "notes": {
    "eos_rank_source": "eos_final_rank"
  }
}