{
  "test_metrics_ensemble": {
    "ndcg": 0.4987589811986691,
    "spearman": 0.5007786429365962,
    "mrr_top2": 0.5,
    "mrr_top4": 0.5,
    "ndcg10": 0.4987589811986691,
    "ndcg_at_4": 0.5061571405372405,
    "ndcg_at_12": 0.4986500932622416,
    "ndcg_at_16": 0.5412637783086558,
    "ndcg_at_20": 0.5448675243085639,
    "roc_auc_upset": 0.8169642857142857,
    "rank_mae_pred_vs_playoff_final_results": 6.599999904632568,
    "rank_rmse_pred_vs_playoff_final_results": 8.648699760437012,
    "rank_mae_eos_standings_vs_playoff_final_results": 3.1333333333333333,
    "rank_rmse_eos_standings_vs_playoff_final_results": 4.449719092257398,
    "playoff_metrics": {
      "spearman_pred_vs_playoff_final_results": 0.49365962180200224,
      "ndcg_at_4_final_four": 0.5061571405372405,
      "ndcg10_pred_vs_playoff_final_results": 0.4987483637728125,
      "brier_championship_odds": 0.03222232684493065,
      "rank_mae_pred_vs_playoff_final_results": 6.599999904632568,
      "rank_rmse_pred_vs_playoff_final_results": 8.648699760437012,
      "rank_mae_eos_standings_vs_playoff_final_results": 3.1333333333333333,
      "rank_rmse_eos_standings_vs_playoff_final_results": 4.449719092257398
    }
  },
  "test_metrics_model_a": {
    "ndcg": 0.4987589811986691,
    "spearman": 0.4914349276974415,
    "mrr_top2": 0.5,
    "mrr_top4": 0.5,
    "ndcg10": 0.4987589811986691,
    "ndcg_at_4": 0.5061571405372405,
    "ndcg_at_12": 0.4986500932622416,
    "ndcg_at_16": 0.5412637783086558,
    "ndcg_at_20": 0.5448675243085639,
    "roc_auc_upset": 0.7918552036199096
  },
  "test_metrics_model_b": {
    "ndcg": 0.2143905751708314,
    "spearman": 0.6200222469410456,
    "mrr_top2": 0.2,
    "mrr_top4": 0.2,
    "ndcg10": 0.2143905751708314,
    "ndcg_at_4": 0.04166423104576856,
    "ndcg_at_12": 0.23636581795441156,
    "ndcg_at_16": 0.3953096260212147,
    "ndcg_at_20": 0.395308758182551,
    "roc_auc_upset": 0.7828054298642534
  },
  "test_metrics_model_c": {
    "ndcg": 0.05124995751403931,
    "spearman": 0.30233592880978866,
    "mrr_top2": 0.06666666666666667,
    "mrr_top4": 0.2,
    "ndcg10": 0.05124995751403931,
    "ndcg_at_4": 0.00711064040423231,
    "ndcg_at_12": 0.056899138174850025,
    "ndcg_at_16": 0.17781540372208415,
    "ndcg_at_20": 0.18021312496782235,
    "roc_auc_upset": 0.8258928571428571
  },
  "test_metrics_by_conference": {
    "E": {
      "ndcg": 0.2575145022256521,
      "spearman": 0.21428571428571427
    },
    "W": {
      "ndcg": 0.7729372505482254,
      "spearman": 0.7285714285714285
    }
  },
  "notes": {
    "eos_rank_source": "eos_final_rank"
  }
}