{
  "test_metrics_ensemble": {
    "ndcg": 0.5577482830017545,
    "spearman": 0.3913236929922136,
    "mrr_top2": 1.0,
    "mrr_top4": 1.0,
    "ndcg10": 0.5577482830017545,
    "ndcg_at_4": 0.35315119534797357,
    "ndcg_at_12": 0.6014934708775282,
    "ndcg_at_16": 0.6027474671348846,
    "ndcg_at_20": 0.6033412184755911,
    "roc_auc_upset": 0.7777777777777778,
    "rank_mae_pred_vs_playoff_final_results": 7.4666666984558105,
    "rank_rmse_pred_vs_playoff_final_results": 9.5498685836792,
    "rank_mae_eos_standings_vs_playoff_final_results": 3.7333333333333334,
    "rank_rmse_eos_standings_vs_playoff_final_results": 6.093712606722878,
    "playoff_metrics": {
      "spearman_pred_vs_playoff_final_results": 0.46117908787541706,
      "ndcg_at_4_final_four": 0.35315119534797357,
      "ndcg10_pred_vs_playoff_final_results": 0.5577532950703357,
      "brier_championship_odds": 0.03222232684493065,
      "rank_mae_pred_vs_playoff_final_results": 7.4666666984558105,
      "rank_rmse_pred_vs_playoff_final_results": 9.5498685836792,
      "rank_mae_eos_standings_vs_playoff_final_results": 3.7333333333333334,
      "rank_rmse_eos_standings_vs_playoff_final_results": 6.093712606722878
    }
  },
  "test_metrics_model_a": {
    "ndcg": 0.5577482830017545,
    "spearman": 0.3939933259176863,
    "mrr_top2": 1.0,
    "mrr_top4": 1.0,
    "ndcg10": 0.5577482830017545,
    "ndcg_at_4": 0.35315119534797357,
    "ndcg_at_12": 0.6014934708775282,
    "ndcg_at_16": 0.6027474671348846,
    "ndcg_at_20": 0.6033512856315502,
    "roc_auc_upset": 0.7777777777777778
  },
  "test_metrics_model_b": {
    "ndcg": 0.5696834149930231,
    "spearman": 0.4634037819799778,
    "mrr_top2": 0.5,
    "mrr_top4": 0.5,
    "ndcg10": 0.5696834149930231,
    "ndcg_at_4": 0.44093212795935904,
    "ndcg_at_12": 0.5695365430607464,
    "ndcg_at_16": 0.6122232935486491,
    "ndcg_at_20": 0.6122257884447481,
    "roc_auc_upset": 0.7601809954751131
  },
  "test_metrics_model_c": {
    "ndcg": 0.333487026575135,
    "spearman": 0.2422691879866518,
    "mrr_top2": 0.16666666666666666,
    "mrr_top4": 0.16666666666666666,
    "ndcg10": 0.333487026575135,
    "ndcg_at_4": 0.0011069724610271625,
    "ndcg_at_12": 0.33890731926775686,
    "ndcg_at_16": 0.35966393831396193,
    "ndcg_at_20": 0.37117378097667086,
    "roc_auc_upset": 0.7777777777777778
  },
  "test_metrics_by_conference": {
    "E": {
      "ndcg": 0.38504331979094114,
      "spearman": 0.23571428571428568
    },
    "W": {
      "ndcg": 0.9105554454881408,
      "spearman": 0.5
    }
  },
  "notes": {
    "eos_rank_source": "eos_final_rank"
  }
}