{
  "test_metrics_ensemble": {
    "ndcg": 0.4818841102657818,
    "spearman": 0.46117908787541706,
    "mrr_top2": 0.5,
    "mrr_top4": 0.5,
    "ndcg10": 0.4818841102657818,
    "ndcg_at_4": 0.46433156090549454,
    "ndcg_at_12": 0.5274001975228321,
    "ndcg_at_16": 0.528623456748224,
    "ndcg_at_20": 0.5309317834402614,
    "roc_auc_upset": 0.7767857142857143,
    "rank_mae_pred_vs_playoff_final_results": 7.133333206176758,
    "rank_rmse_pred_vs_playoff_final_results": 8.985173225402832,
    "rank_mae_eos_standings_vs_playoff_final_results": 3.1333333333333333,
    "rank_rmse_eos_standings_vs_playoff_final_results": 4.449719092257398,
    "playoff_metrics": {
      "spearman_pred_vs_playoff_final_results": 0.4505005561735262,
      "ndcg_at_4_final_four": 0.4643315309894802,
      "ndcg10_pred_vs_playoff_final_results": 0.4818729488990823,
      "brier_championship_odds": 0.03222232684493065,
      "rank_mae_pred_vs_playoff_final_results": 7.133333206176758,
      "rank_rmse_pred_vs_playoff_final_results": 8.985173225402832,
      "rank_mae_eos_standings_vs_playoff_final_results": 3.1333333333333333,
      "rank_rmse_eos_standings_vs_playoff_final_results": 4.449719092257398
    }
  },
  "test_metrics_model_a": {
    "ndcg": 0.4818841102657818,
    "spearman": 0.46117908787541706,
    "mrr_top2": 0.5,
    "mrr_top4": 0.5,
    "ndcg10": 0.4818841102657818,
    "ndcg_at_4": 0.46433156090549454,
    "ndcg_at_12": 0.5274001975228321,
    "ndcg_at_16": 0.528623456748224,
    "ndcg_at_20": 0.5309317834402614,
    "roc_auc_upset": 0.7767857142857143
  },
  "test_metrics_model_b": {
    "ndcg": 0.15620002136222527,
    "spearman": 0.5434927697441602,
    "mrr_top2": 0.16666666666666666,
    "mrr_top4": 0.16666666666666666,
    "ndcg10": 0.15620002136222527,
    "ndcg_at_4": 0.04029517653159447,
    "ndcg_at_12": 0.15624471026882722,
    "ndcg_at_16": 0.21970544057321553,
    "ndcg_at_20": 0.3699941320758577,
    "roc_auc_upset": 0.7177033492822967
  },
  "test_metrics_model_c": {
    "ndcg": 0.05124270050332162,
    "spearman": 0.2827586206896551,
    "mrr_top2": 0.0625,
    "mrr_top4": 0.2,
    "ndcg10": 0.05124270050332162,
    "ndcg_at_4": 0.00711064040423231,
    "ndcg_at_12": 0.05689188307031086,
    "ndcg_at_16": 0.1769394740594929,
    "ndcg_at_20": 0.17929628597549982,
    "roc_auc_upset": 0.8303571428571428
  },
  "test_metrics_by_conference": {
    "E": {
      "ndcg": 0.24264247242260595,
      "spearman": 0.1714285714285714
    },
    "W": {
      "ndcg": 0.7504940786340119,
      "spearman": 0.6857142857142856
    }
  },
  "notes": {
    "eos_rank_source": "eos_final_rank"
  }
}