{
  "test_metrics_ensemble": {
    "ndcg": 0.4888918747921574,
    "spearman": 0.4972191323692992,
    "mrr_top2": 0.5,
    "mrr_top4": 0.5,
    "ndcg10": 0.4888918747921574,
    "ndcg_at_4": 0.4643944167678145,
    "ndcg_at_12": 0.5330035239292004,
    "ndcg_at_16": 0.5342258269222006,
    "ndcg_at_20": 0.536612660578946,
    "roc_auc_upset": 0.751131221719457,
    "rank_mae_pred_vs_playoff_final_results": 6.800000190734863,
    "rank_rmse_pred_vs_playoff_final_results": 8.67947769165039,
    "rank_mae_eos_standings_vs_playoff_final_results": 3.1333333333333333,
    "rank_rmse_eos_standings_vs_playoff_final_results": 4.449719092257398,
    "playoff_metrics": {
      "spearman_pred_vs_playoff_final_results": 0.517686318131257,
      "ndcg_at_4_final_four": 0.4643812234227066,
      "ndcg10_pred_vs_playoff_final_results": 0.4888785099828517,
      "brier_championship_odds": 0.03222232684493065,
      "rank_mae_pred_vs_playoff_final_results": 6.800000190734863,
      "rank_rmse_pred_vs_playoff_final_results": 8.67947769165039,
      "rank_mae_eos_standings_vs_playoff_final_results": 3.1333333333333333,
      "rank_rmse_eos_standings_vs_playoff_final_results": 4.449719092257398
    }
  },
  "test_metrics_model_a": {
    "ndcg": 0.4888918747921574,
    "spearman": 0.4874304783092325,
    "mrr_top2": 0.5,
    "mrr_top4": 0.5,
    "ndcg10": 0.4888918747921574,
    "ndcg_at_4": 0.4643944167678145,
    "ndcg_at_12": 0.5330035239292004,
    "ndcg_at_16": 0.5329843355427826,
    "ndcg_at_20": 0.5365881096312194,
    "roc_auc_upset": 0.755656108597285
  },
  "test_metrics_model_b": {
    "ndcg": 0.21645475907952236,
    "spearman": 0.6395995550611792,
    "mrr_top2": 0.2,
    "mrr_top4": 0.2,
    "ndcg10": 0.21645475907952236,
    "ndcg_at_4": 0.04166423104576856,
    "ndcg_at_12": 0.23834115629879976,
    "ndcg_at_16": 0.40897386599508384,
    "ndcg_at_20": 0.4089727401717,
    "roc_auc_upset": 0.7407407407407407
  },
  "test_metrics_model_c": {
    "ndcg": 0.05124995751403931,
    "spearman": 0.3125695216907675,
    "mrr_top2": 0.07142857142857142,
    "mrr_top4": 0.2,
    "ndcg10": 0.05124995751403931,
    "ndcg_at_4": 0.00711064040423231,
    "ndcg_at_12": 0.056899138174850025,
    "ndcg_at_16": 0.17975039715984434,
    "ndcg_at_20": 0.18214810989505317,
    "roc_auc_upset": 0.8214285714285714
  },
  "test_metrics_by_conference": {
    "E": {
      "ndcg": 0.26759913743142427,
      "spearman": 0.2964285714285714
    },
    "W": {
      "ndcg": 0.7722797454240117,
      "spearman": 0.6428571428571428
    }
  },
  "notes": {
    "eos_rank_source": "eos_final_rank"
  }
}