{
  "test_metrics_ensemble": {
    "ndcg": 0.5876796047093793,
    "spearman": 0.39888765294771966,
    "mrr_top2": 1.0,
    "mrr_top4": 1.0,
    "ndcg10": 0.5876796047093793,
    "ndcg_at_4": 0.33513898093933947,
    "ndcg_at_12": 0.5875305981066565,
    "ndcg_at_16": 0.5888197079219323,
    "ndcg_at_20": 0.5894132320762532,
    "roc_auc_upset": 0.7366071428571429,
    "rank_mae_pred_vs_playoff_final_results": 7.5333333015441895,
    "rank_rmse_pred_vs_playoff_final_results": 9.49034595489502,
    "rank_mae_eos_standings_vs_playoff_final_results": 3.7333333333333334,
    "rank_rmse_eos_standings_vs_playoff_final_results": 6.093712606722878,
    "playoff_metrics": {
      "spearman_pred_vs_playoff_final_results": 0.4318131256952169,
      "ndcg_at_4_final_four": 0.33513815635527017,
      "ndcg10_pred_vs_playoff_final_results": 0.5876788040872717,
      "brier_championship_odds": 0.03222232684493065,
      "rank_mae_pred_vs_playoff_final_results": 7.5333333015441895,
      "rank_rmse_pred_vs_playoff_final_results": 9.49034595489502,
      "rank_mae_eos_standings_vs_playoff_final_results": 3.7333333333333334,
      "rank_rmse_eos_standings_vs_playoff_final_results": 6.093712606722878
    }
  },
  "test_metrics_model_a": {
    "ndcg": 0.5876796047093793,
    "spearman": 0.39221357063403783,
    "mrr_top2": 1.0,
    "mrr_top4": 1.0,
    "ndcg10": 0.5876796047093793,
    "ndcg_at_4": 0.33513898093933947,
    "ndcg_at_12": 0.5875305981066565,
    "ndcg_at_16": 0.5888197079219323,
    "ndcg_at_20": 0.5894042064202376,
    "roc_auc_upset": 0.7410714285714286
  },
  "test_metrics_model_b": {
    "ndcg": 0.8056209204852555,
    "spearman": 0.4460511679644049,
    "mrr_top2": 1.0,
    "mrr_top4": 1.0,
    "ndcg10": 0.8056209204852555,
    "ndcg_at_4": 0.705915834267812,
    "ndcg_at_12": 0.8054341076226362,
    "ndcg_at_16": 0.8054542834904458,
    "ndcg_at_20": 0.8491710620498298,
    "roc_auc_upset": 0.7232142857142857
  },
  "test_metrics_model_c": {
    "ndcg": 0.33348743391404295,
    "spearman": 0.23337041156840932,
    "mrr_top2": 0.16666666666666666,
    "mrr_top4": 0.16666666666666666,
    "ndcg10": 0.33348743391404295,
    "ndcg_at_4": 0.001111095381373398,
    "ndcg_at_12": 0.3389077264996702,
    "ndcg_at_16": 0.3596643455146382,
    "ndcg_at_20": 0.37000033942981986,
    "roc_auc_upset": 0.7633928571428571
  },
  "test_metrics_by_conference": {
    "E": {
      "ndcg": 0.3864552008125132,
      "spearman": 0.25
    },
    "W": {
      "ndcg": 0.9280096164970948,
      "spearman": 0.5964285714285712
    }
  },
  "notes": {
    "eos_rank_source": "eos_final_rank"
  }
}