{
  "test_metrics_ensemble": {
    "ndcg": 0.4845532226697665,
    "spearman": 0.47185761957730815,
    "mrr_top2": 0.5,
    "mrr_top4": 0.5,
    "ndcg10": 0.4845532226697665,
    "ndcg_at_4": 0.46437685999867345,
    "ndcg_at_12": 0.4848012796036005,
    "ndcg_at_16": 0.5274160011016258,
    "ndcg_at_20": 0.5310243121584689,
    "roc_auc_upset": 0.7633928571428572,
    "rank_mae_pred_vs_playoff_final_results": 6.933333396911621,
    "rank_rmse_pred_vs_playoff_final_results": 8.895691871643066,
    "rank_mae_eos_standings_vs_playoff_final_results": 3.1333333333333333,
    "rank_rmse_eos_standings_vs_playoff_final_results": 4.449719092257398,
    "playoff_metrics": {
      "spearman_pred_vs_playoff_final_results": 0.47185761957730815,
      "ndcg_at_4_final_four": 0.4643768342304213,
      "ndcg10_pred_vs_playoff_final_results": 0.4845437065091722,
      "brier_championship_odds": 0.03222232684493065,
      "rank_mae_pred_vs_playoff_final_results": 6.933333396911621,
      "rank_rmse_pred_vs_playoff_final_results": 8.895691871643066,
      "rank_mae_eos_standings_vs_playoff_final_results": 3.1333333333333333,
      "rank_rmse_eos_standings_vs_playoff_final_results": 4.449719092257398
    }
  },
  "test_metrics_model_a": {
    "ndcg": 0.4845532226697665,
    "spearman": 0.47185761957730815,
    "mrr_top2": 0.5,
    "mrr_top4": 0.5,
    "ndcg10": 0.4845532226697665,
    "ndcg_at_4": 0.46437685999867345,
    "ndcg_at_12": 0.4848012796036005,
    "ndcg_at_16": 0.5274160011016258,
    "ndcg_at_20": 0.5310243121584689,
    "roc_auc_upset": 0.7633928571428572
  },
  "test_metrics_model_b": {
    "ndcg": 0.18116306435132506,
    "spearman": 0.6511679644048943,
    "mrr_top2": 0.16666666666666666,
    "mrr_top4": 0.16666666666666666,
    "ndcg10": 0.18116306435132506,
    "ndcg_at_4": 0.04166423104576856,
    "ndcg_at_12": 0.22500181184747217,
    "ndcg_at_16": 0.3955973841121214,
    "ndcg_at_20": 0.3956339609178858,
    "roc_auc_upset": 0.7638888888888888
  },
  "test_metrics_model_c": {
    "ndcg": 0.05139534647930671,
    "spearman": 0.3050055617352614,
    "mrr_top2": 0.06666666666666667,
    "mrr_top4": 0.2,
    "ndcg10": 0.05139534647930671,
    "ndcg_at_4": 0.0072603807417201014,
    "ndcg_at_12": 0.05704448895120833,
    "ndcg_at_16": 0.1779607433491712,
    "ndcg_at_20": 0.18035846395567354,
    "roc_auc_upset": 0.8258928571428571
  },
  "test_metrics_by_conference": {
    "E": {
      "ndcg": 0.2592377558477092,
      "spearman": 0.2285714285714285
    },
    "W": {
      "ndcg": 0.7519157235194247,
      "spearman": 0.6928571428571427
    }
  },
  "notes": {
    "eos_rank_source": "eos_final_rank"
  }
}