{
  "notes": {
    "eval_on": "test",
    "eos_rank_source": "eos_final_rank",
    "upset_definition": "sleeper = EOS_global_rank > predicted_strength",
    "mrr_top2": "1/rank of first team in top 2 (champion+runner-up) in predicted order.",
    "mrr_top4": "1/rank of first team in top 4 (conference finals) in predicted order.",
    "per_conference_relevance": "Within E/W: actual rank derived from EOS_global_rank (1=best in conf); NDCG/Spearman use this relevance.",
    "playoff_metrics": "Spearman (pred global vs playoff_final_results), NDCG@4 (final four), Brier (champion vs odds). rank_mae/rank_rmse: pred vs playoff_final_results; eos_standings vs playoff_final_results (baseline)."
  },
  "split_info": {
    "train_frac": 0.75,
    "n_train_dates": 141,
    "n_test_dates": 36,
    "split_mode": "seasons"
  },
  "test_metrics_ensemble": {
    "ndcg": 0.4827593861412876,
    "spearman": 0.4513904338153503,
    "mrr_top2": 0.5,
    "mrr_top4": 0.5,
    "ndcg10": 0.4827593861412876,
    "ndcg_at_4": 0.4643519436832566,
    "ndcg_at_12": 0.5279538116516593,
    "ndcg_at_16": 0.5282479445431729,
    "ndcg_at_20": 0.5318108402090851,
    "roc_auc_upset": 0.78125,
    "rank_mae_pred_vs_playoff_final_results": 7.199999809265137,
    "rank_rmse_pred_vs_playoff_final_results": 9.066421508789062,
    "rank_mae_eos_standings_vs_playoff_final_results": 3.1333333333333333,
    "rank_rmse_eos_standings_vs_playoff_final_results": 4.449719092257398,
    "playoff_metrics": {
      "spearman_pred_vs_playoff_final_results": 0.4451612903225806,
      "ndcg_at_4_final_four": 0.46433662668392073,
      "ndcg10_pred_vs_playoff_final_results": 0.48274395440424905,
      "brier_championship_odds": 0.03222232684493065,
      "rank_mae_pred_vs_playoff_final_results": 7.199999809265137,
      "rank_rmse_pred_vs_playoff_final_results": 9.066421508789062,
      "rank_mae_eos_standings_vs_playoff_final_results": 3.1333333333333333,
      "rank_rmse_eos_standings_vs_playoff_final_results": 4.449719092257398
    }
  },
  "test_metrics_model_a": {
    "ndcg": 0.4827593861412876,
    "spearman": 0.44293659621801995,
    "mrr_top2": 0.5,
    "mrr_top4": 0.5,
    "ndcg10": 0.4827593861412876,
    "ndcg_at_4": 0.4643519436832566,
    "ndcg_at_12": 0.5279538116516593,
    "ndcg_at_16": 0.5282479445431729,
    "ndcg_at_20": 0.5317732079361592,
    "roc_auc_upset": 0.7857142857142857
  },
  "test_metrics_model_b": {
    "ndcg": 0.14890656577791656,
    "spearman": 0.5243604004449388,
    "mrr_top2": 0.14285714285714285,
    "mrr_top4": 0.14285714285714285,
    "ndcg10": 0.14890656577791656,
    "ndcg_at_4": 0.04029517653159447,
    "ndcg_at_12": 0.19279785128044435,
    "ndcg_at_16": 0.213092287683609,
    "ndcg_at_20": 0.21309167820661062,
    "roc_auc_upset": 0.832535885167464
  },
  "test_metrics_model_c": {
    "ndcg": 0.05289725326593785,
    "spearman": 0.32413793103448274,
    "mrr_top2": 0.06666666666666667,
    "mrr_top4": 0.2,
    "ndcg10": 0.05289725326593785,
    "ndcg_at_4": 0.00711064040423231,
    "ndcg_at_12": 0.058546001236223486,
    "ndcg_at_16": 0.1794621404592409,
    "ndcg_at_20": 0.1818598544622665,
    "roc_auc_upset": 0.8125
  },
  "test_metrics_by_conference": {
    "E": {
      "ndcg": 0.24599219504425307,
      "spearman": 0.2321428571428571
    },
    "W": {
      "ndcg": 0.7505337657243399,
      "spearman": 0.6857142857142856
    }
  },
  "by_season": {
    "2023-24": {
      "test_metrics_ensemble": {
        "ndcg": 0.5940990837997623,
        "spearman": 0.4513904338153503,
        "mrr_top2": 1.0,
        "mrr_top4": 1.0,
        "ndcg10": 0.5940990837997623,
        "ndcg_at_4": 0.33513898093933947,
        "ndcg_at_12": 0.593948391010588,
        "ndcg_at_16": 0.5958237553559805,
        "ndcg_at_20": 0.5961147627834741,
        "roc_auc_upset": 0.7098214285714286,
        "rank_mae_pred_vs_playoff_final_results": 7.199999809265137,
        "rank_rmse_pred_vs_playoff_final_results": 9.066421508789062,
        "rank_mae_eos_standings_vs_playoff_final_results": 3.7333333333333334,
        "rank_rmse_eos_standings_vs_playoff_final_results": 6.093712606722878,
        "playoff_metrics": {
          "spearman_pred_vs_playoff_final_results": 0.4838709677419355,
          "ndcg_at_4_final_four": 0.33513815635527017,
          "ndcg10_pred_vs_playoff_final_results": 0.5940982831776546,
          "brier_championship_odds": 0.03222232684493065,
          "rank_mae_pred_vs_playoff_final_results": 7.199999809265137,
          "rank_rmse_pred_vs_playoff_final_results": 9.066421508789062,
          "rank_mae_eos_standings_vs_playoff_final_results": 3.7333333333333334,
          "rank_rmse_eos_standings_vs_playoff_final_results": 6.093712606722878
        }
      },
      "test_metrics_model_a": {
        "ndcg": 0.5937390976295727,
        "spearman": 0.44827586206896547,
        "mrr_top2": 1.0,
        "mrr_top4": 1.0,
        "ndcg10": 0.5937390976295727,
        "ndcg_at_4": 0.33513898093933947,
        "ndcg_at_12": 0.5935884993969496,
        "ndcg_at_16": 0.5954638913481748,
        "ndcg_at_20": 0.5957549003584298,
        "roc_auc_upset": 0.7142857142857143
      },
      "test_metrics_model_b": {
        "ndcg": 0.5723877499527062,
        "spearman": 0.4509454949944383,
        "mrr_top2": 0.5,
        "mrr_top4": 0.5,
        "ndcg10": 0.5723877499527062,
        "ndcg_at_4": 0.4437410146181249,
        "ndcg_at_12": 0.5722595221554329,
        "ndcg_at_16": 0.5772655300747804,
        "ndcg_at_20": 0.6154947261091559,
        "roc_auc_upset": 0.7601809954751131
      },
      "test_metrics_model_c": {
        "ndcg": 0.333487026575135,
        "spearman": 0.24671857619577306,
        "mrr_top2": 0.16666666666666666,
        "mrr_top4": 0.16666666666666666,
        "ndcg10": 0.333487026575135,
        "ndcg_at_4": 0.0011069724610271625,
        "ndcg_at_12": 0.33890731926775686,
        "ndcg_at_16": 0.3596639384692931,
        "ndcg_at_20": 0.37000000129314625,
        "roc_auc_upset": 0.8258928571428572
      },
      "test_metrics_by_conference": {
        "E": {
          "ndcg": 0.3851402749883562,
          "spearman": 0.2642857142857143
        },
        "W": {
          "ndcg": 0.9410378805791993,
          "spearman": 0.6464285714285712
        }
      },
      "notes": {
        "eos_rank_source": "eos_final_rank"
      }
    },
    "2024-25": {
      "test_metrics_ensemble": {
        "ndcg": 0.4827593861412876,
        "spearman": 0.4513904338153503,
        "mrr_top2": 0.5,
        "mrr_top4": 0.5,
        "ndcg10": 0.4827593861412876,
        "ndcg_at_4": 0.4643519436832566,
        "ndcg_at_12": 0.5279538116516593,
        "ndcg_at_16": 0.5282479445431729,
        "ndcg_at_20": 0.5318108402090851,
        "roc_auc_upset": 0.78125,
        "rank_mae_pred_vs_playoff_final_results": 7.199999809265137,
        "rank_rmse_pred_vs_playoff_final_results": 9.066421508789062,
        "rank_mae_eos_standings_vs_playoff_final_results": 3.1333333333333333,
        "rank_rmse_eos_standings_vs_playoff_final_results": 4.449719092257398,
        "playoff_metrics": {
          "spearman_pred_vs_playoff_final_results": 0.4451612903225806,
          "ndcg_at_4_final_four": 0.46433662668392073,
          "ndcg10_pred_vs_playoff_final_results": 0.48274395440424905,
          "brier_championship_odds": 0.03222232684493065,
          "rank_mae_pred_vs_playoff_final_results": 7.199999809265137,
          "rank_rmse_pred_vs_playoff_final_results": 9.066421508789062,
          "rank_mae_eos_standings_vs_playoff_final_results": 3.1333333333333333,
          "rank_rmse_eos_standings_vs_playoff_final_results": 4.449719092257398
        }
      },
      "test_metrics_model_a": {
        "ndcg": 0.4827593861412876,
        "spearman": 0.44293659621801995,
        "mrr_top2": 0.5,
        "mrr_top4": 0.5,
        "ndcg10": 0.4827593861412876,
        "ndcg_at_4": 0.4643519436832566,
        "ndcg_at_12": 0.5279538116516593,
        "ndcg_at_16": 0.5282479445431729,