{
  "notes": {
    "eval_on": "test",
    "eos_rank_source": "eos_final_rank",
    "upset_definition": "sleeper = EOS_global_rank > predicted_strength",
    "mrr_top2": "1/rank of first team in top 2 (champion+runner-up) in predicted order.",
    "mrr_top4": "1/rank of first team in top 4 (conference finals) in predicted order.",
    "per_conference_relevance": "Within E/W: actual rank derived from EOS_global_rank (1=best in conf); NDCG/Spearman use this relevance.",
    "playoff_metrics": "Spearman (pred global vs playoff_final_results), NDCG@4 (final four), Brier (champion vs odds). rank_mae/rank_rmse: pred vs playoff_final_results; eos_standings vs playoff_final_results (baseline)."
  },
  "split_info": {
    "train_frac": 0.75,
    "n_train_dates": 141,
    "n_test_dates": 36,
    "split_mode": "seasons"
  },
  "test_metrics_ensemble": {
    "ndcg": 0.48672900732432145,
    "spearman": 0.5341490545050055,
    "mrr_top2": 0.5,
    "mrr_top4": 0.5,
    "ndcg10": 0.48672900732432145,
    "ndcg_at_4": 0.4643519436832566,
    "ndcg_at_12": 0.5322438219859378,
    "ndcg_at_16": 0.533466183252607,
    "ndcg_at_20": 0.5364400873905052,
    "roc_auc_upset": 0.7285067873303168,
    "rank_mae_pred_vs_playoff_final_results": 6.4666666984558105,
    "rank_rmse_pred_vs_playoff_final_results": 8.354640007019043,
    "rank_mae_eos_standings_vs_playoff_final_results": 3.1333333333333333,
    "rank_rmse_eos_standings_vs_playoff_final_results": 4.449719092257398,
    "playoff_metrics": {
      "spearman_pred_vs_playoff_final_results": 0.5208008898776418,
      "ndcg_at_4_final_four": 0.46433662668392073,
      "ndcg10_pred_vs_playoff_final_results": 0.4867135797344464,
      "brier_championship_odds": 0.03222232684493065,
      "rank_mae_pred_vs_playoff_final_results": 6.4666666984558105,
      "rank_rmse_pred_vs_playoff_final_results": 8.354640007019043,
      "rank_mae_eos_standings_vs_playoff_final_results": 3.1333333333333333,
      "rank_rmse_eos_standings_vs_playoff_final_results": 4.449719092257398
    }
  },
  "test_metrics_model_a": {
    "ndcg": 0.4863661880014098,
    "spearman": 0.5185761957730812,
    "mrr_top2": 0.5,
    "mrr_top4": 0.5,
    "ndcg10": 0.4863661880014098,
    "ndcg_at_4": 0.4643519436832566,
    "ndcg_at_12": 0.5318810979637535,
    "ndcg_at_16": 0.533103487053518,
    "ndcg_at_20": 0.5360679847722364,
    "roc_auc_upset": 0.7375565610859729
  },
  "test_metrics_model_b": {
    "ndcg": 0.15628358991404445,
    "spearman": 0.4972191323692992,
    "mrr_top2": 0.16666666666666666,
    "mrr_top4": 0.16666666666666666,
    "ndcg10": 0.15628358991404445,
    "ndcg_at_4": 0.04029517653159447,
    "ndcg_at_12": 0.20013975914847654,
    "ndcg_at_16": 0.22046320357696175,
    "ndcg_at_20": 0.22046313796880246,
    "roc_auc_upset": 0.8148148148148149
  },
  "test_metrics_model_c": {
    "ndcg": 0.05124995751403931,
    "spearman": 0.30233592880978866,
    "mrr_top2": 0.06666666666666667,
    "mrr_top4": 0.2,
    "ndcg10": 0.05124995751403931,
    "ndcg_at_4": 0.00711064040423231,
    "ndcg_at_12": 0.056899138174850025,
    "ndcg_at_16": 0.17781540372208415,
    "ndcg_at_20": 0.18021312496782235,
    "roc_auc_upset": 0.8258928571428571
  },
  "test_metrics_by_conference": {
    "E": {
      "ndcg": 0.263461645385468,
      "spearman": 0.27499999999999997
    },
    "W": {
      "ndcg": 0.7621882543043447,
      "spearman": 0.7321428571428571
    }
  },
  "by_season": {
    "2023-24": {
      "test_metrics_ensemble": {
        "ndcg": 0.551699738008868,
        "spearman": 0.4384872080088987,
        "mrr_top2": 1.0,
        "mrr_top4": 1.0,
        "ndcg10": 0.551699738008868,
        "ndcg_at_4": 0.3560053866302678,
        "ndcg_at_12": 0.5954409855529023,
        "ndcg_at_16": 0.596729431763314,
        "ndcg_at_20": 0.5973443809897886,
        "roc_auc_upset": 0.7407407407407407,
        "rank_mae_pred_vs_playoff_final_results": 7.333333492279053,
        "rank_rmse_pred_vs_playoff_final_results": 9.172422409057617,
        "rank_mae_eos_standings_vs_playoff_final_results": 3.7333333333333334,
        "rank_rmse_eos_standings_vs_playoff_final_results": 6.093712606722878,
        "playoff_metrics": {
          "spearman_pred_vs_playoff_final_results": 0.44293659621801995,
          "ndcg_at_4_final_four": 0.3560053866302678,
          "ndcg10_pred_vs_playoff_final_results": 0.5516947199125881,
          "brier_championship_odds": 0.03222232684493065,
          "rank_mae_pred_vs_playoff_final_results": 7.333333492279053,
          "rank_rmse_pred_vs_playoff_final_results": 9.172422409057617,
          "rank_mae_eos_standings_vs_playoff_final_results": 3.7333333333333334,
          "rank_rmse_eos_standings_vs_playoff_final_results": 6.093712606722878
        }
      },
      "test_metrics_model_a": {
        "ndcg": 0.551699738008868,
        "spearman": 0.421579532814238,
        "mrr_top2": 1.0,
        "mrr_top4": 1.0,
        "ndcg10": 0.551699738008868,
        "ndcg_at_4": 0.3560053866302678,
        "ndcg_at_12": 0.5954409855529023,
        "ndcg_at_16": 0.596729431763314,
        "ndcg_at_20": 0.5973353903158682,
        "roc_auc_upset": 0.7546296296296297
      },
      "test_metrics_model_b": {
        "ndcg": 0.5639460618676359,
        "spearman": 0.47541713014460507,
        "mrr_top2": 0.5,
        "mrr_top4": 0.5,
        "ndcg10": 0.5639460618676359,
        "ndcg_at_4": 0.44093212795935904,
        "ndcg_at_12": 0.5638207201089159,
        "ndcg_at_16": 0.6035911982007958,
        "ndcg_at_20": 0.6083719447958648,
        "roc_auc_upset": 0.78125
      },
      "test_metrics_model_c": {
        "ndcg": 0.333487026575135,
        "spearman": 0.24048943270300333,
        "mrr_top2": 0.16666666666666666,
        "mrr_top4": 0.16666666666666666,
        "ndcg10": 0.333487026575135,
        "ndcg_at_4": 0.0011069724610271625,
        "ndcg_at_12": 0.33890731926775686,
        "ndcg_at_16": 0.35966393831396193,
        "ndcg_at_20": 0.37116955007129654,
        "roc_auc_upset": 0.7777777777777778
      },
      "test_metrics_by_conference": {
        "E": {
          "ndcg": 0.3870089925370491,
          "spearman": 0.28928571428571426
        },
        "W": {
          "ndcg": 0.9122160794001895,
          "spearman": 0.5499999999999999
        }
      },
      "notes": {
        "eos_rank_source": "eos_final_rank"
      }
    },
    "2024-25": {
      "test_metrics_ensemble": {
        "ndcg": 0.48672900732432145,
        "spearman": 0.5341490545050055,
        "mrr_top2": 0.5,
        "mrr_top4": 0.5,
        "ndcg10": 0.48672900732432145,
        "ndcg_at_4": 0.4643519436832566,
        "ndcg_at_12": 0.5322438219859378,
        "ndcg_at_16": 0.533466183252607,
        "ndcg_at_20": 0.5364400873905052,
        "roc_auc_upset": 0.7285067873303168,
        "rank_mae_pred_vs_playoff_final_results": 6.4666666984558105,
        "rank_rmse_pred_vs_playoff_final_results": 8.354640007019043,
        "rank_mae_eos_standings_vs_playoff_final_results": 3.1333333333333333,
        "rank_rmse_eos_standings_vs_playoff_final_results": 4.449719092257398,
        "playoff_metrics": {
          "spearman_pred_vs_playoff_final_results": 0.5208008898776418,
          "ndcg_at_4_final_four": 0.46433662668392073,
          "ndcg10_pred_vs_playoff_final_results": 0.4867135797344464,
          "brier_championship_odds": 0.03222232684493065,
          "rank_mae_pred_vs_playoff_final_results": 6.4666666984558105,
          "rank_rmse_pred_vs_playoff_final_results": 8.354640007019043,
          "rank_mae_eos_standings_vs_playoff_final_results": 3.1333333333333333,
          "rank_rmse_eos_standings_vs_playoff_final_results": 4.449719092257398
        }
      },
      "test_metrics_model_a": {
        "ndcg": 0.4863661880014098,
        "spearman": 0.5185761957730812,
        "mrr_top2": 0.5,
        "mrr_top4": 0.5,
        "ndcg10": 0.4863661880014098,
        "ndcg_at_4": 0.4643519436832566,
        "ndcg_at_12": 0.5318810979637535,