{
  "notes": {
    "eval_on": "test",
    "eos_rank_source": "eos_final_rank",
    "upset_definition": "sleeper = EOS_global_rank > predicted_strength",
    "mrr_top2": "1/rank of first team in top 2 (champion+runner-up) in predicted order.",
    "mrr_top4": "1/rank of first team in top 4 (conference finals) in predicted order.",
    "per_conference_relevance": "Within E/W: actual rank derived from EOS_global_rank (1=best in conf); NDCG/Spearman use this relevance.",
    "playoff_metrics": "Spearman (pred global vs playoff_final_results), NDCG@4 (final four), Brier (champion vs odds). rank_mae/rank_rmse: pred vs playoff_final_results; eos_standings vs playoff_final_results (baseline)."
  },
  "split_info": {
    "train_frac": 0.75,
    "n_train_dates": 141,
    "n_test_dates": 36,
    "split_mode": "seasons"
  },
  "test_metrics_ensemble": {
    "ndcg": 0.48637667958046626,
    "spearman": 0.5056729699666296,
    "mrr_top2": 0.5,
    "mrr_top4": 0.5,
    "ndcg10": 0.48637667958046626,
    "ndcg_at_4": 0.46423103544156546,
    "ndcg_at_12": 0.5304889893767355,
    "ndcg_at_16": 0.5317120116733743,
    "ndcg_at_20": 0.5340988609282122,
    "roc_auc_upset": 0.7544642857142858,
    "rank_mae_pred_vs_playoff_final_results": 6.800000190734863,
    "rank_rmse_pred_vs_playoff_final_results": 8.606199264526367,
    "rank_mae_eos_standings_vs_playoff_final_results": 3.1333333333333333,
    "rank_rmse_eos_standings_vs_playoff_final_results": 4.449719092257398,
    "playoff_metrics": {
      "spearman_pred_vs_playoff_final_results": 0.5208008898776418,
      "ndcg_at_4_final_four": 0.46421784209645756,
      "ndcg10_pred_vs_playoff_final_results": 0.4863632932231634,
      "brier_championship_odds": 0.03222232684493065,
      "rank_mae_pred_vs_playoff_final_results": 6.800000190734863,
      "rank_rmse_pred_vs_playoff_final_results": 8.606199264526367,
      "rank_mae_eos_standings_vs_playoff_final_results": 3.1333333333333333,
      "rank_rmse_eos_standings_vs_playoff_final_results": 4.449719092257398
    }
  },
  "test_metrics_model_a": {
    "ndcg": 0.4864027492705706,
    "spearman": 0.49988876529477194,
    "mrr_top2": 0.5,
    "mrr_top4": 0.5,
    "ndcg10": 0.4864027492705706,
    "ndcg_at_4": 0.46449490234372454,
    "ndcg_at_12": 0.5305150522191878,
    "ndcg_at_16": 0.5317380725166513,
    "ndcg_at_20": 0.5341249216568679,
    "roc_auc_upset": 0.7589285714285715
  },
  "test_metrics_model_b": {
    "ndcg": 0.2143905751708314,
    "spearman": 0.6280311457174638,
    "mrr_top2": 0.2,
    "mrr_top4": 0.2,
    "ndcg10": 0.2143905751708314,
    "ndcg_at_4": 0.04166423104576856,
    "ndcg_at_12": 0.21434532360921518,
    "ndcg_at_16": 0.39815974821544076,
    "ndcg_at_20": 0.39816346359633986,
    "roc_auc_upset": 0.7589285714285714
  },
  "test_metrics_model_c": {
    "ndcg": 0.05139534647930671,
    "spearman": 0.2961067853170189,
    "mrr_top2": 0.06666666666666667,
    "mrr_top4": 0.2,
    "ndcg10": 0.05139534647930671,
    "ndcg_at_4": 0.0072603807417201014,
    "ndcg_at_12": 0.05704448895120833,
    "ndcg_at_16": 0.1779607433491712,
    "ndcg_at_20": 0.18031755618634426,
    "roc_auc_upset": 0.8303571428571428
  },
  "test_metrics_by_conference": {
    "E": {
      "ndcg": 0.2544834446073316,
      "spearman": 0.2785714285714285
    },
    "W": {
      "ndcg": 0.7504940786340119,
      "spearman": 0.6142857142857142
    }
  },
  "by_season": {
    "2023-24": {
      "test_metrics_ensemble": {
        "ndcg": 0.6063055077373831,
        "spearman": 0.44338153503893213,
        "mrr_top2": 1.0,
        "mrr_top4": 1.0,
        "ndcg10": 0.6063055077373831,
        "ndcg_at_4": 0.35315119534797357,
        "ndcg_at_12": 0.6061517812638829,
        "ndcg_at_16": 0.6074394058923973,
        "ndcg_at_20": 0.6080543023879353,
        "roc_auc_upset": 0.7692307692307692,
        "rank_mae_pred_vs_playoff_final_results": 7.333333492279053,
        "rank_rmse_pred_vs_playoff_final_results": 9.132360458374023,
        "rank_mae_eos_standings_vs_playoff_final_results": 3.7333333333333334,
        "rank_rmse_eos_standings_vs_playoff_final_results": 6.093712606722878,
        "playoff_metrics": {
          "spearman_pred_vs_playoff_final_results": 0.47497219132369295,
          "ndcg_at_4_final_four": 0.35315119534797357,
          "ndcg10_pred_vs_playoff_final_results": 0.606304788583057,
          "brier_championship_odds": 0.03222232684493065,
          "rank_mae_pred_vs_playoff_final_results": 7.333333492279053,
          "rank_rmse_pred_vs_playoff_final_results": 9.132360458374023,
          "rank_mae_eos_standings_vs_playoff_final_results": 3.7333333333333334,
          "rank_rmse_eos_standings_vs_playoff_final_results": 6.093712606722878
        }
      },
      "test_metrics_model_a": {
        "ndcg": 0.5992710685719447,
        "spearman": 0.44249165739710794,
        "mrr_top2": 1.0,
        "mrr_top4": 1.0,
        "ndcg10": 0.5992710685719447,
        "ndcg_at_4": 0.35315119534797357,
        "ndcg_at_12": 0.599119189814723,
        "ndcg_at_16": 0.6004073538849355,
        "ndcg_at_20": 0.6010222813089944,
        "roc_auc_upset": 0.7692307692307692
      },
      "test_metrics_model_b": {
        "ndcg": 0.7968517272087492,
        "spearman": 0.2956618464961067,
        "mrr_top2": 1.0,
        "mrr_top4": 1.0,
        "ndcg10": 0.7968517272087492,
        "ndcg_at_4": 0.705915834267812,
        "ndcg_at_12": 0.796664539453681,
        "ndcg_at_16": 0.7966066296217715,
        "ndcg_at_20": 0.8013026006931331,
        "roc_auc_upset": 0.7824074074074074
      },
      "test_metrics_model_c": {
        "ndcg": 0.333487026575135,
        "spearman": 0.23159065628476083,
        "mrr_top2": 0.16666666666666666,
        "mrr_top4": 0.16666666666666666,
        "ndcg10": 0.333487026575135,
        "ndcg_at_4": 0.0011069724610271625,
        "ndcg_at_12": 0.33890731926775686,
        "ndcg_at_16": 0.35966393831396193,
        "ndcg_at_20": 0.3699999322309346,
        "roc_auc_upset": 0.7633928571428571
      },
      "test_metrics_by_conference": {
        "E": {
          "ndcg": 0.4082984176139838,
          "spearman": 0.28928571428571426
        },
        "W": {
          "ndcg": 0.932342584027826,
          "spearman": 0.6214285714285712
        }
      },
      "notes": {
        "eos_rank_source": "eos_final_rank"
      }
    },
    "2024-25": {
      "test_metrics_ensemble": {
        "ndcg": 0.48637667958046626,
        "spearman": 0.5056729699666296,
        "mrr_top2": 0.5,
        "mrr_top4": 0.5,
        "ndcg10": 0.48637667958046626,
        "ndcg_at_4": 0.46423103544156546,
        "ndcg_at_12": 0.5304889893767355,
        "ndcg_at_16": 0.5317120116733743,
        "ndcg_at_20": 0.5340988609282122,
        "roc_auc_upset": 0.7544642857142858,
        "rank_mae_pred_vs_playoff_final_results": 6.800000190734863,
        "rank_rmse_pred_vs_playoff_final_results": 8.606199264526367,
        "rank_mae_eos_standings_vs_playoff_final_results": 3.1333333333333333,
        "rank_rmse_eos_standings_vs_playoff_final_results": 4.449719092257398,
        "playoff_metrics": {
          "spearman_pred_vs_playoff_final_results": 0.5208008898776418,
          "ndcg_at_4_final_four": 0.46421784209645756,
          "ndcg10_pred_vs_playoff_final_results": 0.4863632932231634,
          "brier_championship_odds": 0.03222232684493065,
          "rank_mae_pred_vs_playoff_final_results": 6.800000190734863,
          "rank_rmse_pred_vs_playoff_final_results": 8.606199264526367,
          "rank_mae_eos_standings_vs_playoff_final_results": 3.1333333333333333,
          "rank_rmse_eos_standings_vs_playoff_final_results": 4.449719092257398
        }
      },
      "test_metrics_model_a": {
        "ndcg": 0.4864027492705706,
        "spearman": 0.49988876529477194,
        "mrr_top2": 0.5,
        "mrr_top4": 0.5,
        "ndcg10": 0.4864027492705706,
        "ndcg_at_4": 0.46449490234372454,
        "ndcg_at_12": 0.5305150522191878,