{
  "test_metrics_ensemble": {
    "ndcg": 0.4892347807648689,
    "spearman": 0.4825361512791991,
    "mrr_top2": 0.5,
    "mrr_top4": 0.5,
    "ndcg10": 0.4892347807648689,
    "ndcg_at_4": 0.4643944167678145,
    "ndcg_at_12": 0.5344062440246684,
    "ndcg_at_16": 0.535961483843025,
    "ndcg_at_20": 0.53834831819226,
    "roc_auc_upset": 0.7420814479638009,
    "rank_mae_pred_vs_playoff_final_results": 6.666666507720947,
    "rank_rmse_pred_vs_playoff_final_results": 8.805301666259766,
    "rank_mae_eos_standings_vs_playoff_final_results": 3.1333333333333333,
    "rank_rmse_eos_standings_vs_playoff_final_results": 4.449719092257398,
    "playoff_metrics": {
      "spearman_pred_vs_playoff_final_results": 0.4629588431590656,
      "ndcg_at_4_final_four": 0.4643812234227066,
      "ndcg10_pred_vs_playoff_final_results": 0.4892213905070419,
      "brier_championship_odds": 0.03222232684493065,
      "rank_mae_pred_vs_playoff_final_results": 6.666666507720947,
      "rank_rmse_pred_vs_playoff_final_results": 8.805301666259766,
      "rank_mae_eos_standings_vs_playoff_final_results": 3.1333333333333333,
      "rank_rmse_eos_standings_vs_playoff_final_results": 4.449719092257398
    }
  },
  "test_metrics_model_a": {
    "ndcg": 0.4888776291314524,
    "spearman": 0.4696329254727475,
    "mrr_top2": 0.5,
    "mrr_top4": 0.5,
    "ndcg10": 0.4888776291314524,
    "ndcg_at_4": 0.4643944167678145,
    "ndcg_at_12": 0.5340491862032632,
    "ndcg_at_16": 0.5355964948763671,
    "ndcg_at_20": 0.5379424231005877,
    "roc_auc_upset": 0.7589285714285714
  },
  "test_metrics_model_b": {
    "ndcg": 0.15619955425725437,
    "spearman": 0.4829810901001112,
    "mrr_top2": 0.16666666666666666,
    "mrr_top4": 0.16666666666666666,
    "ndcg10": 0.15619955425725437,
    "ndcg_at_4": 0.04029517653159447,
    "ndcg_at_12": 0.20154404268492565,
    "ndcg_at_16": 0.221433660995252,
    "ndcg_at_20": 0.22143304168510913,
    "roc_auc_upset": 0.8080357142857143
  },
  "test_metrics_model_c": {
    "ndcg": 0.05124270050332162,
    "spearman": 0.2947719688542826,
    "mrr_top2": 0.0625,
    "mrr_top4": 0.2,
    "ndcg10": 0.05124270050332162,
    "ndcg_at_4": 0.00711064040423231,
    "ndcg_at_12": 0.05689188307031086,
    "ndcg_at_16": 0.1769394740594929,
    "ndcg_at_20": 0.17933719915776358,
    "roc_auc_upset": 0.8258928571428571
  },
  "test_metrics_by_conference": {
    "E": {
      "ndcg": 0.26533736705247435,
      "spearman": 0.24642857142857136
    },
    "W": {
      "ndcg": 0.7718569002130025,
      "spearman": 0.6714285714285713
    }
  },
  "notes": {
    "eos_rank_source": "eos_final_rank"
  }
}