{
  "test_metrics_ensemble": {
    "ndcg": 0.6043762311132497,
    "spearman": 0.41579532814238046,
    "mrr_top2": 1.0,
    "mrr_top4": 1.0,
    "ndcg10": 0.6043762311132497,
    "ndcg_at_4": 0.35315119534797357,
    "ndcg_at_12": 0.6042228388548014,
    "ndcg_at_16": 0.6055106114447004,
    "ndcg_at_20": 0.6061258219366799,
    "roc_auc_upset": 0.7410714285714286,
    "rank_mae_pred_vs_playoff_final_results": 7.5333333015441895,
    "rank_rmse_pred_vs_playoff_final_results": 9.355924606323242,
    "rank_mae_eos_standings_vs_playoff_final_results": 3.7333333333333334,
    "rank_rmse_eos_standings_vs_playoff_final_results": 6.093712606722878,
    "playoff_metrics": {
      "spearman_pred_vs_playoff_final_results": 0.44382647385984425,
      "ndcg_at_4_final_four": 0.35315119534797357,
      "ndcg10_pred_vs_playoff_final_results": 0.6043755119589236,
      "brier_championship_odds": 0.03222232684493065,
      "rank_mae_pred_vs_playoff_final_results": 7.5333333015441895,
      "rank_rmse_pred_vs_playoff_final_results": 9.355924606323242,
      "rank_mae_eos_standings_vs_playoff_final_results": 3.7333333333333334,
      "rank_rmse_eos_standings_vs_playoff_final_results": 6.093712606722878
    }
  },
  "test_metrics_model_a": {
    "ndcg": 0.6043762311132497,
    "spearman": 0.41579532814238046,
    "mrr_top2": 1.0,
    "mrr_top4": 1.0,
    "ndcg10": 0.6043762311132497,
    "ndcg_at_4": 0.35315119534797357,
    "ndcg_at_12": 0.6042228388548014,
    "ndcg_at_16": 0.6055106114447004,
    "ndcg_at_20": 0.6061258219366799,
    "roc_auc_upset": 0.7410714285714286
  },
  "test_metrics_model_b": {
    "ndcg": 0.5592564348944508,
    "spearman": 0.3721913236929922,
    "mrr_top2": 0.5,
    "mrr_top4": 0.5,
    "ndcg10": 0.5592564348944508,
    "ndcg_at_4": 0.44093212795935904,
    "ndcg_at_12": 0.559112906071944,
    "ndcg_at_16": 0.5591697750727873,
    "ndcg_at_20": 0.6013609274303594,
    "roc_auc_upset": 0.841628959276018
  },
  "test_metrics_model_c": {
    "ndcg": 0.333487026575135,
    "spearman": 0.2422691879866518,
    "mrr_top2": 0.16666666666666666,
    "mrr_top4": 0.16666666666666666,
    "ndcg10": 0.333487026575135,
    "ndcg_at_4": 0.0011069724610271625,
    "ndcg_at_12": 0.33890731926775686,
    "ndcg_at_16": 0.35966393831396193,
    "ndcg_at_20": 0.37117378097667086,
    "roc_auc_upset": 0.7777777777777778
  },
  "test_metrics_by_conference": {
    "E": {
      "ndcg": 0.4082984176139838,
      "spearman": 0.2785714285714285
    },
    "W": {
      "ndcg": 0.9281189312730401,
      "spearman": 0.5857142857142856
    }
  },
  "notes": {
    "eos_rank_source": "eos_final_rank"
  }
}