{
  "test_metrics_ensemble": {
    "ndcg": 0.45824376962209656,
    "spearman": 0.40734149054505003,
    "mrr_top2": 0.5,
    "mrr_top4": 0.5,
    "ndcg10": 0.45824376962209656,
    "ndcg_at_4": 0.464248626568376,
    "ndcg_at_12": 0.48006650560010583,
    "ndcg_at_16": 0.5219049051614234,
    "ndcg_at_20": 0.5225023128894388,
    "roc_auc_upset": 0.7822222222222223,
    "rank_mae_pred_vs_playoff_final_results": 7.5333333015441895,
    "rank_rmse_pred_vs_playoff_final_results": 9.423375129699707,
    "rank_mae_eos_standings_vs_playoff_final_results": 3.1333333333333333,
    "rank_rmse_eos_standings_vs_playoff_final_results": 4.449719092257398,
    "playoff_metrics": {
      "spearman_pred_vs_playoff_final_results": 0.4402669632925473,
      "ndcg_at_4_final_four": 0.464248626568376,
      "ndcg10_pred_vs_playoff_final_results": 0.45824365399627265,
      "brier_championship_odds": 0.03222232684493065,
      "rank_mae_pred_vs_playoff_final_results": 7.5333333015441895,
      "rank_rmse_pred_vs_playoff_final_results": 9.423375129699707,
      "rank_mae_eos_standings_vs_playoff_final_results": 3.1333333333333333,
      "rank_rmse_eos_standings_vs_playoff_final_results": 4.449719092257398
    }
  },
  "test_metrics_model_a": {
    "ndcg": 0.45824376962209656,
    "spearman": 0.40734149054505003,
    "mrr_top2": 0.5,
    "mrr_top4": 0.5,
    "ndcg10": 0.45824376962209656,
    "ndcg_at_4": 0.464248626568376,
    "ndcg_at_12": 0.48006650560010583,
    "ndcg_at_16": 0.5219049051614234,
    "ndcg_at_20": 0.5225023128894388,
    "roc_auc_upset": 0.7822222222222223
  },
  "test_metrics_model_b": {
    "ndcg": 0.4264999823240658,
    "spearman": 0.6226918798665184,
    "mrr_top2": 0.16666666666666666,
    "mrr_top4": 0.16666666666666666,
    "ndcg10": 0.4264999823240658,
    "ndcg_at_4": 0.048137480191550425,
    "ndcg_at_12": 0.4483752728404346,
    "ndcg_at_16": 0.4489906505800134,
    "ndcg_at_20": 0.4489940427468282,
    "roc_auc_upset": 0.7104072398190046
  },
  "test_metrics_model_c": {
    "ndcg": 0.05139534647930671,
    "spearman": 0.3054505005561735,
    "mrr_top2": 0.07142857142857142,
    "mrr_top4": 0.2,
    "ndcg10": 0.05139534647930671,
    "ndcg_at_4": 0.0072603807417201014,
    "ndcg_at_12": 0.05704448895120833,
    "ndcg_at_16": 0.17989573678693135,
    "ndcg_at_20": 0.1822152155273313,
    "roc_auc_upset": 0.8214285714285714
  },
  "test_metrics_by_conference": {
    "E": {
      "ndcg": 0.2516966287455185,
      "spearman": 0.38214285714285706
    },
    "W": {
      "ndcg": 0.7009391748410306,
      "spearman": 0.34642857142857136
    }
  },
  "notes": {
    "eos_rank_source": "eos_final_rank"
  }
}