{
  "test_metrics_ensemble": {
    "ndcg": 0.4267178871709164,
    "spearman": 0.15016685205784203,
    "mrr_top2": 0.5,
    "mrr_top4": 0.5,
    "ndcg10": 0.4267178871709164,
    "ndcg_at_4": 0.2299424414214146,
    "ndcg_at_12": 0.4266553973411363,
    "ndcg_at_16": 0.4292886565255048,
    "ndcg_at_20": 0.46751482067958156,
    "roc_auc_upset": 0.8148148148148149,
    "rank_mae_pred_vs_playoff_final_results": 9.199999809265137,
    "rank_rmse_pred_vs_playoff_final_results": 11.284207344055176,
    "rank_mae_eos_standings_vs_playoff_final_results": 3.7333333333333334,
    "rank_rmse_eos_standings_vs_playoff_final_results": 6.093712606722878,
    "playoff_metrics": {
      "spearman_pred_vs_playoff_final_results": 0.1946607341490545,
      "ndcg_at_4_final_four": 0.2299424414214146,
      "ndcg10_pred_vs_playoff_final_results": 0.42672046839681455,
      "brier_championship_odds": 0.03222232684493065,
      "rank_mae_pred_vs_playoff_final_results": 9.199999809265137,
      "rank_rmse_pred_vs_playoff_final_results": 11.284207344055176,
      "rank_mae_eos_standings_vs_playoff_final_results": 3.7333333333333334,
      "rank_rmse_eos_standings_vs_playoff_final_results": 6.093712606722878
    }
  },
  "test_metrics_model_a": {
    "ndcg": 0.4267178871709164,
    "spearman": 0.15239154616240266,
    "mrr_top2": 0.5,
    "mrr_top4": 0.5,
    "ndcg10": 0.4267178871709164,
    "ndcg_at_4": 0.2299424414214146,
    "ndcg_at_12": 0.4266553973411363,
    "ndcg_at_16": 0.4292886565255048,
    "ndcg_at_20": 0.46751482067958156,
    "roc_auc_upset": 0.8148148148148149
  },
  "test_metrics_model_b": {
    "ndcg": 0.7040011122605258,
    "spearman": 0.34949944382647385,
    "mrr_top2": 1.0,
    "mrr_top4": 1.0,
    "ndcg10": 0.7040011122605258,
    "ndcg_at_4": 0.6907114070725182,
    "ndcg_at_12": 0.7038162047441981,
    "ndcg_at_16": 0.8287966670281222,
    "ndcg_at_20": 0.8337331495124859,
    "roc_auc_upset": 0.8222222222222222
  },
  "test_metrics_model_c": {
    "ndcg": 0.333487026575135,
    "spearman": 0.23470522803114574,
    "mrr_top2": 0.16666666666666666,
    "mrr_top4": 0.16666666666666666,
    "ndcg10": 0.333487026575135,
    "ndcg_at_4": 0.0011069724610271625,
    "ndcg_at_12": 0.33342221884066475,
    "ndcg_at_16": 0.3595099217698844,
    "ndcg_at_20": 0.37101553420461786,
    "roc_auc_upset": 0.7822222222222222
  },
  "test_metrics_by_conference": {
    "E": {
      "ndcg": 0.36094011063717846,
      "spearman": 0.07142857142857141
    },
    "W": {
      "ndcg": 0.7882547997567634,
      "spearman": 0.12857142857142856
    }
  },
  "notes": {
    "eos_rank_source": "eos_final_rank"
  }
}