{
  "test_metrics_ensemble": {
    "ndcg": 0.5840931903410022,
    "spearman": 0.403781979977753,
    "mrr_top2": 1.0,
    "mrr_top4": 1.0,
    "ndcg10": 0.5840931903410022,
    "ndcg_at_4": 0.35315119534797357,
    "ndcg_at_12": 0.6292449271950528,
    "ndcg_at_16": 0.6304666064299408,
    "ndcg_at_20": 0.631081562239747,
    "roc_auc_upset": 0.7058823529411764,
    "rank_mae_pred_vs_playoff_final_results": 7.4666666984558105,
    "rank_rmse_pred_vs_playoff_final_results": 9.451631546020508,
    "rank_mae_eos_standings_vs_playoff_final_results": 3.7333333333333334,
    "rank_rmse_eos_standings_vs_playoff_final_results": 6.093712606722878,
    "playoff_metrics": {
      "spearman_pred_vs_playoff_final_results": 0.4264738598442714,
      "ndcg_at_4_final_four": 0.35315119534797357,
      "ndcg10_pred_vs_playoff_final_results": 0.5840984396402888,
      "brier_championship_odds": 0.03222232684493065,
      "rank_mae_pred_vs_playoff_final_results": 7.4666666984558105,
      "rank_rmse_pred_vs_playoff_final_results": 9.451631546020508,
      "rank_mae_eos_standings_vs_playoff_final_results": 3.7333333333333334,
      "rank_rmse_eos_standings_vs_playoff_final_results": 6.093712606722878
    }
  },
  "test_metrics_model_a": {
    "ndcg": 0.5837332041708125,
    "spearman": 0.3975528364849833,
    "mrr_top2": 1.0,
    "mrr_top4": 1.0,
    "ndcg10": 0.5837332041708125,
    "ndcg_at_4": 0.35315119534797357,
    "ndcg_at_12": 0.6288850355814143,
    "ndcg_at_16": 0.6301067424221349,
    "ndcg_at_20": 0.6307215539618043,
    "roc_auc_upset": 0.7149321266968326
  },
  "test_metrics_model_b": {
    "ndcg": 0.5619836988258433,
    "spearman": 0.4451612903225806,
    "mrr_top2": 0.5,
    "mrr_top4": 0.5,
    "ndcg10": 0.5619836988258433,
    "ndcg_at_4": 0.4437410146181249,
    "ndcg_at_12": 0.5618608814644868,
    "ndcg_at_16": 0.5618997742996601,
    "ndcg_at_20": 0.6043423246420517,
    "roc_auc_upset": 0.7991071428571428
  },
  "test_metrics_model_c": {
    "ndcg": 0.333487026575135,
    "spearman": 0.24048943270300333,
    "mrr_top2": 0.16666666666666666,
    "mrr_top4": 0.16666666666666666,
    "ndcg10": 0.333487026575135,
    "ndcg_at_4": 0.0011069724610271625,
    "ndcg_at_12": 0.33890731926775686,
    "ndcg_at_16": 0.35966393831396193,
    "ndcg_at_20": 0.37116955007129654,
    "roc_auc_upset": 0.7777777777777778
  },
  "test_metrics_by_conference": {
    "E": {
      "ndcg": 0.4045649080810758,
      "spearman": 0.2071428571428571
    },
    "W": {
      "ndcg": 0.9146080433989652,
      "spearman": 0.5142857142857142
    }
  },
  "notes": {
    "eos_rank_source": "eos_final_rank"
  }
}