{
  "test_metrics_ensemble": {
    "ndcg": 0.4886095719377369,
    "spearman": 0.5208008898776418,
    "mrr_top2": 0.5,
    "mrr_top4": 0.5,
    "ndcg10": 0.4886095719377369,
    "ndcg_at_4": 0.4747879258974167,
    "ndcg_at_12": 0.5337817016566249,
    "ndcg_at_16": 0.5350044972175723,
    "ndcg_at_20": 0.5373549321968759,
    "roc_auc_upset": 0.7866666666666666,
    "rank_mae_pred_vs_playoff_final_results": 6.666666507720947,
    "rank_rmse_pred_vs_playoff_final_results": 8.473487854003906,
    "rank_mae_eos_standings_vs_playoff_final_results": 3.1333333333333333,
    "rank_rmse_eos_standings_vs_playoff_final_results": 4.449719092257398,
    "playoff_metrics": {
      "spearman_pred_vs_playoff_final_results": 0.5225806451612903,
      "ndcg_at_4_final_four": 0.4747879258974167,
      "ndcg10_pred_vs_playoff_final_results": 0.48859804798068057,
      "brier_championship_odds": 0.03222232684493065,
      "rank_mae_pred_vs_playoff_final_results": 6.666666507720947,
      "rank_rmse_pred_vs_playoff_final_results": 8.473487854003906,
      "rank_mae_eos_standings_vs_playoff_final_results": 3.1333333333333333,
      "rank_rmse_eos_standings_vs_playoff_final_results": 4.449719092257398
    }
  },
  "test_metrics_model_a": {
    "ndcg": 0.48724594096253404,
    "spearman": 0.5145717463848721,
    "mrr_top2": 0.5,
    "mrr_top4": 0.5,
    "ndcg10": 0.48724594096253404,
    "ndcg_at_4": 0.4733834825680338,
    "ndcg_at_12": 0.5324184288625209,
    "ndcg_at_16": 0.5336413289946206,
    "ndcg_at_20": 0.5359542111254092,
    "roc_auc_upset": 0.7866666666666666
  },
  "test_metrics_model_b": {
    "ndcg": 0.16619710541230373,
    "spearman": 0.5479421579532814,
    "mrr_top2": 0.2,
    "mrr_top4": 0.2,
    "ndcg10": 0.16619710541230373,
    "ndcg_at_4": 0.04029517653159447,
    "ndcg_at_12": 0.2100506706916042,
    "ndcg_at_16": 0.23085816473025092,
    "ndcg_at_20": 0.23086254873971238,
    "roc_auc_upset": 0.8144796380090498
  },
  "test_metrics_model_c": {
    "ndcg": 0.05124270050332162,
    "spearman": 0.29521690767519465,
    "mrr_top2": 0.06666666666666667,
    "mrr_top4": 0.2,
    "ndcg10": 0.05124270050332162,
    "ndcg_at_4": 0.00711064040423231,
    "ndcg_at_12": 0.05689188307031086,
    "ndcg_at_16": 0.17780814917405477,
    "ndcg_at_20": 0.18020587045170006,
    "roc_auc_upset": 0.8258928571428571
  },
  "test_metrics_by_conference": {
    "E": {
      "ndcg": 0.34205699325711014,
      "spearman": 0.3
    },
    "W": {
      "ndcg": 0.752538834009314,
      "spearman": 0.682142857142857
    }
  },
  "notes": {
    "eos_rank_source": "eos_final_rank"
  }
}