{
  "test_metrics_ensemble": {
    "ndcg": 0.48578726389406496,
    "spearman": 0.4829810901001112,
    "mrr_top2": 0.5,
    "mrr_top4": 0.5,
    "ndcg10": 0.48578726389406496,
    "ndcg_at_4": 0.4733834825680338,
    "ndcg_at_12": 0.5295465150267192,
    "ndcg_at_16": 0.5295275653101092,
    "ndcg_at_20": 0.5330528229970148,
    "roc_auc_upset": 0.7946428571428571,
    "rank_mae_pred_vs_playoff_final_results": 6.866666793823242,
    "rank_rmse_pred_vs_playoff_final_results": 8.801514625549316,
    "rank_mae_eos_standings_vs_playoff_final_results": 3.1333333333333333,
    "rank_rmse_eos_standings_vs_playoff_final_results": 4.449719092257398,
    "playoff_metrics": {
      "spearman_pred_vs_playoff_final_results": 0.48209121245828696,
      "ndcg_at_4_final_four": 0.4733834825680338,
      "ndcg10_pred_vs_playoff_final_results": 0.48577664957733346,
      "brier_championship_odds": 0.03222232684493065,
      "rank_mae_pred_vs_playoff_final_results": 6.866666793823242,
      "rank_rmse_pred_vs_playoff_final_results": 8.801514625549316,
      "rank_mae_eos_standings_vs_playoff_final_results": 3.1333333333333333,
      "rank_rmse_eos_standings_vs_playoff_final_results": 4.449719092257398
    }
  },
  "test_metrics_model_a": {
    "ndcg": 0.48578726389406496,
    "spearman": 0.4829810901001112,
    "mrr_top2": 0.5,
    "mrr_top4": 0.5,
    "ndcg10": 0.48578726389406496,
    "ndcg_at_4": 0.4733834825680338,
    "ndcg_at_12": 0.5295465150267192,
    "ndcg_at_16": 0.5295275653101092,
    "ndcg_at_20": 0.5330528229970148,
    "roc_auc_upset": 0.7946428571428571
  },
  "test_metrics_model_b": {
    "ndcg": 0.20442800692315669,
    "spearman": 0.6605116796440489,
    "mrr_top2": 0.16666666666666666,
    "mrr_top4": 0.16666666666666666,
    "ndcg10": 0.20442800692315669,
    "ndcg_at_4": 0.04166423104576856,
    "ndcg_at_12": 0.3799631906076985,
    "ndcg_at_16": 0.4003258840651415,
    "ndcg_at_20": 0.4003289299212839,
    "roc_auc_upset": 0.7194570135746606
  },
  "test_metrics_model_c": {
    "ndcg": 0.05139534647930671,
    "spearman": 0.3050055617352614,
    "mrr_top2": 0.06666666666666667,
    "mrr_top4": 0.2,
    "ndcg10": 0.05139534647930671,
    "ndcg_at_4": 0.0072603807417201014,
    "ndcg_at_12": 0.05704448895120833,
    "ndcg_at_16": 0.1779607433491712,
    "ndcg_at_20": 0.18035846395567354,
    "roc_auc_upset": 0.8258928571428571
  },
  "test_metrics_by_conference": {
    "E": {
      "ndcg": 0.2981447129982642,
      "spearman": 0.3
    },
    "W": {
      "ndcg": 0.7728975634578972,
      "spearman": 0.7178571428571427
    }
  },
  "notes": {
    "eos_rank_source": "eos_final_rank"
  }
}