{
  "test_metrics_ensemble": {
    "ndcg": 0.5692563492441197,
    "spearman": 0.4113459399332592,
    "mrr_top2": 1.0,
    "mrr_top4": 1.0,
    "ndcg10": 0.5692563492441197,
    "ndcg_at_4": 0.35315119534797357,
    "ndcg_at_12": 0.6144119832493391,
    "ndcg_at_16": 0.6156348168351758,
    "ndcg_at_20": 0.6162499114150577,
    "roc_auc_upset": 0.7782805429864253,
    "rank_mae_pred_vs_playoff_final_results": 7.4666666984558105,
    "rank_rmse_pred_vs_playoff_final_results": 9.391485214233398,
    "rank_mae_eos_standings_vs_playoff_final_results": 3.7333333333333334,
    "rank_rmse_eos_standings_vs_playoff_final_results": 6.093712606722878,
    "playoff_metrics": {
      "spearman_pred_vs_playoff_final_results": 0.46785317018909905,
      "ndcg_at_4_final_four": 0.35315119534797357,
      "ndcg10_pred_vs_playoff_final_results": 0.569261361312701,
      "brier_championship_odds": 0.03222232684493065,
      "rank_mae_pred_vs_playoff_final_results": 7.4666666984558105,
      "rank_rmse_pred_vs_playoff_final_results": 9.391485214233398,
      "rank_mae_eos_standings_vs_playoff_final_results": 3.7333333333333334,
      "rank_rmse_eos_standings_vs_playoff_final_results": 6.093712606722878
    }
  },
  "test_metrics_model_a": {
    "ndcg": 0.5692563492441197,
    "spearman": 0.4113459399332592,
    "mrr_top2": 1.0,
    "mrr_top4": 1.0,
    "ndcg10": 0.5692563492441197,
    "ndcg_at_4": 0.35315119534797357,
    "ndcg_at_12": 0.6144119832493391,
    "ndcg_at_16": 0.6156348168351758,
    "ndcg_at_20": 0.6162499114150577,
    "roc_auc_upset": 0.7782805429864253
  },
  "test_metrics_model_b": {
    "ndcg": 0.5580964353753605,
    "spearman": 0.44382647385984425,
    "mrr_top2": 0.5,
    "mrr_top4": 0.5,
    "ndcg10": 0.5580964353753605,
    "ndcg_at_4": 0.4437410146181249,
    "ndcg_at_12": 0.5580576756293004,
    "ndcg_at_16": 0.5977457996118576,
    "ndcg_at_20": 0.602521958136579,
    "roc_auc_upset": 0.8035714285714286
  },
  "test_metrics_model_c": {
    "ndcg": 0.333487026575135,
    "spearman": 0.23159065628476083,
    "mrr_top2": 0.16666666666666666,
    "mrr_top4": 0.16666666666666666,
    "ndcg10": 0.333487026575135,
    "ndcg_at_4": 0.0011069724610271625,
    "ndcg_at_12": 0.33890731926775686,
    "ndcg_at_16": 0.35966393831396193,
    "ndcg_at_20": 0.3699999322309346,
    "roc_auc_upset": 0.7633928571428571
  },
  "test_metrics_by_conference": {
    "E": {
      "ndcg": 0.4050499105369627,
      "spearman": 0.23928571428571427
    },
    "W": {
      "ndcg": 0.9222155340414375,
      "spearman": 0.5285714285714286
    }
  },
  "notes": {
    "eos_rank_source": "eos_final_rank"
  }
}