{
  "test_metrics_ensemble": {
    "ndcg": 0.5404951442088172,
    "spearman": 0.38598442714126807,
    "mrr_top2": 1.0,
    "mrr_top4": 1.0,
    "ndcg10": 0.5404951442088172,
    "ndcg_at_4": 0.35315119534797357,
    "ndcg_at_12": 0.5856583328385747,
    "ndcg_at_16": 0.5875343330808609,
    "ndcg_at_20": 0.587541163177672,
    "roc_auc_upset": 0.7918552036199096,
    "rank_mae_pred_vs_playoff_final_results": 7.666666507720947,
    "rank_rmse_pred_vs_playoff_final_results": 9.591663360595703,
    "rank_mae_eos_standings_vs_playoff_final_results": 3.7333333333333334,
    "rank_rmse_eos_standings_vs_playoff_final_results": 6.093712606722878,
    "playoff_metrics": {
      "spearman_pred_vs_playoff_final_results": 0.4153503893214683,
      "ndcg_at_4_final_four": 0.35315119534797357,
      "ndcg10_pred_vs_playoff_final_results": 0.5405006797052259,
      "brier_championship_odds": 0.03222232684493065,
      "rank_mae_pred_vs_playoff_final_results": 7.666666507720947,
      "rank_rmse_pred_vs_playoff_final_results": 9.591663360595703,
      "rank_mae_eos_standings_vs_playoff_final_results": 3.7333333333333334,
      "rank_rmse_eos_standings_vs_playoff_final_results": 6.093712606722878
    }
  },
  "test_metrics_model_a": {
    "ndcg": 0.39962741426695436,
    "spearman": 0.3797552836484983,
    "mrr_top2": 1.0,
    "mrr_top4": 1.0,
    "ndcg10": 0.39962741426695436,
    "ndcg_at_4": 0.35315119534797357,
    "ndcg_at_12": 0.580727010521052,
    "ndcg_at_16": 0.5826033890251645,
    "ndcg_at_20": 0.5826100810522451,
    "roc_auc_upset": 0.7963800904977376
  },
  "test_metrics_model_b": {
    "ndcg": 0.6258922332818463,
    "spearman": 0.5007786429365962,
    "mrr_top2": 0.5,
    "mrr_top4": 0.5,
    "ndcg10": 0.6258922332818463,
    "ndcg_at_4": 0.4589454418134188,
    "ndcg_at_12": 0.6257285019281718,
    "ndcg_at_16": 0.6257833079226888,
    "ndcg_at_20": 0.6304065098226247,
    "roc_auc_upset": 0.7239819004524887
  },
  "test_metrics_model_c": {
    "ndcg": 0.333487026575135,
    "spearman": 0.2382647385984427,
    "mrr_top2": 0.16666666666666666,
    "mrr_top4": 0.16666666666666666,
    "ndcg10": 0.333487026575135,
    "ndcg_at_4": 0.0011069724610271625,
    "ndcg_at_12": 0.33890731926775686,
    "ndcg_at_16": 0.3602072243020767,
    "ndcg_at_20": 0.37054321582955735,
    "roc_auc_upset": 0.7589285714285714
  },
  "test_metrics_by_conference": {
    "E": {
      "ndcg": 0.3851402749883562,
      "spearman": 0.25357142857142856
    },
    "W": {
      "ndcg": 0.9223374593894513,
      "spearman": 0.5464285714285714
    }
  },
  "notes": {
    "eos_rank_source": "eos_final_rank"
  }
}