{
  "test_metrics_ensemble": {
    "ndcg": 0.5312362591009946,
    "spearman": 0.5038932146829811,
    "mrr_top2": 0.5,
    "mrr_top4": 0.5,
    "ndcg10": 0.5312362591009946,
    "ndcg_at_4": 0.4645175546554888,
    "ndcg_at_12": 0.5314402722900939,
    "ndcg_at_16": 0.5326632474526353,
    "ndcg_at_20": 0.5350136972862701,
    "roc_auc_upset": 0.7544642857142857,
    "rank_mae_pred_vs_playoff_final_results": 6.800000190734863,
    "rank_rmse_pred_vs_playoff_final_results": 8.621678352355957,
    "rank_mae_eos_standings_vs_playoff_final_results": 3.1333333333333333,
    "rank_rmse_eos_standings_vs_playoff_final_results": 4.449719092257398,
    "playoff_metrics": {
      "spearman_pred_vs_playoff_final_results": 0.5056729699666296,
      "ndcg_at_4_final_four": 0.4645175546554888,
      "ndcg10_pred_vs_playoff_final_results": 0.5312256458223015,
      "brier_championship_odds": 0.03222232684493065,
      "rank_mae_pred_vs_playoff_final_results": 6.800000190734863,
      "rank_rmse_pred_vs_playoff_final_results": 8.621678352355957,
      "rank_mae_eos_standings_vs_playoff_final_results": 3.1333333333333333,
      "rank_rmse_eos_standings_vs_playoff_final_results": 4.449719092257398
    }
  },
  "test_metrics_model_a": {
    "ndcg": 0.5312362591009946,
    "spearman": 0.49543937708565067,
    "mrr_top2": 0.5,
    "mrr_top4": 0.5,
    "ndcg10": 0.5312362591009946,
    "ndcg_at_4": 0.4645175546554888,
    "ndcg_at_12": 0.5314402722900939,
    "ndcg_at_16": 0.5314217560732173,
    "ndcg_at_20": 0.5349891463385436,
    "roc_auc_upset": 0.7589285714285714
  },
  "test_metrics_model_b": {
    "ndcg": 0.18958334964093326,
    "spearman": 0.567964404894327,
    "mrr_top2": 0.2,
    "mrr_top4": 0.2,
    "ndcg10": 0.18958334964093326,
    "ndcg_at_4": 0.04029517653159447,
    "ndcg_at_12": 0.23491906924130845,
    "ndcg_at_16": 0.23495205412554646,
    "ndcg_at_20": 0.23495193696543254,
    "roc_auc_upset": 0.7511312217194569
  },
  "test_metrics_model_c": {
    "ndcg": 0.05139534647930671,
    "spearman": 0.3050055617352614,
    "mrr_top2": 0.06666666666666667,
    "mrr_top4": 0.2,
    "ndcg10": 0.05139534647930671,
    "ndcg_at_4": 0.0072603807417201014,
    "ndcg_at_12": 0.05704448895120833,
    "ndcg_at_16": 0.1779607433491712,
    "ndcg_at_20": 0.18035846395567354,
    "roc_auc_upset": 0.8258928571428571
  },
  "test_metrics_by_conference": {
    "E": {
      "ndcg": 0.26248772319829716,
      "spearman": 0.2714285714285714
    },
    "W": {
      "ndcg": 0.7505337657243399,
      "spearman": 0.6857142857142856
    }
  },
  "notes": {
    "eos_rank_source": "eos_final_rank"
  }
}