{
  "notes": {
    "eval_on": "test",
    "eos_rank_source": "eos_final_rank",
    "upset_definition": "sleeper = EOS_global_rank > predicted_strength",
    "mrr_top2": "1/rank of first team in top 2 (champion+runner-up) in predicted order.",
    "mrr_top4": "1/rank of first team in top 4 (conference finals) in predicted order.",
    "per_conference_relevance": "Within E/W: actual rank derived from EOS_global_rank (1=best in conf); NDCG/Spearman use this relevance.",
    "playoff_metrics": "Spearman (pred global vs playoff_final_results), NDCG@4 (final four), Brier (champion vs odds). rank_mae/rank_rmse: pred vs playoff_final_results; eos_standings vs playoff_final_results (baseline)."
  },
  "split_info": {
    "train_frac": 0.75,
    "n_train_dates": 141,
    "n_test_dates": 36,
    "split_mode": "seasons"
  },
  "test_metrics_ensemble": {
    "ndcg": 0.5321186612648668,
    "spearman": 0.4887652947719689,
    "mrr_top2": 0.5,
    "mrr_top4": 0.5,
    "ndcg10": 0.5321186612648668,
    "ndcg_at_4": 0.4730771425813168,
    "ndcg_at_12": 0.5323334651795202,
    "ndcg_at_16": 0.5323143281906039,
    "ndcg_at_20": 0.5358817099732038,
    "roc_auc_upset": 0.7901785714285714,
    "rank_mae_pred_vs_playoff_final_results": 6.800000190734863,
    "rank_rmse_pred_vs_playoff_final_results": 8.752142906188965,
    "rank_mae_eos_standings_vs_playoff_final_results": 3.1333333333333333,
    "rank_rmse_eos_standings_vs_playoff_final_results": 4.449719092257398,
    "playoff_metrics": {
      "spearman_pred_vs_playoff_final_results": 0.48609566184649605,
      "ndcg_at_4_final_four": 0.47306182558198095,
      "ndcg10_pred_vs_playoff_final_results": 0.532103771042736,
      "brier_championship_odds": 0.03222232684493065,
      "rank_mae_pred_vs_playoff_final_results": 6.800000190734863,
      "rank_rmse_pred_vs_playoff_final_results": 8.752142906188965,
      "rank_mae_eos_standings_vs_playoff_final_results": 3.1333333333333333,
      "rank_rmse_eos_standings_vs_playoff_final_results": 4.449719092257398
    }
  },
  "test_metrics_model_a": {
    "ndcg": 0.5321158281121449,
    "spearman": 0.4838709677419355,
    "mrr_top2": 0.5,
    "mrr_top4": 0.5,
    "ndcg10": 0.5321158281121449,
    "ndcg_at_4": 0.4730771425813168,
    "ndcg_at_12": 0.5323306327709744,
    "ndcg_at_16": 0.5323114959993207,
    "ndcg_at_20": 0.5358788777943773,
    "roc_auc_upset": 0.7901785714285714
  },
  "test_metrics_model_b": {
    "ndcg": 0.3733055516813323,
    "spearman": 0.6040044493882092,
    "mrr_top2": 0.16666666666666666,
    "mrr_top4": 0.16666666666666666,
    "ndcg10": 0.3733055516813323,
    "ndcg_at_4": 0.04166423104576856,
    "ndcg_at_12": 0.4170950392879396,
    "ndcg_at_16": 0.4390232541487177,
    "ndcg_at_20": 0.4390260253840727,
    "roc_auc_upset": 0.7239819004524887
  },
  "test_metrics_model_c": {
    "ndcg": 0.05124995751403931,
    "spearman": 0.307230255839822,
    "mrr_top2": 0.0625,
    "mrr_top4": 0.2,
    "ndcg10": 0.05124995751403931,
    "ndcg_at_4": 0.00711064040423231,
    "ndcg_at_12": 0.056899138174850025,
    "ndcg_at_16": 0.1769467286075223,
    "ndcg_at_20": 0.17934460063934335,
    "roc_auc_upset": 0.8214285714285714
  },
  "test_metrics_by_conference": {
    "E": {
      "ndcg": 0.27932034467411837,
      "spearman": 0.2714285714285714
    },
    "W": {
      "ndcg": 0.7524991469189859,
      "spearman": 0.7071428571428571
    }
  },
  "by_season": {
    "2023-24": {
      "test_metrics_ensemble": {
        "ndcg": 0.5585300489417686,
        "spearman": 0.37619577308120133,
        "mrr_top2": 1.0,
        "mrr_top4": 1.0,
        "ndcg10": 0.5585300489417686,
        "ndcg_at_4": 0.35315119534797357,
        "ndcg_at_12": 0.5583902101585478,
        "ndcg_at_16": 0.6022665508642199,
        "ndcg_at_20": 0.6028612703096206,
        "roc_auc_upset": 0.7194570135746606,
        "rank_mae_pred_vs_playoff_final_results": 7.666666507720947,
        "rank_rmse_pred_vs_playoff_final_results": 9.667816162109375,
        "rank_mae_eos_standings_vs_playoff_final_results": 3.7333333333333334,
        "rank_rmse_eos_standings_vs_playoff_final_results": 6.093712606722878,
        "playoff_metrics": {
          "spearman_pred_vs_playoff_final_results": 0.4282536151279199,
          "ndcg_at_4_final_four": 0.35315119534797357,
          "ndcg10_pred_vs_playoff_final_results": 0.5585352982410553,
          "brier_championship_odds": 0.03222232684493065,
          "rank_mae_pred_vs_playoff_final_results": 7.666666507720947,
          "rank_rmse_pred_vs_playoff_final_results": 9.667816162109375,
          "rank_mae_eos_standings_vs_playoff_final_results": 3.7333333333333334,
          "rank_rmse_eos_standings_vs_playoff_final_results": 6.093712606722878
        }
      },
      "test_metrics_model_a": {
        "ndcg": 0.5585300489417686,
        "spearman": 0.37619577308120133,
        "mrr_top2": 1.0,
        "mrr_top4": 1.0,
        "ndcg10": 0.5585300489417686,
        "ndcg_at_4": 0.35315119534797357,
        "ndcg_at_12": 0.5583902101585478,
        "ndcg_at_16": 0.6022665508642199,
        "ndcg_at_20": 0.6028612703096206,
        "roc_auc_upset": 0.7194570135746606
      },
      "test_metrics_model_b": {
        "ndcg": 0.7074819605687269,
        "spearman": 0.34060066740823136,
        "mrr_top2": 1.0,
        "mrr_top4": 1.0,
        "ndcg10": 0.7074819605687269,
        "ndcg_at_4": 0.7261751187226982,
        "ndcg_at_12": 0.7950905682191616,
        "ndcg_at_16": 0.7951143699611446,
        "ndcg_at_20": 0.8333404538821001,
        "roc_auc_upset": 0.8035714285714286
      },
      "test_metrics_model_c": {
        "ndcg": 0.333487026575135,
        "spearman": 0.23159065628476083,
        "mrr_top2": 0.16666666666666666,
        "mrr_top4": 0.16666666666666666,
        "ndcg10": 0.333487026575135,
        "ndcg_at_4": 0.0011069724610271625,
        "ndcg_at_12": 0.33890731926775686,
        "ndcg_at_16": 0.35966393831396193,
        "ndcg_at_20": 0.3699999322309346,
        "roc_auc_upset": 0.7633928571428571
      },
      "test_metrics_by_conference": {
        "E": {
          "ndcg": 0.38320669373549215,
          "spearman": 0.19999999999999998
        },
        "W": {
          "ndcg": 0.9111477815426928,
          "spearman": 0.47857142857142854
        }
      },
      "notes": {
        "eos_rank_source": "eos_final_rank"
      }
    },
    "2024-25": {
      "test_metrics_ensemble": {
        "ndcg": 0.5321186612648668,
        "spearman": 0.4887652947719689,
        "mrr_top2": 0.5,
        "mrr_top4": 0.5,
        "ndcg10": 0.5321186612648668,
        "ndcg_at_4": 0.4730771425813168,
        "ndcg_at_12": 0.5323334651795202,
        "ndcg_at_16": 0.5323143281906039,
        "ndcg_at_20": 0.5358817099732038,
        "roc_auc_upset": 0.7901785714285714,
        "rank_mae_pred_vs_playoff_final_results": 6.800000190734863,
        "rank_rmse_pred_vs_playoff_final_results": 8.752142906188965,
        "rank_mae_eos_standings_vs_playoff_final_results": 3.1333333333333333,
        "rank_rmse_eos_standings_vs_playoff_final_results": 4.449719092257398,
        "playoff_metrics": {
          "spearman_pred_vs_playoff_final_results": 0.48609566184649605,
          "ndcg_at_4_final_four": 0.47306182558198095,
          "ndcg10_pred_vs_playoff_final_results": 0.532103771042736,
          "brier_championship_odds": 0.03222232684493065,
          "rank_mae_pred_vs_playoff_final_results": 6.800000190734863,
          "rank_rmse_pred_vs_playoff_final_results": 8.752142906188965,
          "rank_mae_eos_standings_vs_playoff_final_results": 3.1333333333333333,
          "rank_rmse_eos_standings_vs_playoff_final_results": 4.449719092257398
        }
      },
      "test_metrics_model_a": {
        "ndcg": 0.5321158281121449,
        "spearman": 0.4838709677419355,
        "mrr_top2": 0.5,
        "mrr_top4": 0.5,
        "ndcg10": 0.5321158281121449,
        "ndcg_at_4": 0.4730771425813168,
        "ndcg_at_12": 0.5323306327709744,