{
  "test_metrics_ensemble": {
    "ndcg": 0.5953937735575756,
    "spearman": 0.418020022246941,
    "mrr_top2": 1.0,
    "mrr_top4": 1.0,
    "ndcg10": 0.5953937735575756,
    "ndcg_at_4": 0.3560053866302678,
    "ndcg_at_12": 0.5952427406958974,
    "ndcg_at_16": 0.5964671015079192,
    "ndcg_at_20": 0.5970708189403836,
    "roc_auc_upset": 0.6968325791855203,
    "rank_mae_pred_vs_playoff_final_results": 7.333333492279053,
    "rank_rmse_pred_vs_playoff_final_results": 9.338093757629395,
    "rank_mae_eos_standings_vs_playoff_final_results": 3.7333333333333334,
    "rank_rmse_eos_standings_vs_playoff_final_results": 6.093712606722878,
    "playoff_metrics": {
      "spearman_pred_vs_playoff_final_results": 0.4509454949944383,
      "ndcg_at_4_final_four": 0.3560053866302678,
      "ndcg10_pred_vs_playoff_final_results": 0.5953930544032495,
      "brier_championship_odds": 0.03222232684493065,
      "rank_mae_pred_vs_playoff_final_results": 7.333333492279053,
      "rank_rmse_pred_vs_playoff_final_results": 9.338093757629395,
      "rank_mae_eos_standings_vs_playoff_final_results": 3.7333333333333334,
      "rank_rmse_eos_standings_vs_playoff_final_results": 6.093712606722878
    }
  },
  "test_metrics_model_a": {
    "ndcg": 0.5953937735575756,
    "spearman": 0.418020022246941,
    "mrr_top2": 1.0,
    "mrr_top4": 1.0,
    "ndcg10": 0.5953937735575756,
    "ndcg_at_4": 0.3560053866302678,
    "ndcg_at_12": 0.5952427406958974,
    "ndcg_at_16": 0.5964671015079192,
    "ndcg_at_20": 0.5970708189403836,
    "roc_auc_upset": 0.6968325791855203
  },
  "test_metrics_model_b": {
    "ndcg": 0.8007618939783429,
    "spearman": 0.39221357063403783,
    "mrr_top2": 1.0,
    "mrr_top4": 1.0,
    "ndcg10": 0.8007618939783429,
    "ndcg_at_4": 0.705915834267812,
    "ndcg_at_12": 0.8006372965379145,
    "ndcg_at_16": 0.8005791788991324,
    "ndcg_at_20": 0.8423242322365412,
    "roc_auc_upset": 0.7453703703703705
  },
  "test_metrics_model_c": {
    "ndcg": 0.333487026575135,
    "spearman": 0.2382647385984427,
    "mrr_top2": 0.16666666666666666,
    "mrr_top4": 0.16666666666666666,
    "ndcg10": 0.333487026575135,
    "ndcg_at_4": 0.0011069724610271625,
    "ndcg_at_12": 0.33890731926775686,
    "ndcg_at_16": 0.3602072243020767,
    "ndcg_at_20": 0.37054321582955735,
    "roc_auc_upset": 0.7589285714285714
  },
  "test_metrics_by_conference": {
    "E": {
      "ndcg": 0.38369169619137905,
      "spearman": 0.24642857142857136
    },
    "W": {
      "ndcg": 0.945581738158115,
      "spearman": 0.5892857142857142
    }
  },
  "notes": {
    "eos_rank_source": "eos_final_rank"
  }
}