{
  "test_metrics_ensemble": {
    "ndcg": 0.5390251501263188,
    "spearman": 0.47541713014460507,
    "mrr_top2": 0.5,
    "mrr_top4": 0.5,
    "ndcg10": 0.5390251501263188,
    "ndcg_at_4": 0.5000767305846443,
    "ndcg_at_12": 0.5392271174293993,
    "ndcg_at_16": 0.540449495294487,
    "ndcg_at_20": 0.5427954021741379,
    "roc_auc_upset": 0.6977777777777778,
    "rank_mae_pred_vs_playoff_final_results": 6.800000190734863,
    "rank_rmse_pred_vs_playoff_final_results": 8.8656644821167,
    "rank_mae_eos_standings_vs_playoff_final_results": 3.1333333333333333,
    "rank_rmse_eos_standings_vs_playoff_final_results": 4.449719092257398,
    "playoff_metrics": {
      "spearman_pred_vs_playoff_final_results": 0.46651835372636263,
      "ndcg_at_4_final_four": 0.50007670066863,
      "ndcg10_pred_vs_playoff_final_results": 0.5390152064824997,
      "brier_championship_odds": 0.03222232684493065,
      "rank_mae_pred_vs_playoff_final_results": 6.800000190734863,
      "rank_rmse_pred_vs_playoff_final_results": 8.8656644821167,
      "rank_mae_eos_standings_vs_playoff_final_results": 3.1333333333333333,
      "rank_rmse_eos_standings_vs_playoff_final_results": 4.449719092257398
    }
  },
  "test_metrics_model_a": {
    "ndcg": 0.5390251501263188,
    "spearman": 0.46562847608453833,
    "mrr_top2": 0.5,
    "mrr_top4": 0.5,
    "ndcg10": 0.5390251501263188,
    "ndcg_at_4": 0.5000767305846443,
    "ndcg_at_12": 0.5392271174293993,
    "ndcg_at_16": 0.5392080039150691,
    "ndcg_at_20": 0.5427708512264113,
    "roc_auc_upset": 0.7022222222222223
  },
  "test_metrics_model_b": {
    "ndcg": 0.21633419895461262,
    "spearman": 0.6115684093437151,
    "mrr_top2": 0.2,
    "mrr_top4": 0.2,
    "ndcg10": 0.21633419895461262,
    "ndcg_at_4": 0.04166423104576856,
    "ndcg_at_12": 0.216374149408454,
    "ndcg_at_16": 0.39560728271922196,
    "ndcg_at_20": 0.39560642446119954,
    "roc_auc_upset": 0.7678571428571429
  },
  "test_metrics_model_c": {
    "ndcg": 0.05139534647930671,
    "spearman": 0.3050055617352614,
    "mrr_top2": 0.06666666666666667,
    "mrr_top4": 0.2,
    "ndcg10": 0.05139534647930671,
    "ndcg_at_4": 0.0072603807417201014,
    "ndcg_at_12": 0.05704448895120833,
    "ndcg_at_16": 0.1779607433491712,
    "ndcg_at_20": 0.18035846395567354,
    "roc_auc_upset": 0.8258928571428571
  },
  "test_metrics_by_conference": {
    "E": {
      "ndcg": 0.24264247242260595,
      "spearman": 0.16428571428571426
    },
    "W": {
      "ndcg": 0.7723538271486643,
      "spearman": 0.7142857142857142
    }
  },
  "notes": {
    "eos_rank_source": "eos_final_rank"
  }
}