{
  "test_metrics_ensemble": {
    "ndcg": 0.40028446686327296,
    "spearman": 0.3913236929922136,
    "mrr_top2": 1.0,
    "mrr_top4": 1.0,
    "ndcg10": 0.40028446686327296,
    "ndcg_at_4": 0.35315119534797357,
    "ndcg_at_12": 0.5757239680713879,
    "ndcg_at_16": 0.5776006678973147,
    "ndcg_at_20": 0.5775982558945247,
    "roc_auc_upset": 0.7685185185185185,
    "rank_mae_pred_vs_playoff_final_results": 7.733333110809326,
    "rank_rmse_pred_vs_playoff_final_results": 9.5498685836792,
    "rank_mae_eos_standings_vs_playoff_final_results": 3.7333333333333334,
    "rank_rmse_eos_standings_vs_playoff_final_results": 6.093712606722878,
    "playoff_metrics": {
      "spearman_pred_vs_playoff_final_results": 0.4242491657397108,
      "ndcg_at_4_final_four": 0.35315119534797357,
      "ndcg10_pred_vs_playoff_final_results": 0.4002790561481954,
      "brier_championship_odds": 0.03222232684493065,
      "rank_mae_pred_vs_playoff_final_results": 7.733333110809326,
      "rank_rmse_pred_vs_playoff_final_results": 9.5498685836792,
      "rank_mae_eos_standings_vs_playoff_final_results": 3.7333333333333334,
      "rank_rmse_eos_standings_vs_playoff_final_results": 6.093712606722878
    }
  },
  "test_metrics_model_a": {
    "ndcg": 0.40028446686327296,
    "spearman": 0.3882091212458286,
    "mrr_top2": 1.0,
    "mrr_top4": 1.0,
    "ndcg10": 0.40028446686327296,
    "ndcg_at_4": 0.35315119534797357,
    "ndcg_at_12": 0.5757239680713879,
    "ndcg_at_16": 0.5776006678973147,
    "ndcg_at_20": 0.5775982558945247,
    "roc_auc_upset": 0.7685185185185185
  },
  "test_metrics_model_b": {
    "ndcg": 0.8259964667742442,
    "spearman": 0.44382647385984425,
    "mrr_top2": 1.0,
    "mrr_top4": 1.0,
    "ndcg10": 0.8259964667742442,
    "ndcg_at_4": 0.729074614628521,
    "ndcg_at_12": 0.8258686501073759,
    "ndcg_at_16": 0.8309033653893058,
    "ndcg_at_20": 0.8309042350080464,
    "roc_auc_upset": 0.8571428571428571
  },
  "test_metrics_model_c": {
    "ndcg": 0.333487026575135,
    "spearman": 0.23159065628476083,
    "mrr_top2": 0.16666666666666666,
    "mrr_top4": 0.16666666666666666,
    "ndcg10": 0.333487026575135,
    "ndcg_at_4": 0.0011069724610271625,
    "ndcg_at_12": 0.33890731926775686,
    "ndcg_at_16": 0.35966393831396193,
    "ndcg_at_20": 0.3699999322309346,
    "roc_auc_upset": 0.7633928571428571
  },
  "test_metrics_by_conference": {
    "E": {
      "ndcg": 0.38504331979094114,
      "spearman": 0.23571428571428568
    },
    "W": {
      "ndcg": 0.9189500827993174,
      "spearman": 0.5357142857142856
    }
  },
  "notes": {
    "eos_rank_source": "eos_final_rank"
  }
}