{
  "test_metrics_ensemble": {
    "ndcg": 0.493185045922749,
    "spearman": 0.5141268075639599,
    "mrr_top2": 0.5,
    "mrr_top4": 0.5,
    "ndcg10": 0.493185045922749,
    "ndcg_at_4": 0.5004034533491234,
    "ndcg_at_12": 0.5369416842813848,
    "ndcg_at_16": 0.5369227460734045,
    "ndcg_at_20": 0.5404856034358165,
    "roc_auc_upset": 0.7688888888888888,
    "rank_mae_pred_vs_playoff_final_results": 6.666666507720947,
    "rank_rmse_pred_vs_playoff_final_results": 8.532291412353516,
    "rank_mae_eos_standings_vs_playoff_final_results": 3.1333333333333333,
    "rank_rmse_eos_standings_vs_playoff_final_results": 4.449719092257398,
    "playoff_metrics": {
      "spearman_pred_vs_playoff_final_results": 0.5159065628476084,
      "ndcg_at_4_final_four": 0.5004034533491234,
      "ndcg10_pred_vs_playoff_final_results": 0.493173002085787,
      "brier_championship_odds": 0.03222232684493065,
      "rank_mae_pred_vs_playoff_final_results": 6.666666507720947,
      "rank_rmse_pred_vs_playoff_final_results": 8.532291412353516,
      "rank_mae_eos_standings_vs_playoff_final_results": 3.1333333333333333,
      "rank_rmse_eos_standings_vs_playoff_final_results": 4.449719092257398
    }
  },
  "test_metrics_model_a": {
    "ndcg": 0.49282789428933244,
    "spearman": 0.5114571746384872,
    "mrr_top2": 0.5,
    "mrr_top4": 0.5,
    "ndcg10": 0.49282789428933244,
    "ndcg_at_4": 0.5004034533491234,
    "ndcg_at_12": 0.5365846264599796,
    "ndcg_at_16": 0.5365657156404633,
    "ndcg_at_20": 0.5401285745731742,
    "roc_auc_upset": 0.7733333333333333
  },
  "test_metrics_model_b": {
    "ndcg": 0.22684841108198367,
    "spearman": 0.6040044493882092,
    "mrr_top2": 0.25,
    "mrr_top4": 0.25,
    "ndcg10": 0.22684841108198367,
    "ndcg_at_4": 0.16775742802418675,
    "ndcg_at_12": 0.22679988725577524,
    "ndcg_at_16": 0.4060755645509665,
    "ndcg_at_20": 0.4061166760141019,
    "roc_auc_upset": 0.7410714285714286
  },
  "test_metrics_model_c": {
    "ndcg": 0.05139534647930671,
    "spearman": 0.3050055617352614,
    "mrr_top2": 0.06666666666666667,
    "mrr_top4": 0.2,
    "ndcg10": 0.05139534647930671,
    "ndcg_at_4": 0.0072603807417201014,
    "ndcg_at_12": 0.05704448895120833,
    "ndcg_at_16": 0.1779607433491712,
    "ndcg_at_20": 0.18035846395567354,
    "roc_auc_upset": 0.8258928571428571
  },
  "test_metrics_by_conference": {
    "E": {
      "ndcg": 0.2666291325196506,
      "spearman": 0.2571428571428571
    },
    "W": {
      "ndcg": 0.7729372505482254,
      "spearman": 0.7178571428571427
    }
  },
  "notes": {
    "eos_rank_source": "eos_final_rank"
  }
}