{
  "test_metrics_ensemble": {
    "ndcg": 0.4845852799803583,
    "spearman": 0.5083426028921022,
    "mrr_top2": 0.5,
    "mrr_top4": 0.5,
    "ndcg10": 0.4845852799803583,
    "ndcg_at_4": 0.4643519436832566,
    "ndcg_at_12": 0.5297584667486547,
    "ndcg_at_16": 0.5309815709157093,
    "ndcg_at_20": 0.5333684272394813,
    "roc_auc_upset": 0.7544642857142857,
    "rank_mae_pred_vs_playoff_final_results": 6.800000190734863,
    "rank_rmse_pred_vs_playoff_final_results": 8.582928657531738,
    "rank_mae_eos_standings_vs_playoff_final_results": 3.1333333333333333,
    "rank_rmse_eos_standings_vs_playoff_final_results": 4.449719092257398,
    "playoff_metrics": {
      "spearman_pred_vs_playoff_final_results": 0.5021134593993326,
      "ndcg_at_4_final_four": 0.46433662668392073,
      "ndcg10_pred_vs_playoff_final_results": 0.48457038975822747,
      "brier_championship_odds": 0.03222232684493065,
      "rank_mae_pred_vs_playoff_final_results": 6.800000190734863,
      "rank_rmse_pred_vs_playoff_final_results": 8.582928657531738,
      "rank_mae_eos_standings_vs_playoff_final_results": 3.1333333333333333,
      "rank_rmse_eos_standings_vs_playoff_final_results": 4.449719092257398
    }
  },
  "test_metrics_model_a": {
    "ndcg": 0.4845852799803583,
    "spearman": 0.5003337041156841,
    "mrr_top2": 0.5,
    "mrr_top4": 0.5,
    "ndcg10": 0.4845852799803583,
    "ndcg_at_4": 0.4643519436832566,
    "ndcg_at_12": 0.5297584667486547,
    "ndcg_at_16": 0.5309815709157093,
    "ndcg_at_20": 0.5333275195871903,
    "roc_auc_upset": 0.7589285714285714
  },
  "test_metrics_model_b": {
    "ndcg": 0.1575292919018129,
    "spearman": 0.5136818687430478,
    "mrr_top2": 0.16666666666666666,
    "mrr_top4": 0.16666666666666666,
    "ndcg10": 0.1575292919018129,
    "ndcg_at_4": 0.04166423104576856,
    "ndcg_at_12": 0.1576192475498448,
    "ndcg_at_16": 0.22055648114525236,
    "ndcg_at_20": 0.22055587409662422,
    "roc_auc_upset": 0.7883597883597884
  },
  "test_metrics_model_c": {
    "ndcg": 0.05304264223120525,
    "spearman": 0.31790878754171303,
    "mrr_top2": 0.0625,
    "mrr_top4": 0.2,
    "ndcg10": 0.05304264223120525,
    "ndcg_at_4": 0.0072603807417201014,
    "ndcg_at_12": 0.058691352012581785,
    "ndcg_at_16": 0.17873880497176609,
    "ndcg_at_20": 0.18113652215618123,
    "roc_auc_upset": 0.8169642857142857
  },
  "test_metrics_by_conference": {
    "E": {
      "ndcg": 0.24737794491293497,
      "spearman": 0.25357142857142856
    },
    "W": {
      "ndcg": 0.751117189123901,
      "spearman": 0.7
    }
  },
  "notes": {
    "eos_rank_source": "eos_final_rank"
  }
}