{
  "notes": {
    "eval_on": "test",
    "eos_rank_source": "eos_final_rank",
    "upset_definition": "sleeper = EOS_global_rank > predicted_strength",
    "mrr_top2": "1/rank of first team in top 2 (champion+runner-up) in predicted order.",
    "mrr_top4": "1/rank of first team in top 4 (conference finals) in predicted order.",
    "per_conference_relevance": "Within E/W: actual rank derived from EOS_global_rank (1=best in conf); NDCG/Spearman use this relevance.",
    "playoff_metrics": "Spearman (pred global vs playoff_final_results), NDCG@4 (final four), Brier (champion vs odds). rank_mae/rank_rmse: pred vs playoff_final_results; eos_standings vs playoff_final_results (baseline)."
  },
  "split_info": {
    "train_frac": 0.75,
    "n_train_dates": 141,
    "n_test_dates": 36,
    "split_mode": "seasons"
  },
  "test_metrics_ensemble": {
    "ndcg": 0.4845852799803583,
    "spearman": 0.5083426028921022,
    "mrr_top2": 0.5,
    "mrr_top4": 0.5,
    "ndcg10": 0.4845852799803583,
    "ndcg_at_4": 0.4643519436832566,
    "ndcg_at_12": 0.5297584667486547,
    "ndcg_at_16": 0.5309815709157093,
    "ndcg_at_20": 0.5333684272394813,
    "roc_auc_upset": 0.7544642857142857,
    "rank_mae_pred_vs_playoff_final_results": 6.800000190734863,
    "rank_rmse_pred_vs_playoff_final_results": 8.582928657531738,
    "rank_mae_eos_standings_vs_playoff_final_results": 3.1333333333333333,
    "rank_rmse_eos_standings_vs_playoff_final_results": 4.449719092257398,
    "playoff_metrics": {
      "spearman_pred_vs_playoff_final_results": 0.5021134593993326,
      "ndcg_at_4_final_four": 0.46433662668392073,
      "ndcg10_pred_vs_playoff_final_results": 0.48457038975822747,
      "brier_championship_odds": 0.03222232684493065,
      "rank_mae_pred_vs_playoff_final_results": 6.800000190734863,
      "rank_rmse_pred_vs_playoff_final_results": 8.582928657531738,
      "rank_mae_eos_standings_vs_playoff_final_results": 3.1333333333333333,
      "rank_rmse_eos_standings_vs_playoff_final_results": 4.449719092257398
    }
  },
  "test_metrics_model_a": {
    "ndcg": 0.4845852799803583,
    "spearman": 0.5003337041156841,
    "mrr_top2": 0.5,
    "mrr_top4": 0.5,
    "ndcg10": 0.4845852799803583,
    "ndcg_at_4": 0.4643519436832566,
    "ndcg_at_12": 0.5297584667486547,
    "ndcg_at_16": 0.5309815709157093,
    "ndcg_at_20": 0.5333275195871903,
    "roc_auc_upset": 0.7589285714285714
  },
  "test_metrics_model_b": {
    "ndcg": 0.1575292919018129,
    "spearman": 0.5136818687430478,
    "mrr_top2": 0.16666666666666666,
    "mrr_top4": 0.16666666666666666,
    "ndcg10": 0.1575292919018129,
    "ndcg_at_4": 0.04166423104576856,
    "ndcg_at_12": 0.1576192475498448,
    "ndcg_at_16": 0.22055648114525236,
    "ndcg_at_20": 0.22055587409662422,
    "roc_auc_upset": 0.7883597883597884
  },
  "test_metrics_model_c": {
    "ndcg": 0.05304264223120525,
    "spearman": 0.31790878754171303,
    "mrr_top2": 0.0625,
    "mrr_top4": 0.2,
    "ndcg10": 0.05304264223120525,
    "ndcg_at_4": 0.0072603807417201014,
    "ndcg_at_12": 0.058691352012581785,
    "ndcg_at_16": 0.17873880497176609,
    "ndcg_at_20": 0.18113652215618123,
    "roc_auc_upset": 0.8169642857142857
  },
  "test_metrics_by_conference": {
    "E": {
      "ndcg": 0.24737794491293497,
      "spearman": 0.25357142857142856
    },
    "W": {
      "ndcg": 0.751117189123901,
      "spearman": 0.7
    }
  },
  "by_season": {
    "2023-24": {
      "test_metrics_ensemble": {
        "ndcg": 0.5411482319759596,
        "spearman": 0.3957730812013348,
        "mrr_top2": 1.0,
        "mrr_top4": 1.0,
        "ndcg10": 0.5411482319759596,
        "ndcg_at_4": 0.35315119534797357,
        "ndcg_at_12": 0.584897780140277,
        "ndcg_at_16": 0.5861967152874655,
        "ndcg_at_20": 0.5867914581718628,
        "roc_auc_upset": 0.7737556561085973,
        "rank_mae_pred_vs_playoff_final_results": 7.4666666984558105,
        "rank_rmse_pred_vs_playoff_final_results": 9.514900207519531,
        "rank_mae_eos_standings_vs_playoff_final_results": 3.7333333333333334,
        "rank_rmse_eos_standings_vs_playoff_final_results": 6.093712606722878,
        "playoff_metrics": {
          "spearman_pred_vs_playoff_final_results": 0.47319243604004446,
          "ndcg_at_4_final_four": 0.35315119534797357,
          "ndcg10_pred_vs_playoff_final_results": 0.5411534812752464,
          "brier_championship_odds": 0.03222232684493065,
          "rank_mae_pred_vs_playoff_final_results": 7.4666666984558105,
          "rank_rmse_pred_vs_playoff_final_results": 9.514900207519531,
          "rank_mae_eos_standings_vs_playoff_final_results": 3.7333333333333334,
          "rank_rmse_eos_standings_vs_playoff_final_results": 6.093712606722878
        }
      },
      "test_metrics_model_a": {
        "ndcg": 0.5411482319759596,
        "spearman": 0.3957730812013348,
        "mrr_top2": 1.0,
        "mrr_top4": 1.0,
        "ndcg10": 0.5411482319759596,
        "ndcg_at_4": 0.35315119534797357,
        "ndcg_at_12": 0.584897780140277,
        "ndcg_at_16": 0.5861967152874655,
        "ndcg_at_20": 0.5867914581718628,
        "roc_auc_upset": 0.7737556561085973
      },
      "test_metrics_model_b": {
        "ndcg": 0.5723877499527062,
        "spearman": 0.4638487208008899,
        "mrr_top2": 0.5,
        "mrr_top4": 0.5,
        "ndcg10": 0.5723877499527062,
        "ndcg_at_4": 0.4437410146181249,
        "ndcg_at_12": 0.5722601908396066,
        "ndcg_at_16": 0.5772661987076622,
        "ndcg_at_20": 0.6154905637093631,
        "roc_auc_upset": 0.7366071428571428
      },
      "test_metrics_model_c": {
        "ndcg": 0.33348743391404295,
        "spearman": 0.24093437152391545,
        "mrr_top2": 0.16666666666666666,
        "mrr_top4": 0.16666666666666666,
        "ndcg10": 0.33348743391404295,
        "ndcg_at_4": 0.001111095381373398,
        "ndcg_at_12": 0.3389077264996702,
        "ndcg_at_16": 0.3596643455146382,
        "ndcg_at_20": 0.3699901174713633,
        "roc_auc_upset": 0.8133333333333332
      },
      "test_metrics_by_conference": {
        "E": {
          "ndcg": 0.3869402032684001,
          "spearman": 0.2821428571428571
        },
        "W": {
          "ndcg": 0.9150383584760826,
          "spearman": 0.5285714285714286
        }
      },
      "notes": {
        "eos_rank_source": "eos_final_rank"
      }
    },
    "2024-25": {
      "test_metrics_ensemble": {
        "ndcg": 0.4845852799803583,
        "spearman": 0.5083426028921022,
        "mrr_top2": 0.5,
        "mrr_top4": 0.5,
        "ndcg10": 0.4845852799803583,
        "ndcg_at_4": 0.4643519436832566,
        "ndcg_at_12": 0.5297584667486547,
        "ndcg_at_16": 0.5309815709157093,
        "ndcg_at_20": 0.5333684272394813,
        "roc_auc_upset": 0.7544642857142857,
        "rank_mae_pred_vs_playoff_final_results": 6.800000190734863,
        "rank_rmse_pred_vs_playoff_final_results": 8.582928657531738,
        "rank_mae_eos_standings_vs_playoff_final_results": 3.1333333333333333,
        "rank_rmse_eos_standings_vs_playoff_final_results": 4.449719092257398,
        "playoff_metrics": {
          "spearman_pred_vs_playoff_final_results": 0.5021134593993326,
          "ndcg_at_4_final_four": 0.46433662668392073,
          "ndcg10_pred_vs_playoff_final_results": 0.48457038975822747,
          "brier_championship_odds": 0.03222232684493065,
          "rank_mae_pred_vs_playoff_final_results": 6.800000190734863,
          "rank_rmse_pred_vs_playoff_final_results": 8.582928657531738,
          "rank_mae_eos_standings_vs_playoff_final_results": 3.1333333333333333,
          "rank_rmse_eos_standings_vs_playoff_final_results": 4.449719092257398
        }
      },
      "test_metrics_model_a": {
        "ndcg": 0.4845852799803583,
        "spearman": 0.5003337041156841,
        "mrr_top2": 0.5,
        "mrr_top4": 0.5,
        "ndcg10": 0.4845852799803583,
        "ndcg_at_4": 0.4643519436832566,
        "ndcg_at_12": 0.5297584667486547,