{
  "test_metrics_ensemble": {
    "ndcg": 0.5411482319759596,
    "spearman": 0.3957730812013348,
    "mrr_top2": 1.0,
    "mrr_top4": 1.0,
    "ndcg10": 0.5411482319759596,
    "ndcg_at_4": 0.35315119534797357,
    "ndcg_at_12": 0.584897780140277,
    "ndcg_at_16": 0.5861967152874655,
    "ndcg_at_20": 0.5867914581718628,
    "roc_auc_upset": 0.7737556561085973,
    "rank_mae_pred_vs_playoff_final_results": 7.4666666984558105,
    "rank_rmse_pred_vs_playoff_final_results": 9.514900207519531,
    "rank_mae_eos_standings_vs_playoff_final_results": 3.7333333333333334,
    "rank_rmse_eos_standings_vs_playoff_final_results": 6.093712606722878,
    "playoff_metrics": {
      "spearman_pred_vs_playoff_final_results": 0.47319243604004446,
      "ndcg_at_4_final_four": 0.35315119534797357,
      "ndcg10_pred_vs_playoff_final_results": 0.5411534812752464,
      "brier_championship_odds": 0.03222232684493065,
      "rank_mae_pred_vs_playoff_final_results": 7.4666666984558105,
      "rank_rmse_pred_vs_playoff_final_results": 9.514900207519531,
      "rank_mae_eos_standings_vs_playoff_final_results": 3.7333333333333334,
      "rank_rmse_eos_standings_vs_playoff_final_results": 6.093712606722878
    }
  },
  "test_metrics_model_a": {
    "ndcg": 0.5411482319759596,
    "spearman": 0.3957730812013348,
    "mrr_top2": 1.0,
    "mrr_top4": 1.0,
    "ndcg10": 0.5411482319759596,
    "ndcg_at_4": 0.35315119534797357,
    "ndcg_at_12": 0.584897780140277,
    "ndcg_at_16": 0.5861967152874655,
    "ndcg_at_20": 0.5867914581718628,
    "roc_auc_upset": 0.7737556561085973
  },
  "test_metrics_model_b": {
    "ndcg": 0.5723877499527062,
    "spearman": 0.4638487208008899,
    "mrr_top2": 0.5,
    "mrr_top4": 0.5,
    "ndcg10": 0.5723877499527062,
    "ndcg_at_4": 0.4437410146181249,
    "ndcg_at_12": 0.5722601908396066,
    "ndcg_at_16": 0.5772661987076622,
    "ndcg_at_20": 0.6154905637093631,
    "roc_auc_upset": 0.7366071428571428
  },
  "test_metrics_model_c": {
    "ndcg": 0.33348743391404295,
    "spearman": 0.24093437152391545,
    "mrr_top2": 0.16666666666666666,
    "mrr_top4": 0.16666666666666666,
    "ndcg10": 0.33348743391404295,
    "ndcg_at_4": 0.001111095381373398,
    "ndcg_at_12": 0.3389077264996702,
    "ndcg_at_16": 0.3596643455146382,
    "ndcg_at_20": 0.3699901174713633,
    "roc_auc_upset": 0.8133333333333332
  },
  "test_metrics_by_conference": {
    "E": {
      "ndcg": 0.3869402032684001,
      "spearman": 0.2821428571428571
    },
    "W": {
      "ndcg": 0.9150383584760826,
      "spearman": 0.5285714285714286
    }
  },
  "notes": {
    "eos_rank_source": "eos_final_rank"
  }
}