{
  "test_metrics_ensemble": {
    "ndcg": 0.3545083339648908,
    "spearman": 0.46562847608453833,
    "mrr_top2": 0.25,
    "mrr_top4": 0.25,
    "ndcg10": 0.3545083339648908,
    "ndcg_at_4": 0.3304713908136142,
    "ndcg_at_12": 0.39865528124725863,
    "ndcg_at_16": 0.3986469245959914,
    "ndcg_at_20": 0.39986678568451345,
    "roc_auc_upset": 0.8133333333333334,
    "rank_mae_pred_vs_playoff_final_results": 7.066666603088379,
    "rank_rmse_pred_vs_playoff_final_results": 8.947998046875,
    "rank_mae_eos_standings_vs_playoff_final_results": 3.1333333333333333,
    "rank_rmse_eos_standings_vs_playoff_final_results": 4.449719092257398,
    "playoff_metrics": {
      "spearman_pred_vs_playoff_final_results": 0.4682981090100112,
      "ndcg_at_4_final_four": 0.3304560738142784,
      "ndcg10_pred_vs_playoff_final_results": 0.35449290721358623,
      "brier_championship_odds": 0.03222232684493065,
      "rank_mae_pred_vs_playoff_final_results": 7.066666603088379,
      "rank_rmse_pred_vs_playoff_final_results": 8.947998046875,
      "rank_mae_eos_standings_vs_playoff_final_results": 3.1333333333333333,
      "rank_rmse_eos_standings_vs_playoff_final_results": 4.449719092257398
    }
  },
  "test_metrics_model_a": {
    "ndcg": 0.3545083339648908,
    "spearman": 0.46562847608453833,
    "mrr_top2": 0.25,
    "mrr_top4": 0.25,
    "ndcg10": 0.3545083339648908,
    "ndcg_at_4": 0.3304713908136142,
    "ndcg_at_12": 0.39865528124725863,
    "ndcg_at_16": 0.3986469245959914,
    "ndcg_at_20": 0.39986678568451345,
    "roc_auc_upset": 0.8133333333333334
  },
  "test_metrics_model_b": {
    "ndcg": 0.18116306435132506,
    "spearman": 0.6511679644048943,
    "mrr_top2": 0.16666666666666666,
    "mrr_top4": 0.16666666666666666,
    "ndcg10": 0.18116306435132506,
    "ndcg_at_4": 0.04166423104576856,
    "ndcg_at_12": 0.22500181184747217,
    "ndcg_at_16": 0.3955973841121214,
    "ndcg_at_20": 0.3956339609178858,
    "roc_auc_upset": 0.7638888888888888
  },
  "test_metrics_model_c": {
    "ndcg": 0.05139534647930671,
    "spearman": 0.3050055617352614,
    "mrr_top2": 0.06666666666666667,
    "mrr_top4": 0.2,
    "ndcg10": 0.05139534647930671,
    "ndcg_at_4": 0.0072603807417201014,
    "ndcg_at_12": 0.05704448895120833,
    "ndcg_at_16": 0.1779607433491712,
    "ndcg_at_20": 0.18035846395567354,
    "roc_auc_upset": 0.8258928571428571
  },
  "test_metrics_by_conference": {
    "E": {
      "ndcg": 0.27648335380805505,
      "spearman": 0.2678571428571428
    },
    "W": {
      "ndcg": 0.7519157235194247,
      "spearman": 0.6928571428571427
    }
  },
  "notes": {
    "eos_rank_source": "eos_final_rank"
  }
}