{
  "notes": {
    "eval_on": "test",
    "eos_rank_source": "eos_final_rank",
    "upset_definition": "sleeper = EOS_global_rank > predicted_strength",
    "mrr_top2": "1/rank of first team in top 2 (champion+runner-up) in predicted order.",
    "mrr_top4": "1/rank of first team in top 4 (conference finals) in predicted order.",
    "per_conference_relevance": "Within E/W: actual rank derived from EOS_global_rank (1=best in conf); NDCG/Spearman use this relevance.",
    "playoff_metrics": "Spearman (pred global vs playoff_final_results), NDCG@4 (final four), Brier (champion vs odds). rank_mae/rank_rmse: pred vs playoff_final_results; eos_standings vs playoff_final_results (baseline)."
  },
  "split_info": {
    "train_frac": 0.75,
    "n_train_dates": 141,
    "n_test_dates": 36,
    "split_mode": "seasons"
  },
  "test_metrics_ensemble": {
    "ndcg": 0.3545083339648908,
    "spearman": 0.46562847608453833,
    "mrr_top2": 0.25,
    "mrr_top4": 0.25,
    "ndcg10": 0.3545083339648908,
    "ndcg_at_4": 0.3304713908136142,
    "ndcg_at_12": 0.39865528124725863,
    "ndcg_at_16": 0.3986469245959914,
    "ndcg_at_20": 0.39986678568451345,
    "roc_auc_upset": 0.8133333333333334,
    "rank_mae_pred_vs_playoff_final_results": 7.066666603088379,
    "rank_rmse_pred_vs_playoff_final_results": 8.947998046875,
    "rank_mae_eos_standings_vs_playoff_final_results": 3.1333333333333333,
    "rank_rmse_eos_standings_vs_playoff_final_results": 4.449719092257398,
    "playoff_metrics": {
      "spearman_pred_vs_playoff_final_results": 0.4682981090100112,
      "ndcg_at_4_final_four": 0.3304560738142784,
      "ndcg10_pred_vs_playoff_final_results": 0.35449290721358623,
      "brier_championship_odds": 0.03222232684493065,
      "rank_mae_pred_vs_playoff_final_results": 7.066666603088379,
      "rank_rmse_pred_vs_playoff_final_results": 8.947998046875,
      "rank_mae_eos_standings_vs_playoff_final_results": 3.1333333333333333,
      "rank_rmse_eos_standings_vs_playoff_final_results": 4.449719092257398
    }
  },
  "test_metrics_model_a": {
    "ndcg": 0.3545083339648908,
    "spearman": 0.46562847608453833,
    "mrr_top2": 0.25,
    "mrr_top4": 0.25,
    "ndcg10": 0.3545083339648908,
    "ndcg_at_4": 0.3304713908136142,
    "ndcg_at_12": 0.39865528124725863,
    "ndcg_at_16": 0.3986469245959914,
    "ndcg_at_20": 0.39986678568451345,
    "roc_auc_upset": 0.8133333333333334
  },
  "test_metrics_model_b": {
    "ndcg": 0.18116306435132506,
    "spearman": 0.6511679644048943,
    "mrr_top2": 0.16666666666666666,
    "mrr_top4": 0.16666666666666666,
    "ndcg10": 0.18116306435132506,
    "ndcg_at_4": 0.04166423104576856,
    "ndcg_at_12": 0.22500181184747217,
    "ndcg_at_16": 0.3955973841121214,
    "ndcg_at_20": 0.3956339609178858,
    "roc_auc_upset": 0.7638888888888888
  },
  "test_metrics_model_c": {
    "ndcg": 0.05139534647930671,
    "spearman": 0.3050055617352614,
    "mrr_top2": 0.06666666666666667,
    "mrr_top4": 0.2,
    "ndcg10": 0.05139534647930671,
    "ndcg_at_4": 0.0072603807417201014,
    "ndcg_at_12": 0.05704448895120833,
    "ndcg_at_16": 0.1779607433491712,
    "ndcg_at_20": 0.18035846395567354,
    "roc_auc_upset": 0.8258928571428571
  },
  "test_metrics_by_conference": {
    "E": {
      "ndcg": 0.27648335380805505,
      "spearman": 0.2678571428571428
    },
    "W": {
      "ndcg": 0.7519157235194247,
      "spearman": 0.6928571428571427
    }
  },
  "by_season": {
    "2023-24": {
      "test_metrics_ensemble": {
        "ndcg": 0.6259747875569031,
        "spearman": 0.3908787541713014,
        "mrr_top2": 1.0,
        "mrr_top4": 1.0,
        "ndcg10": 0.6259747875569031,
        "ndcg_at_4": 0.33513898093933947,
        "ndcg_at_12": 0.6286429411247315,
        "ndcg_at_16": 0.6298686447131725,
        "ndcg_at_20": 0.6307417922006042,
        "roc_auc_upset": 0.7544642857142857,
        "rank_mae_pred_vs_playoff_final_results": 7.800000190734863,
        "rank_rmse_pred_vs_playoff_final_results": 9.553359031677246,
        "rank_mae_eos_standings_vs_playoff_final_results": 3.7333333333333334,
        "rank_rmse_eos_standings_vs_playoff_final_results": 6.093712606722878,
        "playoff_metrics": {
          "spearman_pred_vs_playoff_final_results": 0.4229143492769744,
          "ndcg_at_4_final_four": 0.33513815635527017,
          "ndcg10_pred_vs_playoff_final_results": 0.6259799553884082,
          "brier_championship_odds": 0.03222232684493065,
          "rank_mae_pred_vs_playoff_final_results": 7.800000190734863,
          "rank_rmse_pred_vs_playoff_final_results": 9.553359031677246,
          "rank_mae_eos_standings_vs_playoff_final_results": 3.7333333333333334,
          "rank_rmse_eos_standings_vs_playoff_final_results": 6.093712606722878
        }
      },
      "test_metrics_model_a": {
        "ndcg": 0.6259747875569031,
        "spearman": 0.38064516129032255,
        "mrr_top2": 1.0,
        "mrr_top4": 1.0,
        "ndcg10": 0.6259747875569031,
        "ndcg_at_4": 0.33513898093933947,
        "ndcg_at_12": 0.6286429411247315,
        "ndcg_at_16": 0.6298686447131725,
        "ndcg_at_20": 0.6307417922006042,
        "roc_auc_upset": 0.7589285714285714
      },
      "test_metrics_model_b": {
        "ndcg": 0.8156118081046849,
        "spearman": 0.511012235817575,
        "mrr_top2": 1.0,
        "mrr_top4": 1.0,
        "ndcg10": 0.8156118081046849,
        "ndcg_at_4": 0.7261751187226982,
        "ndcg_at_12": 0.8607188042089712,
        "ndcg_at_16": 0.8607387843060826,
        "ndcg_at_20": 0.865518536186024,
        "roc_auc_upset": 0.7194570135746606
      },
      "test_metrics_model_c": {
        "ndcg": 0.333487026575135,
        "spearman": 0.2382647385984427,
        "mrr_top2": 0.16666666666666666,
        "mrr_top4": 0.16666666666666666,
        "ndcg10": 0.333487026575135,
        "ndcg_at_4": 0.0011069724610271625,
        "ndcg_at_12": 0.33890731926775686,
        "ndcg_at_16": 0.3602072243020767,
        "ndcg_at_20": 0.37054321582955735,
        "roc_auc_upset": 0.7589285714285714
      },
      "test_metrics_by_conference": {
        "E": {
          "ndcg": 0.4045649080810758,
          "spearman": 0.1964285714285714
        },
        "W": {
          "ndcg": 0.9307715745244755,
          "spearman": 0.5821428571428571
        }
      },
      "notes": {
        "eos_rank_source": "eos_final_rank"
      }
    },
    "2024-25": {
      "test_metrics_ensemble": {
        "ndcg": 0.3545083339648908,
        "spearman": 0.46562847608453833,
        "mrr_top2": 0.25,
        "mrr_top4": 0.25,
        "ndcg10": 0.3545083339648908,
        "ndcg_at_4": 0.3304713908136142,
        "ndcg_at_12": 0.39865528124725863,
        "ndcg_at_16": 0.3986469245959914,
        "ndcg_at_20": 0.39986678568451345,
        "roc_auc_upset": 0.8133333333333334,
        "rank_mae_pred_vs_playoff_final_results": 7.066666603088379,
        "rank_rmse_pred_vs_playoff_final_results": 8.947998046875,
        "rank_mae_eos_standings_vs_playoff_final_results": 3.1333333333333333,
        "rank_rmse_eos_standings_vs_playoff_final_results": 4.449719092257398,
        "playoff_metrics": {
          "spearman_pred_vs_playoff_final_results": 0.4682981090100112,
          "ndcg_at_4_final_four": 0.3304560738142784,
          "ndcg10_pred_vs_playoff_final_results": 0.35449290721358623,
          "brier_championship_odds": 0.03222232684493065,
          "rank_mae_pred_vs_playoff_final_results": 7.066666603088379,
          "rank_rmse_pred_vs_playoff_final_results": 8.947998046875,
          "rank_mae_eos_standings_vs_playoff_final_results": 3.1333333333333333,
          "rank_rmse_eos_standings_vs_playoff_final_results": 4.449719092257398
        }
      },
      "test_metrics_model_a": {
        "ndcg": 0.3545083339648908,
        "spearman": 0.46562847608453833,
        "mrr_top2": 0.25,
        "mrr_top4": 0.25,
        "ndcg10": 0.3545083339648908,
        "ndcg_at_4": 0.3304713908136142,
        "ndcg_at_12": 0.39865528124725863,