{
  "test_metrics_ensemble": {
    "ndcg": 0.6259747875569031,
    "spearman": 0.3908787541713014,
    "mrr_top2": 1.0,
    "mrr_top4": 1.0,
    "ndcg10": 0.6259747875569031,
    "ndcg_at_4": 0.33513898093933947,
    "ndcg_at_12": 0.6286429411247315,
    "ndcg_at_16": 0.6298686447131725,
    "ndcg_at_20": 0.6307417922006042,
    "roc_auc_upset": 0.7544642857142857,
    "rank_mae_pred_vs_playoff_final_results": 7.800000190734863,
    "rank_rmse_pred_vs_playoff_final_results": 9.553359031677246,
    "rank_mae_eos_standings_vs_playoff_final_results": 3.7333333333333334,
    "rank_rmse_eos_standings_vs_playoff_final_results": 6.093712606722878,
    "playoff_metrics": {
      "spearman_pred_vs_playoff_final_results": 0.4229143492769744,
      "ndcg_at_4_final_four": 0.33513815635527017,
      "ndcg10_pred_vs_playoff_final_results": 0.6259799553884082,
      "brier_championship_odds": 0.03222232684493065,
      "rank_mae_pred_vs_playoff_final_results": 7.800000190734863,
      "rank_rmse_pred_vs_playoff_final_results": 9.553359031677246,
      "rank_mae_eos_standings_vs_playoff_final_results": 3.7333333333333334,
      "rank_rmse_eos_standings_vs_playoff_final_results": 6.093712606722878
    }
  },
  "test_metrics_model_a": {
    "ndcg": 0.6259747875569031,
    "spearman": 0.38064516129032255,
    "mrr_top2": 1.0,
    "mrr_top4": 1.0,
    "ndcg10": 0.6259747875569031,
    "ndcg_at_4": 0.33513898093933947,
    "ndcg_at_12": 0.6286429411247315,
    "ndcg_at_16": 0.6298686447131725,
    "ndcg_at_20": 0.6307417922006042,
    "roc_auc_upset": 0.7589285714285714
  },
  "test_metrics_model_b": {
    "ndcg": 0.8156118081046849,
    "spearman": 0.511012235817575,
    "mrr_top2": 1.0,
    "mrr_top4": 1.0,
    "ndcg10": 0.8156118081046849,
    "ndcg_at_4": 0.7261751187226982,
    "ndcg_at_12": 0.8607188042089712,
    "ndcg_at_16": 0.8607387843060826,
    "ndcg_at_20": 0.865518536186024,
    "roc_auc_upset": 0.7194570135746606
  },
  "test_metrics_model_c": {
    "ndcg": 0.333487026575135,
    "spearman": 0.2382647385984427,
    "mrr_top2": 0.16666666666666666,
    "mrr_top4": 0.16666666666666666,
    "ndcg10": 0.333487026575135,
    "ndcg_at_4": 0.0011069724610271625,
    "ndcg_at_12": 0.33890731926775686,
    "ndcg_at_16": 0.3602072243020767,
    "ndcg_at_20": 0.37054321582955735,
    "roc_auc_upset": 0.7589285714285714
  },
  "test_metrics_by_conference": {
    "E": {
      "ndcg": 0.4045649080810758,
      "spearman": 0.1964285714285714
    },
    "W": {
      "ndcg": 0.9307715745244755,
      "spearman": 0.5821428571428571
    }
  },
  "notes": {
    "eos_rank_source": "eos_final_rank"
  }
}