{
  "test_metrics_ensemble": {
    "ndcg": 0.4926848421667704,
    "spearman": 0.4602892102335928,
    "mrr_top2": 0.5,
    "mrr_top4": 0.5,
    "ndcg10": 0.4926848421667704,
    "ndcg_at_4": 0.5001583813597498,
    "ndcg_at_12": 0.5381980924260611,
    "ndcg_at_16": 0.5381790320091101,
    "ndcg_at_20": 0.541805137605613,
    "roc_auc_upset": 0.6977777777777777,
    "rank_mae_pred_vs_playoff_final_results": 6.800000190734863,
    "rank_rmse_pred_vs_playoff_final_results": 8.992589950561523,
    "rank_mae_eos_standings_vs_playoff_final_results": 3.1333333333333333,
    "rank_rmse_eos_standings_vs_playoff_final_results": 4.449719092257398,
    "playoff_metrics": {
      "spearman_pred_vs_playoff_final_results": 0.46206896551724136,
      "ndcg_at_4_final_four": 0.5001583813597498,
      "ndcg10_pred_vs_playoff_final_results": 0.4926747191976753,
      "brier_championship_odds": 0.03222232684493065,
      "rank_mae_pred_vs_playoff_final_results": 6.800000190734863,
      "rank_rmse_pred_vs_playoff_final_results": 8.992589950561523,
      "rank_mae_eos_standings_vs_playoff_final_results": 3.1333333333333333,
      "rank_rmse_eos_standings_vs_playoff_final_results": 4.449719092257398
    }
  },
  "test_metrics_model_a": {
    "ndcg": 0.49232273009400085,
    "spearman": 0.4562847608453838,
    "mrr_top2": 0.5,
    "mrr_top4": 0.5,
    "ndcg10": 0.49232273009400085,
    "ndcg_at_4": 0.5001583813597498,
    "ndcg_at_12": 0.5378360754682475,
    "ndcg_at_16": 0.5378170428201559,
    "ndcg_at_20": 0.5414431500087673,
    "roc_auc_upset": 0.7022222222222222
  },
  "test_metrics_model_b": {
    "ndcg": 0.15627980117372517,
    "spearman": 0.6017797552836485,
    "mrr_top2": 0.16666666666666666,
    "mrr_top4": 0.16666666666666666,
    "ndcg10": 0.15627980117372517,
    "ndcg_at_4": 0.04029517653159447,
    "ndcg_at_12": 0.22348163367275453,
    "ndcg_at_16": 0.2235157986790587,
    "ndcg_at_20": 0.37642283718853986,
    "roc_auc_upset": 0.7828054298642534
  },
  "test_metrics_model_c": {
    "ndcg": 0.05139534647930671,
    "spearman": 0.3050055617352614,
    "mrr_top2": 0.06666666666666667,
    "mrr_top4": 0.2,
    "ndcg10": 0.05139534647930671,
    "ndcg_at_4": 0.0072603807417201014,
    "ndcg_at_12": 0.05704448895120833,
    "ndcg_at_16": 0.1779607433491712,
    "ndcg_at_20": 0.18035846395567354,
    "roc_auc_upset": 0.8258928571428571
  },
  "test_metrics_by_conference": {
    "E": {
      "ndcg": 0.2631731123331203,
      "spearman": 0.2678571428571428
    },
    "W": {
      "ndcg": 0.7719247976093281,
      "spearman": 0.6464285714285712
    }
  },
  "notes": {
    "eos_rank_source": "eos_final_rank"
  }
}