{
  "test_metrics_ensemble": {
    "ndcg": 0.5940990837997623,
    "spearman": 0.4513904338153503,
    "mrr_top2": 1.0,
    "mrr_top4": 1.0,
    "ndcg10": 0.5940990837997623,
    "ndcg_at_4": 0.33513898093933947,
    "ndcg_at_12": 0.593948391010588,
    "ndcg_at_16": 0.5958237553559805,
    "ndcg_at_20": 0.5961147627834741,
    "roc_auc_upset": 0.7098214285714286,
    "rank_mae_pred_vs_playoff_final_results": 7.199999809265137,
    "rank_rmse_pred_vs_playoff_final_results": 9.066421508789062,
    "rank_mae_eos_standings_vs_playoff_final_results": 3.7333333333333334,
    "rank_rmse_eos_standings_vs_playoff_final_results": 6.093712606722878,
    "playoff_metrics": {
      "spearman_pred_vs_playoff_final_results": 0.4838709677419355,
      "ndcg_at_4_final_four": 0.33513815635527017,
      "ndcg10_pred_vs_playoff_final_results": 0.5940982831776546,
      "brier_championship_odds": 0.03222232684493065,
      "rank_mae_pred_vs_playoff_final_results": 7.199999809265137,
      "rank_rmse_pred_vs_playoff_final_results": 9.066421508789062,
      "rank_mae_eos_standings_vs_playoff_final_results": 3.7333333333333334,
      "rank_rmse_eos_standings_vs_playoff_final_results": 6.093712606722878
    }
  },
  "test_metrics_model_a": {
    "ndcg": 0.5937390976295727,
    "spearman": 0.44827586206896547,
    "mrr_top2": 1.0,
    "mrr_top4": 1.0,
    "ndcg10": 0.5937390976295727,
    "ndcg_at_4": 0.33513898093933947,
    "ndcg_at_12": 0.5935884993969496,
    "ndcg_at_16": 0.5954638913481748,
    "ndcg_at_20": 0.5957549003584298,
    "roc_auc_upset": 0.7142857142857143
  },
  "test_metrics_model_b": {
    "ndcg": 0.5723877499527062,
    "spearman": 0.4509454949944383,
    "mrr_top2": 0.5,
    "mrr_top4": 0.5,
    "ndcg10": 0.5723877499527062,
    "ndcg_at_4": 0.4437410146181249,
    "ndcg_at_12": 0.5722595221554329,
    "ndcg_at_16": 0.5772655300747804,
    "ndcg_at_20": 0.6154947261091559,
    "roc_auc_upset": 0.7601809954751131
  },
  "test_metrics_model_c": {
    "ndcg": 0.333487026575135,
    "spearman": 0.24671857619577306,
    "mrr_top2": 0.16666666666666666,
    "mrr_top4": 0.16666666666666666,
    "ndcg10": 0.333487026575135,
    "ndcg_at_4": 0.0011069724610271625,
    "ndcg_at_12": 0.33890731926775686,
    "ndcg_at_16": 0.3596639384692931,
    "ndcg_at_20": 0.37000000129314625,
    "roc_auc_upset": 0.8258928571428572
  },
  "test_metrics_by_conference": {
    "E": {
      "ndcg": 0.3851402749883562,
      "spearman": 0.2642857142857143
    },
    "W": {
      "ndcg": 0.9410378805791993,
      "spearman": 0.6464285714285712
    }
  },
  "notes": {
    "eos_rank_source": "eos_final_rank"
  }
}