{
  "test_metrics_ensemble": {
    "ndcg": 0.4827593861412876,
    "spearman": 0.4513904338153503,
    "mrr_top2": 0.5,
    "mrr_top4": 0.5,
    "ndcg10": 0.4827593861412876,
    "ndcg_at_4": 0.4643519436832566,
    "ndcg_at_12": 0.5279538116516593,
    "ndcg_at_16": 0.5282479445431729,
    "ndcg_at_20": 0.5318108402090851,
    "roc_auc_upset": 0.78125,
    "rank_mae_pred_vs_playoff_final_results": 7.199999809265137,
    "rank_rmse_pred_vs_playoff_final_results": 9.066421508789062,
    "rank_mae_eos_standings_vs_playoff_final_results": 3.1333333333333333,
    "rank_rmse_eos_standings_vs_playoff_final_results": 4.449719092257398,
    "playoff_metrics": {
      "spearman_pred_vs_playoff_final_results": 0.4451612903225806,
      "ndcg_at_4_final_four": 0.46433662668392073,
      "ndcg10_pred_vs_playoff_final_results": 0.48274395440424905,
      "brier_championship_odds": 0.03222232684493065,
      "rank_mae_pred_vs_playoff_final_results": 7.199999809265137,
      "rank_rmse_pred_vs_playoff_final_results": 9.066421508789062,
      "rank_mae_eos_standings_vs_playoff_final_results": 3.1333333333333333,
      "rank_rmse_eos_standings_vs_playoff_final_results": 4.449719092257398
    }
  },
  "test_metrics_model_a": {
    "ndcg": 0.4827593861412876,
    "spearman": 0.44293659621801995,
    "mrr_top2": 0.5,
    "mrr_top4": 0.5,
    "ndcg10": 0.4827593861412876,
    "ndcg_at_4": 0.4643519436832566,
    "ndcg_at_12": 0.5279538116516593,
    "ndcg_at_16": 0.5282479445431729,
    "ndcg_at_20": 0.5317732079361592,
    "roc_auc_upset": 0.7857142857142857
  },
  "test_metrics_model_b": {
    "ndcg": 0.14890656577791656,
    "spearman": 0.5243604004449388,
    "mrr_top2": 0.14285714285714285,
    "mrr_top4": 0.14285714285714285,
    "ndcg10": 0.14890656577791656,
    "ndcg_at_4": 0.04029517653159447,
    "ndcg_at_12": 0.19279785128044435,
    "ndcg_at_16": 0.213092287683609,
    "ndcg_at_20": 0.21309167820661062,
    "roc_auc_upset": 0.832535885167464
  },
  "test_metrics_model_c": {
    "ndcg": 0.05289725326593785,
    "spearman": 0.32413793103448274,
    "mrr_top2": 0.06666666666666667,
    "mrr_top4": 0.2,
    "ndcg10": 0.05289725326593785,
    "ndcg_at_4": 0.00711064040423231,
    "ndcg_at_12": 0.058546001236223486,
    "ndcg_at_16": 0.1794621404592409,
    "ndcg_at_20": 0.1818598544622665,
    "roc_auc_upset": 0.8125
  },
  "test_metrics_by_conference": {
    "E": {
      "ndcg": 0.24599219504425307,
      "spearman": 0.2321428571428571
    },
    "W": {
      "ndcg": 0.7505337657243399,
      "spearman": 0.6857142857142856
    }
  },
  "notes": {
    "eos_rank_source": "eos_final_rank"
  }
}