{
  "notes": {
    "eval_on": "test",
    "eos_rank_source": "eos_final_rank",
    "upset_definition": "sleeper = EOS_global_rank > predicted_strength",
    "mrr_top2": "1/rank of first team in top 2 (champion+runner-up) in predicted order.",
    "mrr_top4": "1/rank of first team in top 4 (conference finals) in predicted order.",
    "per_conference_relevance": "Within E/W: actual rank derived from EOS_global_rank (1=best in conf); NDCG/Spearman use this relevance.",
    "playoff_metrics": "Spearman (pred global vs playoff_final_results), NDCG@4 (final four), Brier (champion vs odds). rank_mae/rank_rmse: pred vs playoff_final_results; eos_standings vs playoff_final_results (baseline)."
  },
  "split_info": {
    "train_frac": 0.75,
    "n_train_dates": 141,
    "n_test_dates": 36,
    "split_mode": "seasons"
  },
  "test_metrics_ensemble": {
    "ndcg": 0.4785197184053326,
    "spearman": 0.49321468298109006,
    "mrr_top2": 0.5,
    "mrr_top4": 0.5,
    "ndcg10": 0.4785197184053326,
    "ndcg_at_4": 0.4643944167678145,
    "ndcg_at_12": 0.5279426625258273,
    "ndcg_at_16": 0.5291929997283883,
    "ndcg_at_20": 0.531543460267944,
    "roc_auc_upset": 0.7633928571428572,
    "rank_mae_pred_vs_playoff_final_results": 6.933333396911621,
    "rank_rmse_pred_vs_playoff_final_results": 8.713973045349121,
    "rank_mae_eos_standings_vs_playoff_final_results": 3.1333333333333333,
    "rank_rmse_eos_standings_vs_playoff_final_results": 4.449719092257398,
    "playoff_metrics": {
      "spearman_pred_vs_playoff_final_results": 0.4852057842046719,
      "ndcg_at_4_final_four": 0.4643812234227066,
      "ndcg10_pred_vs_playoff_final_results": 0.4785063045186772,
      "brier_championship_odds": 0.03222232684493065,
      "rank_mae_pred_vs_playoff_final_results": 6.933333396911621,
      "rank_rmse_pred_vs_playoff_final_results": 8.713973045349121,
      "rank_mae_eos_standings_vs_playoff_final_results": 3.1333333333333333,
      "rank_rmse_eos_standings_vs_playoff_final_results": 4.449719092257398
    }
  },
  "test_metrics_model_a": {
    "ndcg": 0.47706847986711837,
    "spearman": 0.48654060066740823,
    "mrr_top2": 0.5,
    "mrr_top4": 0.5,
    "ndcg10": 0.47706847986711837,
    "ndcg_at_4": 0.4643944167678145,
    "ndcg_at_12": 0.5264918051803433,
    "ndcg_at_16": 0.5277422536723139,
    "ndcg_at_20": 0.5300927205925717,
    "roc_auc_upset": 0.7678571428571428
  },
  "test_metrics_model_b": {
    "ndcg": 0.17966604540235473,
    "spearman": 0.6124582869855395,
    "mrr_top2": 0.16666666666666666,
    "mrr_top4": 0.16666666666666666,
    "ndcg10": 0.17966604540235473,
    "ndcg_at_4": 0.04029517653159447,
    "ndcg_at_12": 0.17975018645183327,
    "ndcg_at_16": 0.22131133883961707,
    "ndcg_at_20": 0.3691962716037285,
    "roc_auc_upset": 0.787037037037037
  },
  "test_metrics_model_c": {
    "ndcg": 0.05124270050332162,
    "spearman": 0.29521690767519465,
    "mrr_top2": 0.06666666666666667,
    "mrr_top4": 0.2,
    "ndcg10": 0.05124270050332162,
    "ndcg_at_4": 0.00711064040423231,
    "ndcg_at_12": 0.05689188307031086,
    "ndcg_at_16": 0.17780814917405477,
    "ndcg_at_20": 0.18020587045170006,
    "roc_auc_upset": 0.8258928571428571
  },
  "test_metrics_by_conference": {
    "E": {
      "ndcg": 0.2595236328252539,
      "spearman": 0.2321428571428571
    },
    "W": {
      "ndcg": 0.7530515946763373,
      "spearman": 0.7107142857142856
    }
  },
  "by_season": {
    "2023-24": {
      "test_metrics_ensemble": {
        "ndcg": 0.39784783204621277,
        "spearman": 0.3686318131256952,
        "mrr_top2": 1.0,
        "mrr_top4": 1.0,
        "ndcg10": 0.39784783204621277,
        "ndcg_at_4": 0.33513898093933947,
        "ndcg_at_12": 0.5732935023642955,
        "ndcg_at_16": 0.5745932982184334,
        "ndcg_at_20": 0.5751779394829368,
        "roc_auc_upset": 0.75,
        "rank_mae_pred_vs_playoff_final_results": 7.800000190734863,
        "rank_rmse_pred_vs_playoff_final_results": 9.726253509521484,
        "rank_mae_eos_standings_vs_playoff_final_results": 3.7333333333333334,
        "rank_rmse_eos_standings_vs_playoff_final_results": 6.093712606722878,
        "playoff_metrics": {
          "spearman_pred_vs_playoff_final_results": 0.4189098998887653,
          "ndcg_at_4_final_four": 0.33513815635527017,
          "ndcg10_pred_vs_playoff_final_results": 0.39785328607483983,
          "brier_championship_odds": 0.03222232684493065,
          "rank_mae_pred_vs_playoff_final_results": 7.800000190734863,
          "rank_rmse_pred_vs_playoff_final_results": 9.726253509521484,
          "rank_mae_eos_standings_vs_playoff_final_results": 3.7333333333333334,
          "rank_rmse_eos_standings_vs_playoff_final_results": 6.093712606722878
        }
      },
      "test_metrics_model_a": {
        "ndcg": 0.39784783204621277,
        "spearman": 0.3681868743047831,
        "mrr_top2": 1.0,
        "mrr_top4": 1.0,
        "ndcg10": 0.39784783204621277,
        "ndcg_at_4": 0.33513898093933947,
        "ndcg_at_12": 0.5732935023642955,
        "ndcg_at_16": 0.5745932982184334,
        "ndcg_at_20": 0.5751779394829368,
        "roc_auc_upset": 0.75
      },
      "test_metrics_model_b": {
        "ndcg": 0.5771573489471006,
        "spearman": 0.43804226918798667,
        "mrr_top2": 0.5,
        "mrr_top4": 0.5,
        "ndcg10": 0.5771573489471006,
        "ndcg_at_4": 0.44093212795935904,
        "ndcg_at_12": 0.577027177787618,
        "ndcg_at_16": 0.6196409292031875,
        "ndcg_at_20": 0.6197132960435568,
        "roc_auc_upset": 0.7633928571428571
      },
      "test_metrics_model_c": {
        "ndcg": 0.333487026575135,
        "spearman": 0.2422691879866518,
        "mrr_top2": 0.16666666666666666,
        "mrr_top4": 0.16666666666666666,
        "ndcg10": 0.333487026575135,
        "ndcg_at_4": 0.0011069724610271625,
        "ndcg_at_12": 0.33890731926775686,
        "ndcg_at_16": 0.35966393831396193,
        "ndcg_at_20": 0.37117378097667086,
        "roc_auc_upset": 0.7777777777777778
      },
      "test_metrics_by_conference": {
        "E": {
          "ndcg": 0.38689768138590575,
          "spearman": 0.2571428571428571
        },
        "W": {
          "ndcg": 0.9225332876043933,
          "spearman": 0.5714285714285713
        }
      },
      "notes": {
        "eos_rank_source": "eos_final_rank"
      }
    },
    "2024-25": {
      "test_metrics_ensemble": {
        "ndcg": 0.4785197184053326,
        "spearman": 0.49321468298109006,
        "mrr_top2": 0.5,
        "mrr_top4": 0.5,
        "ndcg10": 0.4785197184053326,
        "ndcg_at_4": 0.4643944167678145,
        "ndcg_at_12": 0.5279426625258273,
        "ndcg_at_16": 0.5291929997283883,
        "ndcg_at_20": 0.531543460267944,
        "roc_auc_upset": 0.7633928571428572,
        "rank_mae_pred_vs_playoff_final_results": 6.933333396911621,
        "rank_rmse_pred_vs_playoff_final_results": 8.713973045349121,
        "rank_mae_eos_standings_vs_playoff_final_results": 3.1333333333333333,
        "rank_rmse_eos_standings_vs_playoff_final_results": 4.449719092257398,
        "playoff_metrics": {
          "spearman_pred_vs_playoff_final_results": 0.4852057842046719,
          "ndcg_at_4_final_four": 0.4643812234227066,
          "ndcg10_pred_vs_playoff_final_results": 0.4785063045186772,
          "brier_championship_odds": 0.03222232684493065,
          "rank_mae_pred_vs_playoff_final_results": 6.933333396911621,
          "rank_rmse_pred_vs_playoff_final_results": 8.713973045349121,
          "rank_mae_eos_standings_vs_playoff_final_results": 3.1333333333333333,
          "rank_rmse_eos_standings_vs_playoff_final_results": 4.449719092257398
        }
      },
      "test_metrics_model_a": {
        "ndcg": 0.47706847986711837,
        "spearman": 0.48654060066740823,
        "mrr_top2": 0.5,
        "mrr_top4": 0.5,
        "ndcg10": 0.47706847986711837,
        "ndcg_at_4": 0.4643944167678145,
        "ndcg_at_12": 0.5264918051803433,