{
  "notes": {
    "eval_on": "test",
    "eos_rank_source": "eos_final_rank",
    "upset_definition": "sleeper = EOS_global_rank > predicted_strength",
    "mrr_top2": "1/rank of first team in top 2 (champion+runner-up) in predicted order.",
    "mrr_top4": "1/rank of first team in top 4 (conference finals) in predicted order.",
    "per_conference_relevance": "Within E/W: actual rank derived from EOS_global_rank (1=best in conf); NDCG/Spearman use this relevance.",
    "playoff_metrics": "Spearman (pred global vs playoff_final_results), NDCG@4 (final four), Brier (champion vs odds). rank_mae/rank_rmse: pred vs playoff_final_results; eos_standings vs playoff_final_results (baseline)."
  },
  "split_info": {
    "train_frac": 0.75,
    "n_train_dates": 141,
    "n_test_dates": 36,
    "split_mode": "seasons"
  },
  "test_metrics_ensemble": {
    "ndcg": 0.48888675290103023,
    "spearman": 0.4625139043381535,
    "mrr_top2": 0.5,
    "mrr_top4": 0.5,
    "ndcg10": 0.48888675290103023,
    "ndcg_at_4": 0.4643944167678145,
    "ndcg_at_12": 0.5329984033834259,
    "ndcg_at_16": 0.5329792153897845,
    "ndcg_at_20": 0.5365829940425176,
    "roc_auc_upset": 0.7601809954751131,
    "rank_mae_pred_vs_playoff_final_results": 6.933333396911621,
    "rank_rmse_pred_vs_playoff_final_results": 8.97403621673584,
    "rank_mae_eos_standings_vs_playoff_final_results": 3.1333333333333333,
    "rank_rmse_eos_standings_vs_playoff_final_results": 4.449719092257398,
    "playoff_metrics": {
      "spearman_pred_vs_playoff_final_results": 0.48031145717463847,
      "ndcg_at_4_final_four": 0.4643812234227066,
      "ndcg10_pred_vs_playoff_final_results": 0.48887338621511567,
      "brier_championship_odds": 0.03222232684493065,
      "rank_mae_pred_vs_playoff_final_results": 6.933333396911621,
      "rank_rmse_pred_vs_playoff_final_results": 8.97403621673584,
      "rank_mae_eos_standings_vs_playoff_final_results": 3.1333333333333333,
      "rank_rmse_eos_standings_vs_playoff_final_results": 4.449719092257398
    }
  },
  "test_metrics_model_a": {
    "ndcg": 0.48888675290103023,
    "spearman": 0.457174638487208,
    "mrr_top2": 0.5,
    "mrr_top4": 0.5,
    "ndcg10": 0.48888675290103023,
    "ndcg_at_4": 0.4643944167678145,
    "ndcg_at_12": 0.5329984033834259,
    "ndcg_at_16": 0.5329791888863961,
    "ndcg_at_20": 0.5365829675392457,
    "roc_auc_upset": 0.7601809954751131
  },
  "test_metrics_model_b": {
    "ndcg": 0.21645475907952236,
    "spearman": 0.6507230255839822,
    "mrr_top2": 0.2,
    "mrr_top4": 0.2,
    "ndcg10": 0.21645475907952236,
    "ndcg_at_4": 0.04166423104576856,
    "ndcg_at_12": 0.23834115629879976,
    "ndcg_at_16": 0.40897542169130624,
    "ndcg_at_20": 0.40897878183784875,
    "roc_auc_upset": 0.76
  },
  "test_metrics_model_c": {
    "ndcg": 0.05139534647930671,
    "spearman": 0.30233592880978866,
    "mrr_top2": 0.06666666666666667,
    "mrr_top4": 0.2,
    "ndcg10": 0.05139534647930671,
    "ndcg_at_4": 0.0072603807417201014,
    "ndcg_at_12": 0.05704448895120833,
    "ndcg_at_16": 0.1779607433491712,
    "ndcg_at_20": 0.18035846395567354,
    "roc_auc_upset": 0.8258928571428571
  },
  "test_metrics_by_conference": {
    "E": {
      "ndcg": 0.26533736705247435,
      "spearman": 0.24285714285714283
    },
    "W": {
      "ndcg": 0.7723141400583361,
      "spearman": 0.6428571428571428
    }
  },
  "by_season": {
    "2023-24": {
      "test_metrics_ensemble": {
        "ndcg": 0.6063055077373831,
        "spearman": 0.4162402669632926,
        "mrr_top2": 1.0,
        "mrr_top4": 1.0,
        "ndcg10": 0.6063055077373831,
        "ndcg_at_4": 0.35315119534797357,
        "ndcg_at_12": 0.60615160872129,
        "ndcg_at_16": 0.6074392333630395,
        "ndcg_at_20": 0.6080143318243029,
        "roc_auc_upset": 0.7685185185185185,
        "rank_mae_pred_vs_playoff_final_results": 7.733333110809326,
        "rank_rmse_pred_vs_playoff_final_results": 9.352361679077148,
        "rank_mae_eos_standings_vs_playoff_final_results": 3.7333333333333334,
        "rank_rmse_eos_standings_vs_playoff_final_results": 6.093712606722878,
        "playoff_metrics": {
          "spearman_pred_vs_playoff_final_results": 0.4309232480533926,
          "ndcg_at_4_final_four": 0.35315119534797357,
          "ndcg10_pred_vs_playoff_final_results": 0.606304788583057,
          "brier_championship_odds": 0.03222232684493065,
          "rank_mae_pred_vs_playoff_final_results": 7.733333110809326,
          "rank_rmse_pred_vs_playoff_final_results": 9.352361679077148,
          "rank_mae_eos_standings_vs_playoff_final_results": 3.7333333333333334,
          "rank_rmse_eos_standings_vs_playoff_final_results": 6.093712606722878
        }
      },
      "test_metrics_model_a": {
        "ndcg": 0.5992710685719447,
        "spearman": 0.4153503893214683,
        "mrr_top2": 1.0,
        "mrr_top4": 1.0,
        "ndcg10": 0.5992710685719447,
        "ndcg_at_4": 0.35315119534797357,
        "ndcg_at_12": 0.5991190172721301,
        "ndcg_at_16": 0.6004071813555776,
        "ndcg_at_20": 0.6009823107453619,
        "roc_auc_upset": 0.7685185185185185
      },
      "test_metrics_model_b": {
        "ndcg": 0.8063721939044944,
        "spearman": 0.4175750834260289,
        "mrr_top2": 1.0,
        "mrr_top4": 1.0,
        "ndcg10": 0.8063721939044944,
        "ndcg_at_4": 0.7116242168324007,
        "ndcg_at_12": 0.806184579734205,
        "ndcg_at_16": 0.8062062034985027,
        "ndcg_at_20": 0.8480457831490306,
        "roc_auc_upset": 0.7644444444444445
      },
      "test_metrics_model_c": {
        "ndcg": 0.33348743391404295,
        "spearman": 0.23337041156840932,
        "mrr_top2": 0.16666666666666666,
        "mrr_top4": 0.16666666666666666,
        "ndcg10": 0.33348743391404295,
        "ndcg_at_4": 0.001111095381373398,
        "ndcg_at_12": 0.3389077264996702,
        "ndcg_at_16": 0.3596643455146382,
        "ndcg_at_20": 0.37000033942981986,
        "roc_auc_upset": 0.7633928571428571
      },
      "test_metrics_by_conference": {
        "E": {
          "ndcg": 0.3961650990001968,
          "spearman": 0.2321428571428571
        },
        "W": {
          "ndcg": 0.9410333004535666,
          "spearman": 0.6285714285714286
        }
      },
      "notes": {
        "eos_rank_source": "eos_final_rank"
      }
    },
    "2024-25": {
      "test_metrics_ensemble": {
        "ndcg": 0.48888675290103023,
        "spearman": 0.4625139043381535,
        "mrr_top2": 0.5,
        "mrr_top4": 0.5,
        "ndcg10": 0.48888675290103023,
        "ndcg_at_4": 0.4643944167678145,
        "ndcg_at_12": 0.5329984033834259,
        "ndcg_at_16": 0.5329792153897845,
        "ndcg_at_20": 0.5365829940425176,
        "roc_auc_upset": 0.7601809954751131,
        "rank_mae_pred_vs_playoff_final_results": 6.933333396911621,
        "rank_rmse_pred_vs_playoff_final_results": 8.97403621673584,
        "rank_mae_eos_standings_vs_playoff_final_results": 3.1333333333333333,
        "rank_rmse_eos_standings_vs_playoff_final_results": 4.449719092257398,
        "playoff_metrics": {
          "spearman_pred_vs_playoff_final_results": 0.48031145717463847,
          "ndcg_at_4_final_four": 0.4643812234227066,
          "ndcg10_pred_vs_playoff_final_results": 0.48887338621511567,
          "brier_championship_odds": 0.03222232684493065,
          "rank_mae_pred_vs_playoff_final_results": 6.933333396911621,
          "rank_rmse_pred_vs_playoff_final_results": 8.97403621673584,
          "rank_mae_eos_standings_vs_playoff_final_results": 3.1333333333333333,
          "rank_rmse_eos_standings_vs_playoff_final_results": 4.449719092257398
        }
      },
      "test_metrics_model_a": {
        "ndcg": 0.48888675290103023,
        "spearman": 0.457174638487208,
        "mrr_top2": 0.5,
        "mrr_top4": 0.5,
        "ndcg10": 0.48888675290103023,
        "ndcg_at_4": 0.4643944167678145,
        "ndcg_at_12": 0.5329984033834259,
        "ndcg_at_16": 0.5329791888863961,