{
  "notes": {
    "eval_on": "test",
    "eos_rank_source": "eos_final_rank",
    "upset_definition": "sleeper = EOS_global_rank > predicted_strength",
    "mrr_top2": "1/rank of first team in top 2 (champion+runner-up) in predicted order.",
    "mrr_top4": "1/rank of first team in top 4 (conference finals) in predicted order.",
    "per_conference_relevance": "Within E/W: actual rank derived from EOS_global_rank (1=best in conf); NDCG/Spearman use this relevance.",
    "playoff_metrics": "Spearman (pred global vs playoff_final_results), NDCG@4 (final four), Brier (champion vs odds). rank_mae/rank_rmse: pred vs playoff_final_results; eos_standings vs playoff_final_results (baseline)."
  },
  "split_info": {
    "train_frac": 0.75,
    "n_train_dates": 141,
    "n_test_dates": 36,
    "split_mode": "seasons"
  },
  "test_metrics_ensemble": {
    "ndcg": 0.4864035739059433,
    "spearman": 0.46696329254727476,
    "mrr_top2": 0.5,
    "mrr_top4": 0.5,
    "ndcg10": 0.4864035739059433,
    "ndcg_at_4": 0.46437685999867345,
    "ndcg_at_12": 0.5319184740482369,
    "ndcg_at_16": 0.5318998953154598,
    "ndcg_at_20": 0.5355055746310717,
    "roc_auc_upset": 0.7678571428571429,
    "rank_mae_pred_vs_playoff_final_results": 7.0,
    "rank_rmse_pred_vs_playoff_final_results": 8.93681526184082,
    "rank_mae_eos_standings_vs_playoff_final_results": 3.1333333333333333,
    "rank_rmse_eos_standings_vs_playoff_final_results": 4.449719092257398,
    "playoff_metrics": {
      "spearman_pred_vs_playoff_final_results": 0.4705228031145718,
      "ndcg_at_4_final_four": 0.4643768342304213,
      "ndcg10_pred_vs_playoff_final_results": 0.4863930969216104,
      "brier_championship_odds": 0.03222232684493065,
      "rank_mae_pred_vs_playoff_final_results": 7.0,
      "rank_rmse_pred_vs_playoff_final_results": 8.93681526184082,
      "rank_mae_eos_standings_vs_playoff_final_results": 3.1333333333333333,
      "rank_rmse_eos_standings_vs_playoff_final_results": 4.449719092257398
    }
  },
  "test_metrics_model_a": {
    "ndcg": 0.4864035739059433,
    "spearman": 0.4593993325917686,
    "mrr_top2": 0.5,
    "mrr_top4": 0.5,
    "ndcg10": 0.4864035739059433,
    "ndcg_at_4": 0.46437685999867345,
    "ndcg_at_12": 0.5319184740482369,
    "ndcg_at_16": 0.5318998953154598,
    "ndcg_at_20": 0.5354867586022758,
    "roc_auc_upset": 0.7723214285714286
  },
  "test_metrics_model_b": {
    "ndcg": 0.20447327093225284,
    "spearman": 0.6333704115684093,
    "mrr_top2": 0.16666666666666666,
    "mrr_top4": 0.16666666666666666,
    "ndcg10": 0.20447327093225284,
    "ndcg_at_4": 0.04166423104576856,
    "ndcg_at_12": 0.20451875275378498,
    "ndcg_at_16": 0.3959261698829644,
    "ndcg_at_20": 0.39592502580774086,
    "roc_auc_upset": 0.7918552036199095
  },
  "test_metrics_model_c": {
    "ndcg": 0.05124995751403931,
    "spearman": 0.3210233592880979,
    "mrr_top2": 0.07142857142857142,
    "mrr_top4": 0.2,
    "ndcg10": 0.05124995751403931,
    "ndcg_at_4": 0.00711064040423231,
    "ndcg_at_12": 0.056899138174850025,
    "ndcg_at_16": 0.18061907061753987,
    "ndcg_at_20": 0.18301677953213064,
    "roc_auc_upset": 0.8169642857142857
  },
  "test_metrics_by_conference": {
    "E": {
      "ndcg": 0.2647142153458276,
      "spearman": 0.23928571428571427
    },
    "W": {
      "ndcg": 0.7504940786340119,
      "spearman": 0.6392857142857141
    }
  },
  "by_season": {
    "2023-24": {
      "test_metrics_ensemble": {
        "ndcg": 0.5959323180902777,
        "spearman": 0.4295884315906563,
        "mrr_top2": 1.0,
        "mrr_top4": 1.0,
        "ndcg10": 0.5959323180902777,
        "ndcg_at_4": 0.35315119534797357,
        "ndcg_at_12": 0.5971472290924768,
        "ndcg_at_16": 0.5971079223005369,
        "ndcg_at_20": 0.5980124129628772,
        "roc_auc_upset": 0.7321428571428572,
        "rank_mae_pred_vs_playoff_final_results": 7.400000095367432,
        "rank_rmse_pred_vs_playoff_final_results": 9.244818687438965,
        "rank_mae_eos_standings_vs_playoff_final_results": 3.7333333333333334,
        "rank_rmse_eos_standings_vs_playoff_final_results": 6.093712606722878,
        "playoff_metrics": {
          "spearman_pred_vs_playoff_final_results": 0.4883203559510568,
          "ndcg_at_4_final_four": 0.35315119534797357,
          "ndcg10_pred_vs_playoff_final_results": 0.5959315989359516,
          "brier_championship_odds": 0.03222232684493065,
          "rank_mae_pred_vs_playoff_final_results": 7.400000095367432,
          "rank_rmse_pred_vs_playoff_final_results": 9.244818687438965,
          "rank_mae_eos_standings_vs_playoff_final_results": 3.7333333333333334,
          "rank_rmse_eos_standings_vs_playoff_final_results": 6.093712606722878
        }
      },
      "test_metrics_model_a": {
        "ndcg": 0.5959323180902777,
        "spearman": 0.4295884315906563,
        "mrr_top2": 1.0,
        "mrr_top4": 1.0,
        "ndcg10": 0.5959323180902777,
        "ndcg_at_4": 0.35315119534797357,
        "ndcg_at_12": 0.5971472290924768,
        "ndcg_at_16": 0.5971079223005369,
        "ndcg_at_20": 0.5980124129628772,
        "roc_auc_upset": 0.7321428571428572
      },
      "test_metrics_model_b": {
        "ndcg": 0.8008296938117343,
        "spearman": 0.4402669632925473,
        "mrr_top2": 1.0,
        "mrr_top4": 1.0,
        "ndcg10": 0.8008296938117343,
        "ndcg_at_4": 0.705915834267812,
        "ndcg_at_12": 0.8006441394471006,
        "ndcg_at_16": 0.800662833336073,
        "ndcg_at_20": 0.8431005519874347,
        "roc_auc_upset": 0.751131221719457
      },
      "test_metrics_model_c": {
        "ndcg": 0.3335099094849099,
        "spearman": 0.23559510567296996,
        "mrr_top2": 0.16666666666666666,
        "mrr_top4": 0.16666666666666666,
        "ndcg10": 0.3335099094849099,
        "ndcg_at_4": 0.0011069724610271625,
        "ndcg_at_12": 0.3389081203242068,
        "ndcg_at_16": 0.3596647393089661,
        "ndcg_at_20": 0.3700007332224158,
        "roc_auc_upset": 0.7633928571428571
      },
      "test_metrics_by_conference": {
        "E": {
          "ndcg": 0.3869402032684001,
          "spearman": 0.2821428571428571
        },
        "W": {
          "ndcg": 0.9371164481735417,
          "spearman": 0.5857142857142856
        }
      },
      "notes": {
        "eos_rank_source": "eos_final_rank"
      }
    },
    "2024-25": {
      "test_metrics_ensemble": {
        "ndcg": 0.4864035739059433,
        "spearman": 0.46696329254727476,
        "mrr_top2": 0.5,
        "mrr_top4": 0.5,
        "ndcg10": 0.4864035739059433,
        "ndcg_at_4": 0.46437685999867345,
        "ndcg_at_12": 0.5319184740482369,
        "ndcg_at_16": 0.5318998953154598,
        "ndcg_at_20": 0.5355055746310717,
        "roc_auc_upset": 0.7678571428571429,
        "rank_mae_pred_vs_playoff_final_results": 7.0,
        "rank_rmse_pred_vs_playoff_final_results": 8.93681526184082,
        "rank_mae_eos_standings_vs_playoff_final_results": 3.1333333333333333,
        "rank_rmse_eos_standings_vs_playoff_final_results": 4.449719092257398,
        "playoff_metrics": {
          "spearman_pred_vs_playoff_final_results": 0.4705228031145718,
          "ndcg_at_4_final_four": 0.4643768342304213,
          "ndcg10_pred_vs_playoff_final_results": 0.4863930969216104,
          "brier_championship_odds": 0.03222232684493065,
          "rank_mae_pred_vs_playoff_final_results": 7.0,
          "rank_rmse_pred_vs_playoff_final_results": 8.93681526184082,
          "rank_mae_eos_standings_vs_playoff_final_results": 3.1333333333333333,
          "rank_rmse_eos_standings_vs_playoff_final_results": 4.449719092257398
        }
      },
      "test_metrics_model_a": {
        "ndcg": 0.4864035739059433,
        "spearman": 0.4593993325917686,
        "mrr_top2": 0.5,
        "mrr_top4": 0.5,
        "ndcg10": 0.4864035739059433,
        "ndcg_at_4": 0.46437685999867345,
        "ndcg_at_12": 0.5319184740482369,
        "ndcg_at_16": 0.5318998953154598,