{
  "test_metrics_ensemble": {
    "ndcg": 0.48598873574418816,
    "spearman": 0.4887652947719689,
    "mrr_top2": 0.5,
    "mrr_top4": 0.5,
    "ndcg10": 0.48598873574418816,
    "ndcg_at_4": 0.4747879258974167,
    "ndcg_at_12": 0.5297479339568003,
    "ndcg_at_16": 0.5297295475523649,
    "ndcg_at_20": 0.5332969452603986,
    "roc_auc_upset": 0.8044444444444445,
    "rank_mae_pred_vs_playoff_final_results": 6.933333396911621,
    "rank_rmse_pred_vs_playoff_final_results": 8.752142906188965,
    "rank_mae_eos_standings_vs_playoff_final_results": 3.1333333333333333,
    "rank_rmse_eos_standings_vs_playoff_final_results": 4.449719092257398,
    "playoff_metrics": {
      "spearman_pred_vs_playoff_final_results": 0.4958843159065628,
      "ndcg_at_4_final_four": 0.4747879258974167,
      "ndcg10_pred_vs_playoff_final_results": 0.48597812246549504,
      "brier_championship_odds": 0.03222232684493065,
      "rank_mae_pred_vs_playoff_final_results": 6.933333396911621,
      "rank_rmse_pred_vs_playoff_final_results": 8.752142906188965,
      "rank_mae_eos_standings_vs_playoff_final_results": 3.1333333333333333,
      "rank_rmse_eos_standings_vs_playoff_final_results": 4.449719092257398
    }
  },
  "test_metrics_model_a": {
    "ndcg": 0.48598873574418816,
    "spearman": 0.4887652947719689,
    "mrr_top2": 0.5,
    "mrr_top4": 0.5,
    "ndcg10": 0.48598873574418816,
    "ndcg_at_4": 0.4747879258974167,
    "ndcg_at_12": 0.5297479339568003,
    "ndcg_at_16": 0.5297295475523649,
    "ndcg_at_20": 0.5332969452603986,
    "roc_auc_upset": 0.8044444444444445
  },
  "test_metrics_model_b": {
    "ndcg": 0.21441954104337801,
    "spearman": 0.560845383759733,
    "mrr_top2": 0.2,
    "mrr_top4": 0.2,
    "ndcg10": 0.21441954104337801,
    "ndcg_at_4": 0.04166423104576856,
    "ndcg_at_12": 0.2363947762185742,
    "ndcg_at_16": 0.2363874623133401,
    "ndcg_at_20": 0.384304912327074,
    "roc_auc_upset": 0.8009259259259259
  },
  "test_metrics_model_c": {
    "ndcg": 0.05139534647930671,
    "spearman": 0.3050055617352614,
    "mrr_top2": 0.06666666666666667,
    "mrr_top4": 0.2,
    "ndcg10": 0.05139534647930671,
    "ndcg_at_4": 0.0072603807417201014,
    "ndcg_at_12": 0.05704448895120833,
    "ndcg_at_16": 0.1779607433491712,
    "ndcg_at_20": 0.18035846395567354,
    "roc_auc_upset": 0.8258928571428571
  },
  "test_metrics_by_conference": {
    "E": {
      "ndcg": 0.34408280759264154,
      "spearman": 0.3321428571428571
    },
    "W": {
      "ndcg": 0.751117189123901,
      "spearman": 0.6642857142857141
    }
  },
  "notes": {
    "eos_rank_source": "eos_final_rank"
  }
}