{
  "test_metrics_ensemble": {
    "ndcg": 0.5837081302757876,
    "spearman": 0.4242491657397108,
    "mrr_top2": 1.0,
    "mrr_top4": 1.0,
    "ndcg10": 0.5837081302757876,
    "ndcg_at_4": 0.35315119534797357,
    "ndcg_at_12": 0.6288599682724786,
    "ndcg_at_16": 0.6307326546917242,
    "ndcg_at_20": 0.6307300168048976,
    "roc_auc_upset": 0.7149321266968326,
    "rank_mae_pred_vs_playoff_final_results": 7.599999904632568,
    "rank_rmse_pred_vs_playoff_final_results": 9.287984848022461,
    "rank_mae_eos_standings_vs_playoff_final_results": 3.7333333333333334,
    "rank_rmse_eos_standings_vs_playoff_final_results": 6.093712606722878,
    "playoff_metrics": {
      "spearman_pred_vs_playoff_final_results": 0.4522803114571746,
      "ndcg_at_4_final_four": 0.35315119534797357,
      "ndcg10_pred_vs_playoff_final_results": 0.5837131423443689,
      "brier_championship_odds": 0.03222232684493065,
      "rank_mae_pred_vs_playoff_final_results": 7.599999904632568,
      "rank_rmse_pred_vs_playoff_final_results": 9.287984848022461,
      "rank_mae_eos_standings_vs_playoff_final_results": 3.7333333333333334,
      "rank_rmse_eos_standings_vs_playoff_final_results": 6.093712606722878
    }
  },
  "test_metrics_model_a": {
    "ndcg": 0.5837081302757876,
    "spearman": 0.4189098998887653,
    "mrr_top2": 1.0,
    "mrr_top4": 1.0,
    "ndcg10": 0.5837081302757876,
    "ndcg_at_4": 0.35315119534797357,
    "ndcg_at_12": 0.6288599682724786,
    "ndcg_at_16": 0.6307326546917242,
    "ndcg_at_20": 0.6307300168048976,
    "roc_auc_upset": 0.7194570135746606
  },
  "test_metrics_model_b": {
    "ndcg": 0.8080962694100556,
    "spearman": 0.4269187986651835,
    "mrr_top2": 1.0,
    "mrr_top4": 1.0,
    "ndcg10": 0.8080962694100556,
    "ndcg_at_4": 0.729074614628521,
    "ndcg_at_12": 0.8078866981108429,
    "ndcg_at_16": 0.8079256288408998,
    "ndcg_at_20": 0.8516469092210431,
    "roc_auc_upset": 0.8303571428571428
  },
  "test_metrics_model_c": {
    "ndcg": 0.333487026575135,
    "spearman": 0.23159065628476083,
    "mrr_top2": 0.16666666666666666,
    "mrr_top4": 0.16666666666666666,
    "ndcg10": 0.333487026575135,
    "ndcg_at_4": 0.0011069724610271625,
    "ndcg_at_12": 0.33890731926775686,
    "ndcg_at_16": 0.35966393831396193,
    "ndcg_at_20": 0.3699999322309346,
    "roc_auc_upset": 0.7633928571428571
  },
  "test_metrics_by_conference": {
    "E": {
      "ndcg": 0.4065672786025889,
      "spearman": 0.2785714285714285
    },
    "W": {
      "ndcg": 0.9151658054588255,
      "spearman": 0.5107142857142856
    }
  },
  "notes": {
    "eos_rank_source": "eos_final_rank"
  }
}