{
  "test_metrics_ensemble": {
    "ndcg": 0.39784783204621277,
    "spearman": 0.3686318131256952,
    "mrr_top2": 1.0,
    "mrr_top4": 1.0,
    "ndcg10": 0.39784783204621277,
    "ndcg_at_4": 0.33513898093933947,
    "ndcg_at_12": 0.5732935023642955,
    "ndcg_at_16": 0.5745932982184334,
    "ndcg_at_20": 0.5751779394829368,
    "roc_auc_upset": 0.75,
    "rank_mae_pred_vs_playoff_final_results": 7.800000190734863,
    "rank_rmse_pred_vs_playoff_final_results": 9.726253509521484,
    "rank_mae_eos_standings_vs_playoff_final_results": 3.7333333333333334,
    "rank_rmse_eos_standings_vs_playoff_final_results": 6.093712606722878,
    "playoff_metrics": {
      "spearman_pred_vs_playoff_final_results": 0.4189098998887653,
      "ndcg_at_4_final_four": 0.33513815635527017,
      "ndcg10_pred_vs_playoff_final_results": 0.39785328607483983,
      "brier_championship_odds": 0.03222232684493065,
      "rank_mae_pred_vs_playoff_final_results": 7.800000190734863,
      "rank_rmse_pred_vs_playoff_final_results": 9.726253509521484,
      "rank_mae_eos_standings_vs_playoff_final_results": 3.7333333333333334,
      "rank_rmse_eos_standings_vs_playoff_final_results": 6.093712606722878
    }
  },
  "test_metrics_model_a": {
    "ndcg": 0.39784783204621277,
    "spearman": 0.3681868743047831,
    "mrr_top2": 1.0,
    "mrr_top4": 1.0,
    "ndcg10": 0.39784783204621277,
    "ndcg_at_4": 0.33513898093933947,
    "ndcg_at_12": 0.5732935023642955,
    "ndcg_at_16": 0.5745932982184334,
    "ndcg_at_20": 0.5751779394829368,
    "roc_auc_upset": 0.75
  },
  "test_metrics_model_b": {
    "ndcg": 0.5771573489471006,
    "spearman": 0.43804226918798667,
    "mrr_top2": 0.5,
    "mrr_top4": 0.5,
    "ndcg10": 0.5771573489471006,
    "ndcg_at_4": 0.44093212795935904,
    "ndcg_at_12": 0.577027177787618,
    "ndcg_at_16": 0.6196409292031875,
    "ndcg_at_20": 0.6197132960435568,
    "roc_auc_upset": 0.7633928571428571
  },
  "test_metrics_model_c": {
    "ndcg": 0.333487026575135,
    "spearman": 0.2422691879866518,
    "mrr_top2": 0.16666666666666666,
    "mrr_top4": 0.16666666666666666,
    "ndcg10": 0.333487026575135,
    "ndcg_at_4": 0.0011069724610271625,
    "ndcg_at_12": 0.33890731926775686,
    "ndcg_at_16": 0.35966393831396193,
    "ndcg_at_20": 0.37117378097667086,
    "roc_auc_upset": 0.7777777777777778
  },
  "test_metrics_by_conference": {
    "E": {
      "ndcg": 0.38689768138590575,
      "spearman": 0.2571428571428571
    },
    "W": {
      "ndcg": 0.9225332876043933,
      "spearman": 0.5714285714285713
    }
  },
  "notes": {
    "eos_rank_source": "eos_final_rank"
  }
}