{
  "notes": {
    "eval_on": "test",
    "eos_rank_source": "eos_final_rank",
    "upset_definition": "sleeper = EOS_global_rank > predicted_strength",
    "mrr_top2": "1/rank of first team in top 2 (champion+runner-up) in predicted order.",
    "mrr_top4": "1/rank of first team in top 4 (conference finals) in predicted order.",
    "per_conference_relevance": "Within E/W: actual rank derived from EOS_global_rank (1=best in conf); NDCG/Spearman use this relevance.",
    "playoff_metrics": "Spearman (pred global vs playoff_final_results), NDCG@4 (final four), Brier (champion vs odds). rank_mae/rank_rmse: pred vs playoff_final_results; eos_standings vs playoff_final_results (baseline)."
  },
  "split_info": {
    "train_frac": 0.75,
    "n_train_dates": 141,
    "n_test_dates": 36,
    "split_mode": "seasons"
  },
  "test_metrics_ensemble": {
    "ndcg": 0.4891992608744856,
    "spearman": 0.48654060066740823,
    "mrr_top2": 0.5,
    "mrr_top4": 0.5,
    "ndcg10": 0.4891992608744856,
    "ndcg_at_4": 0.4643519436832566,
    "ndcg_at_12": 0.5329576157875247,
    "ndcg_at_16": 0.5329389573463799,
    "ndcg_at_20": 0.5364688573577296,
    "roc_auc_upset": 0.7455357142857142,
    "rank_mae_pred_vs_playoff_final_results": 6.666666507720947,
    "rank_rmse_pred_vs_playoff_final_results": 8.771164894104004,
    "rank_mae_eos_standings_vs_playoff_final_results": 3.1333333333333333,
    "rank_rmse_eos_standings_vs_playoff_final_results": 4.449719092257398,
    "playoff_metrics": {
      "spearman_pred_vs_playoff_final_results": 0.48209121245828696,
      "ndcg_at_4_final_four": 0.46433662668392073,
      "ndcg10_pred_vs_playoff_final_results": 0.48918436828549783,
      "brier_championship_odds": 0.03222232684493065,
      "rank_mae_pred_vs_playoff_final_results": 6.666666507720947,
      "rank_rmse_pred_vs_playoff_final_results": 8.771164894104004,
      "rank_mae_eos_standings_vs_playoff_final_results": 3.1333333333333333,
      "rank_rmse_eos_standings_vs_playoff_final_results": 4.449719092257398
    }
  },
  "test_metrics_model_a": {
    "ndcg": 0.4891992608744856,
    "spearman": 0.47497219132369295,
    "mrr_top2": 0.5,
    "mrr_top4": 0.5,
    "ndcg10": 0.4891992608744856,
    "ndcg_at_4": 0.4643519436832566,
    "ndcg_at_12": 0.5329576157875247,
    "ndcg_at_16": 0.5329389573463799,
    "ndcg_at_20": 0.5364688573577296,
    "roc_auc_upset": 0.7455357142857142
  },
  "test_metrics_model_b": {
    "ndcg": 0.15760907171331281,
    "spearman": 0.4909899888765294,
    "mrr_top2": 0.16666666666666666,
    "mrr_top4": 0.16666666666666666,
    "ndcg10": 0.15760907171331281,
    "ndcg_at_4": 0.04166423104576856,
    "ndcg_at_12": 0.15757838974586838,
    "ndcg_at_16": 0.22055621375022508,
    "ndcg_at_20": 0.22056011969721082,
    "roc_auc_upset": 0.755
  },
  "test_metrics_model_c": {
    "ndcg": 0.05124995751403931,
    "spearman": 0.3032258064516129,
    "mrr_top2": 0.0625,
    "mrr_top4": 0.2,
    "ndcg10": 0.05124995751403931,
    "ndcg_at_4": 0.00711064040423231,
    "ndcg_at_12": 0.056899138174850025,
    "ndcg_at_16": 0.1769467286075223,
    "ndcg_at_20": 0.17934445367388585,
    "roc_auc_upset": 0.8258928571428571
  },
  "test_metrics_by_conference": {
    "E": {
      "ndcg": 0.24502219013247936,
      "spearman": 0.19999999999999998
    },
    "W": {
      "ndcg": 0.7743192083433101,
      "spearman": 0.7249999999999999
    }
  },
  "by_season": {
    "2023-24": {
      "test_metrics_ensemble": {
        "ndcg": 0.5489227567395806,
        "spearman": 0.41490545050055616,
        "mrr_top2": 1.0,
        "mrr_top4": 1.0,
        "ndcg10": 0.5489227567395806,
        "ndcg_at_4": 0.35315119534797357,
        "ndcg_at_12": 0.594079713814139,
        "ndcg_at_16": 0.5953719517440849,
        "ndcg_at_20": 0.5959868993554067,
        "roc_auc_upset": 0.8080357142857143,
        "rank_mae_pred_vs_playoff_final_results": 7.333333492279053,
        "rank_rmse_pred_vs_playoff_final_results": 9.36304759979248,
        "rank_mae_eos_standings_vs_playoff_final_results": 3.7333333333333334,
        "rank_rmse_eos_standings_vs_playoff_final_results": 6.093712606722878,
        "playoff_metrics": {
          "spearman_pred_vs_playoff_final_results": 0.47230255839822033,
          "ndcg_at_4_final_four": 0.35315119534797357,
          "ndcg10_pred_vs_playoff_final_results": 0.5489277688081619,
          "brier_championship_odds": 0.03222232684493065,
          "rank_mae_pred_vs_playoff_final_results": 7.333333492279053,
          "rank_rmse_pred_vs_playoff_final_results": 9.36304759979248,
          "rank_mae_eos_standings_vs_playoff_final_results": 3.7333333333333334,
          "rank_rmse_eos_standings_vs_playoff_final_results": 6.093712606722878
        }
      },
      "test_metrics_model_a": {
        "ndcg": 0.5411482319759596,
        "spearman": 0.39443826473859844,
        "mrr_top2": 1.0,
        "mrr_top4": 1.0,
        "ndcg10": 0.5411482319759596,
        "ndcg_at_4": 0.35315119534797357,
        "ndcg_at_12": 0.5863072311629915,
        "ndcg_at_16": 0.5875661090077112,
        "ndcg_at_20": 0.5881810909508569,
        "roc_auc_upset": 0.8169642857142857
      },
      "test_metrics_model_b": {
        "ndcg": 0.5696604880023005,
        "spearman": 0.439377085650723,
        "mrr_top2": 0.5,
        "mrr_top4": 0.5,
        "ndcg10": 0.5696604880023005,
        "ndcg_at_4": 0.44093212795935904,
        "ndcg_at_12": 0.5695356542004015,
        "ndcg_at_16": 0.5746483505654559,
        "ndcg_at_20": 0.5746510107244691,
        "roc_auc_upset": 0.7601809954751131
      },
      "test_metrics_model_c": {
        "ndcg": 0.3335103168238178,
        "spearman": 0.23737486095661847,
        "mrr_top2": 0.16666666666666666,
        "mrr_top4": 0.16666666666666666,
        "ndcg10": 0.3335103168238178,
        "ndcg_at_4": 0.001111095381373398,
        "ndcg_at_12": 0.33890852755612016,
        "ndcg_at_16": 0.3596651465096424,
        "ndcg_at_20": 0.37000114042130106,
        "roc_auc_upset": 0.7633928571428571
      },
      "test_metrics_by_conference": {
        "E": {
          "ndcg": 0.3851402749883562,
          "spearman": 0.2642857142857143
        },
        "W": {
          "ndcg": 0.9193500683938988,
          "spearman": 0.5285714285714286
        }
      },
      "notes": {
        "eos_rank_source": "eos_final_rank"
      }
    },
    "2024-25": {
      "test_metrics_ensemble": {
        "ndcg": 0.4891992608744856,
        "spearman": 0.48654060066740823,
        "mrr_top2": 0.5,
        "mrr_top4": 0.5,
        "ndcg10": 0.4891992608744856,
        "ndcg_at_4": 0.4643519436832566,
        "ndcg_at_12": 0.5329576157875247,
        "ndcg_at_16": 0.5329389573463799,
        "ndcg_at_20": 0.5364688573577296,
        "roc_auc_upset": 0.7455357142857142,
        "rank_mae_pred_vs_playoff_final_results": 6.666666507720947,
        "rank_rmse_pred_vs_playoff_final_results": 8.771164894104004,
        "rank_mae_eos_standings_vs_playoff_final_results": 3.1333333333333333,
        "rank_rmse_eos_standings_vs_playoff_final_results": 4.449719092257398,
        "playoff_metrics": {
          "spearman_pred_vs_playoff_final_results": 0.48209121245828696,
          "ndcg_at_4_final_four": 0.46433662668392073,
          "ndcg10_pred_vs_playoff_final_results": 0.48918436828549783,
          "brier_championship_odds": 0.03222232684493065,
          "rank_mae_pred_vs_playoff_final_results": 6.666666507720947,
          "rank_rmse_pred_vs_playoff_final_results": 8.771164894104004,
          "rank_mae_eos_standings_vs_playoff_final_results": 3.1333333333333333,
          "rank_rmse_eos_standings_vs_playoff_final_results": 4.449719092257398
        }
      },
      "test_metrics_model_a": {
        "ndcg": 0.4891992608744856,
        "spearman": 0.47497219132369295,
        "mrr_top2": 0.5,
        "mrr_top4": 0.5,
        "ndcg10": 0.4891992608744856,
        "ndcg_at_4": 0.4643519436832566,
        "ndcg_at_12": 0.5329576157875247,