{
  "test_metrics_ensemble": {
    "ndcg": 0.5311660619947594,
    "spearman": 0.5092324805339266,
    "mrr_top2": 0.5,
    "mrr_top4": 0.5,
    "ndcg10": 0.5311660619947594,
    "ndcg_at_4": 0.46421121466877174,
    "ndcg_at_12": 0.5313694240028385,
    "ndcg_at_16": 0.531349918076356,
    "ndcg_at_20": 0.5349174573495781,
    "roc_auc_upset": 0.755656108597285,
    "rank_mae_pred_vs_playoff_final_results": 6.866666793823242,
    "rank_rmse_pred_vs_playoff_final_results": 8.57515811920166,
    "rank_mae_eos_standings_vs_playoff_final_results": 3.1333333333333333,
    "rank_rmse_eos_standings_vs_playoff_final_results": 4.449719092257398,
    "playoff_metrics": {
      "spearman_pred_vs_playoff_final_results": 0.5065628476084539,
      "ndcg_at_4_final_four": 0.46419589766943586,
      "ndcg10_pred_vs_playoff_final_results": 0.5311506036539437,
      "brier_championship_odds": 0.03222232684493065,
      "rank_mae_pred_vs_playoff_final_results": 6.866666793823242,
      "rank_rmse_pred_vs_playoff_final_results": 8.57515811920166,
      "rank_mae_eos_standings_vs_playoff_final_results": 3.1333333333333333,
      "rank_rmse_eos_standings_vs_playoff_final_results": 4.449719092257398
    }
  },
  "test_metrics_model_a": {
    "ndcg": 0.5311660619947594,
    "spearman": 0.5092324805339266,
    "mrr_top2": 0.5,
    "mrr_top4": 0.5,
    "ndcg10": 0.5311660619947594,
    "ndcg_at_4": 0.46421121466877174,
    "ndcg_at_12": 0.5313694240028385,
    "ndcg_at_16": 0.531349918076356,
    "ndcg_at_20": 0.5349174573495781,
    "roc_auc_upset": 0.755656108597285
  },
  "test_metrics_model_b": {
    "ndcg": 0.16619710541230373,
    "spearman": 0.5946607341490544,
    "mrr_top2": 0.2,
    "mrr_top4": 0.2,
    "ndcg10": 0.16619710541230373,
    "ndcg_at_4": 0.04029517653159447,
    "ndcg_at_12": 0.2100506706916042,
    "ndcg_at_16": 0.2314004061155104,
    "ndcg_at_20": 0.3816896346420807,
    "roc_auc_upset": 0.7368421052631577
  },
  "test_metrics_model_c": {
    "ndcg": 0.05124995751403931,
    "spearman": 0.30233592880978866,
    "mrr_top2": 0.06666666666666667,
    "mrr_top4": 0.2,
    "ndcg10": 0.05124995751403931,
    "ndcg_at_4": 0.00711064040423231,
    "ndcg_at_12": 0.056899138174850025,
    "ndcg_at_16": 0.17781540372208415,
    "ndcg_at_20": 0.18021312496782235,
    "roc_auc_upset": 0.8258928571428571
  },
  "test_metrics_by_conference": {
    "E": {
      "ndcg": 0.2644308135698476,
      "spearman": 0.34642857142857136
    },
    "W": {
      "ndcg": 0.7519157235194247,
      "spearman": 0.6928571428571427
    }
  },
  "notes": {
    "eos_rank_source": "eos_final_rank"
  }
}