{
  "notes": {
    "eval_on": "test",
    "eos_rank_source": "eos_final_rank",
    "upset_definition": "sleeper = EOS_global_rank > predicted_strength",
    "mrr_top2": "1/rank of first team in top 2 (champion+runner-up) in predicted order.",
    "mrr_top4": "1/rank of first team in top 4 (conference finals) in predicted order.",
    "per_conference_relevance": "Within E/W: actual rank derived from EOS_global_rank (1=best in conf); NDCG/Spearman use this relevance.",
    "playoff_metrics": "Spearman (pred global vs playoff_final_results), NDCG@4 (final four), Brier (champion vs odds). rank_mae/rank_rmse: pred vs playoff_final_results; eos_standings vs playoff_final_results (baseline)."
  },
  "split_info": {
    "train_frac": 0.75,
    "n_train_dates": 141,
    "n_test_dates": 36,
    "split_mode": "seasons"
  },
  "test_metrics_ensemble": {
    "ndcg": 0.5311660619947594,
    "spearman": 0.5092324805339266,
    "mrr_top2": 0.5,
    "mrr_top4": 0.5,
    "ndcg10": 0.5311660619947594,
    "ndcg_at_4": 0.46421121466877174,
    "ndcg_at_12": 0.5313694240028385,
    "ndcg_at_16": 0.531349918076356,
    "ndcg_at_20": 0.5349174573495781,
    "roc_auc_upset": 0.755656108597285,
    "rank_mae_pred_vs_playoff_final_results": 6.866666793823242,
    "rank_rmse_pred_vs_playoff_final_results": 8.57515811920166,
    "rank_mae_eos_standings_vs_playoff_final_results": 3.1333333333333333,
    "rank_rmse_eos_standings_vs_playoff_final_results": 4.449719092257398,
    "playoff_metrics": {
      "spearman_pred_vs_playoff_final_results": 0.5065628476084539,
      "ndcg_at_4_final_four": 0.46419589766943586,
      "ndcg10_pred_vs_playoff_final_results": 0.5311506036539437,
      "brier_championship_odds": 0.03222232684493065,
      "rank_mae_pred_vs_playoff_final_results": 6.866666793823242,
      "rank_rmse_pred_vs_playoff_final_results": 8.57515811920166,
      "rank_mae_eos_standings_vs_playoff_final_results": 3.1333333333333333,
      "rank_rmse_eos_standings_vs_playoff_final_results": 4.449719092257398
    }
  },
  "test_metrics_model_a": {
    "ndcg": 0.5311660619947594,
    "spearman": 0.5092324805339266,
    "mrr_top2": 0.5,
    "mrr_top4": 0.5,
    "ndcg10": 0.5311660619947594,
    "ndcg_at_4": 0.46421121466877174,
    "ndcg_at_12": 0.5313694240028385,
    "ndcg_at_16": 0.531349918076356,
    "ndcg_at_20": 0.5349174573495781,
    "roc_auc_upset": 0.755656108597285
  },
  "test_metrics_model_b": {
    "ndcg": 0.16619710541230373,
    "spearman": 0.5946607341490544,
    "mrr_top2": 0.2,
    "mrr_top4": 0.2,
    "ndcg10": 0.16619710541230373,
    "ndcg_at_4": 0.04029517653159447,
    "ndcg_at_12": 0.2100506706916042,
    "ndcg_at_16": 0.2314004061155104,
    "ndcg_at_20": 0.3816896346420807,
    "roc_auc_upset": 0.7368421052631577
  },
  "test_metrics_model_c": {
    "ndcg": 0.05124995751403931,
    "spearman": 0.30233592880978866,
    "mrr_top2": 0.06666666666666667,
    "mrr_top4": 0.2,
    "ndcg10": 0.05124995751403931,
    "ndcg_at_4": 0.00711064040423231,
    "ndcg_at_12": 0.056899138174850025,
    "ndcg_at_16": 0.17781540372208415,
    "ndcg_at_20": 0.18021312496782235,
    "roc_auc_upset": 0.8258928571428571
  },
  "test_metrics_by_conference": {
    "E": {
      "ndcg": 0.2644308135698476,
      "spearman": 0.34642857142857136
    },
    "W": {
      "ndcg": 0.7519157235194247,
      "spearman": 0.6928571428571427
    }
  },
  "by_season": {
    "2023-24": {
      "test_metrics_ensemble": {
        "ndcg": 0.5491549846260626,
        "spearman": 0.3882091212458286,
        "mrr_top2": 1.0,
        "mrr_top4": 1.0,
        "ndcg10": 0.5491549846260626,
        "ndcg_at_4": 0.35315119534797357,
        "ndcg_at_12": 0.5490176083645213,
        "ndcg_at_16": 0.5929249021906019,
        "ndcg_at_20": 0.5929315507907673,
        "roc_auc_upset": 0.7544642857142857,
        "rank_mae_pred_vs_playoff_final_results": 7.733333110809326,
        "rank_rmse_pred_vs_playoff_final_results": 9.574271202087402,
        "rank_mae_eos_standings_vs_playoff_final_results": 3.7333333333333334,
        "rank_rmse_eos_standings_vs_playoff_final_results": 6.093712606722878,
        "playoff_metrics": {
          "spearman_pred_vs_playoff_final_results": 0.40333704115684094,
          "ndcg_at_4_final_four": 0.35315119534797357,
          "ndcg10_pred_vs_playoff_final_results": 0.549159996694644,
          "brier_championship_odds": 0.03222232684493065,
          "rank_mae_pred_vs_playoff_final_results": 7.733333110809326,
          "rank_rmse_pred_vs_playoff_final_results": 9.574271202087402,
          "rank_mae_eos_standings_vs_playoff_final_results": 3.7333333333333334,
          "rank_rmse_eos_standings_vs_playoff_final_results": 6.093712606722878
        }
      },
      "test_metrics_model_a": {
        "ndcg": 0.5413804598624418,
        "spearman": 0.3757508342602892,
        "mrr_top2": 1.0,
        "mrr_top4": 1.0,
        "ndcg10": 0.5413804598624418,
        "ndcg_at_4": 0.35315119534797357,
        "ndcg_at_12": 0.5412451257133738,
        "ndcg_at_16": 0.5851530157352195,
        "ndcg_at_20": 0.5851596985178614,
        "roc_auc_upset": 0.7589285714285714
      },
      "test_metrics_model_b": {
        "ndcg": 0.5639460618676359,
        "spearman": 0.4816462736373748,
        "mrr_top2": 0.5,
        "mrr_top4": 0.5,
        "ndcg10": 0.5639460618676359,
        "ndcg_at_4": 0.44093212795935904,
        "ndcg_at_12": 0.6076868569098313,
        "ndcg_at_16": 0.6077458421890406,
        "ndcg_at_20": 0.6123648872958277,
        "roc_auc_upset": 0.7555555555555555
      },
      "test_metrics_model_c": {
        "ndcg": 0.333487026575135,
        "spearman": 0.23515016685205786,
        "mrr_top2": 0.16666666666666666,
        "mrr_top4": 0.16666666666666666,
        "ndcg10": 0.333487026575135,
        "ndcg_at_4": 0.0011069724610271625,
        "ndcg_at_12": 0.33890731926775686,
        "ndcg_at_16": 0.35966393831396193,
        "ndcg_at_20": 0.3711507384927367,
        "roc_auc_upset": 0.7633928571428571
      },
      "test_metrics_by_conference": {
        "E": {
          "ndcg": 0.38465527253246934,
          "spearman": 0.25357142857142856
        },
        "W": {
          "ndcg": 0.9149577747861424,
          "spearman": 0.5499999999999999
        }
      },
      "notes": {
        "eos_rank_source": "eos_final_rank"
      }
    },
    "2024-25": {
      "test_metrics_ensemble": {
        "ndcg": 0.5311660619947594,
        "spearman": 0.5092324805339266,
        "mrr_top2": 0.5,
        "mrr_top4": 0.5,
        "ndcg10": 0.5311660619947594,
        "ndcg_at_4": 0.46421121466877174,
        "ndcg_at_12": 0.5313694240028385,
        "ndcg_at_16": 0.531349918076356,
        "ndcg_at_20": 0.5349174573495781,
        "roc_auc_upset": 0.755656108597285,
        "rank_mae_pred_vs_playoff_final_results": 6.866666793823242,
        "rank_rmse_pred_vs_playoff_final_results": 8.57515811920166,
        "rank_mae_eos_standings_vs_playoff_final_results": 3.1333333333333333,
        "rank_rmse_eos_standings_vs_playoff_final_results": 4.449719092257398,
        "playoff_metrics": {
          "spearman_pred_vs_playoff_final_results": 0.5065628476084539,
          "ndcg_at_4_final_four": 0.46419589766943586,
          "ndcg10_pred_vs_playoff_final_results": 0.5311506036539437,
          "brier_championship_odds": 0.03222232684493065,
          "rank_mae_pred_vs_playoff_final_results": 6.866666793823242,
          "rank_rmse_pred_vs_playoff_final_results": 8.57515811920166,
          "rank_mae_eos_standings_vs_playoff_final_results": 3.1333333333333333,
          "rank_rmse_eos_standings_vs_playoff_final_results": 4.449719092257398
        }
      },
      "test_metrics_model_a": {
        "ndcg": 0.5311660619947594,
        "spearman": 0.5092324805339266,
        "mrr_top2": 0.5,
        "mrr_top4": 0.5,
        "ndcg10": 0.5311660619947594,
        "ndcg_at_4": 0.46421121466877174,
        "ndcg_at_12": 0.5313694240028385,
        "ndcg_at_16": 0.531349918076356,