{
  "test_metrics_ensemble": {
    "ndcg": 0.5491549846260626,
    "spearman": 0.3882091212458286,
    "mrr_top2": 1.0,
    "mrr_top4": 1.0,
    "ndcg10": 0.5491549846260626,
    "ndcg_at_4": 0.35315119534797357,
    "ndcg_at_12": 0.5490176083645213,
    "ndcg_at_16": 0.5929249021906019,
    "ndcg_at_20": 0.5929315507907673,
    "roc_auc_upset": 0.7544642857142857,
    "rank_mae_pred_vs_playoff_final_results": 7.733333110809326,
    "rank_rmse_pred_vs_playoff_final_results": 9.574271202087402,
    "rank_mae_eos_standings_vs_playoff_final_results": 3.7333333333333334,
    "rank_rmse_eos_standings_vs_playoff_final_results": 6.093712606722878,
    "playoff_metrics": {
      "spearman_pred_vs_playoff_final_results": 0.40333704115684094,
      "ndcg_at_4_final_four": 0.35315119534797357,
      "ndcg10_pred_vs_playoff_final_results": 0.549159996694644,
      "brier_championship_odds": 0.03222232684493065,
      "rank_mae_pred_vs_playoff_final_results": 7.733333110809326,
      "rank_rmse_pred_vs_playoff_final_results": 9.574271202087402,
      "rank_mae_eos_standings_vs_playoff_final_results": 3.7333333333333334,
      "rank_rmse_eos_standings_vs_playoff_final_results": 6.093712606722878
    }
  },
  "test_metrics_model_a": {
    "ndcg": 0.5413804598624418,
    "spearman": 0.3757508342602892,
    "mrr_top2": 1.0,
    "mrr_top4": 1.0,
    "ndcg10": 0.5413804598624418,
    "ndcg_at_4": 0.35315119534797357,
    "ndcg_at_12": 0.5412451257133738,
    "ndcg_at_16": 0.5851530157352195,
    "ndcg_at_20": 0.5851596985178614,
    "roc_auc_upset": 0.7589285714285714
  },
  "test_metrics_model_b": {
    "ndcg": 0.5639460618676359,
    "spearman": 0.4816462736373748,
    "mrr_top2": 0.5,
    "mrr_top4": 0.5,
    "ndcg10": 0.5639460618676359,
    "ndcg_at_4": 0.44093212795935904,
    "ndcg_at_12": 0.6076868569098313,
    "ndcg_at_16": 0.6077458421890406,
    "ndcg_at_20": 0.6123648872958277,
    "roc_auc_upset": 0.7555555555555555
  },
  "test_metrics_model_c": {
    "ndcg": 0.333487026575135,
    "spearman": 0.23515016685205786,
    "mrr_top2": 0.16666666666666666,
    "mrr_top4": 0.16666666666666666,
    "ndcg10": 0.333487026575135,
    "ndcg_at_4": 0.0011069724610271625,
    "ndcg_at_12": 0.33890731926775686,
    "ndcg_at_16": 0.35966393831396193,
    "ndcg_at_20": 0.3711507384927367,
    "roc_auc_upset": 0.7633928571428571
  },
  "test_metrics_by_conference": {
    "E": {
      "ndcg": 0.38465527253246934,
      "spearman": 0.25357142857142856
    },
    "W": {
      "ndcg": 0.9149577747861424,
      "spearman": 0.5499999999999999
    }
  },
  "notes": {
    "eos_rank_source": "eos_final_rank"
  }
}