{
  "test_metrics_ensemble": {
    "ndcg": 0.5960608513559049,
    "spearman": 0.4220244716351501,
    "mrr_top2": 1.0,
    "mrr_top4": 1.0,
    "ndcg10": 0.5960608513559049,
    "ndcg_at_4": 0.35315119534797357,
    "ndcg_at_12": 0.5959526727421472,
    "ndcg_at_16": 0.597207156453133,
    "ndcg_at_20": 0.5978222429896789,
    "roc_auc_upset": 0.7232142857142857,
    "rank_mae_pred_vs_playoff_final_results": 7.266666889190674,
    "rank_rmse_pred_vs_playoff_final_results": 9.305912017822266,
    "rank_mae_eos_standings_vs_playoff_final_results": 3.7333333333333334,
    "rank_rmse_eos_standings_vs_playoff_final_results": 6.093712606722878,
    "playoff_metrics": {
      "spearman_pred_vs_playoff_final_results": 0.4843159065628476,
      "ndcg_at_4_final_four": 0.35315119534797357,
      "ndcg10_pred_vs_playoff_final_results": 0.5960663868523135,
      "brier_championship_odds": 0.03222232684493065,
      "rank_mae_pred_vs_playoff_final_results": 7.266666889190674,
      "rank_rmse_pred_vs_playoff_final_results": 9.305912017822266,
      "rank_mae_eos_standings_vs_playoff_final_results": 3.7333333333333334,
      "rank_rmse_eos_standings_vs_playoff_final_results": 6.093712606722878
    }
  },
  "test_metrics_model_a": {
    "ndcg": 0.5960608513559049,
    "spearman": 0.4220244716351501,
    "mrr_top2": 1.0,
    "mrr_top4": 1.0,
    "ndcg10": 0.5960608513559049,
    "ndcg_at_4": 0.35315119534797357,
    "ndcg_at_12": 0.5959526727421472,
    "ndcg_at_16": 0.597207156453133,
    "ndcg_at_20": 0.5978222429896789,
    "roc_auc_upset": 0.7232142857142857
  },
  "test_metrics_model_b": {
    "ndcg": 0.5699188625309823,
    "spearman": 0.4825361512791991,
    "mrr_top2": 0.5,
    "mrr_top4": 0.5,
    "ndcg10": 0.5699188625309823,
    "ndcg_at_4": 0.4437410146181249,
    "ndcg_at_12": 0.5697912829178596,
    "ndcg_at_16": 0.574906061241462,
    "ndcg_at_20": 0.6131352676533036,
    "roc_auc_upset": 0.7601809954751131
  },
  "test_metrics_model_c": {
    "ndcg": 0.333487026575135,
    "spearman": 0.2422691879866518,
    "mrr_top2": 0.16666666666666666,
    "mrr_top4": 0.16666666666666666,
    "ndcg10": 0.333487026575135,
    "ndcg_at_4": 0.0011069724610271625,
    "ndcg_at_12": 0.33890731926775686,
    "ndcg_at_16": 0.35966393831396193,
    "ndcg_at_20": 0.37117378097667086,
    "roc_auc_upset": 0.7777777777777778
  },
  "test_metrics_by_conference": {
    "E": {
      "ndcg": 0.3851402749883562,
      "spearman": 0.25357142857142856
    },
    "W": {
      "ndcg": 0.9303735641631001,
      "spearman": 0.5357142857142856
    }
  },
  "notes": {
    "eos_rank_source": "eos_final_rank"
  }
}