{
  "notes": {
    "eval_on": "test",
    "eos_rank_source": "eos_final_rank",
    "upset_definition": "sleeper = EOS_global_rank > predicted_strength",
    "mrr_top2": "1/rank of first team in top 2 (champion+runner-up) in predicted order.",
    "mrr_top4": "1/rank of first team in top 4 (conference finals) in predicted order.",
    "per_conference_relevance": "Within E/W: actual rank derived from EOS_global_rank (1=best in conf); NDCG/Spearman use this relevance.",
    "playoff_metrics": "Spearman (pred global vs playoff_final_results), NDCG@4 (final four), Brier (champion vs odds). rank_mae/rank_rmse: pred vs playoff_final_results; eos_standings vs playoff_final_results (baseline)."
  },
  "split_info": {
    "train_frac": 0.75,
    "n_train_dates": 141,
    "n_test_dates": 36,
    "split_mode": "seasons"
  },
  "test_metrics_ensemble": {
    "ndcg": 0.5446376379403877,
    "spearman": 0.489210233592881,
    "mrr_top2": 0.5,
    "mrr_top4": 0.5,
    "ndcg10": 0.5446376379403877,
    "ndcg_at_4": 0.5059460470155133,
    "ndcg_at_12": 0.5448381310271373,
    "ndcg_at_16": 0.5460600526590504,
    "ndcg_at_20": 0.5484468425925451,
    "roc_auc_upset": 0.7633928571428572,
    "rank_mae_pred_vs_playoff_final_results": 6.666666507720947,
    "rank_rmse_pred_vs_playoff_final_results": 8.748332977294922,
    "rank_mae_eos_standings_vs_playoff_final_results": 3.1333333333333333,
    "rank_rmse_eos_standings_vs_playoff_final_results": 4.449719092257398,
    "playoff_metrics": {
      "spearman_pred_vs_playoff_final_results": 0.47319243604004446,
      "ndcg_at_4_final_four": 0.5059460470155133,
      "ndcg10_pred_vs_playoff_final_results": 0.544627020514531,
      "brier_championship_odds": 0.03222232684493065,
      "rank_mae_pred_vs_playoff_final_results": 6.666666507720947,
      "rank_rmse_pred_vs_playoff_final_results": 8.748332977294922,
      "rank_mae_eos_standings_vs_playoff_final_results": 3.1333333333333333,
      "rank_rmse_eos_standings_vs_playoff_final_results": 4.449719092257398
    }
  },
  "test_metrics_model_a": {
    "ndcg": 0.5446512450431112,
    "spearman": 0.48120133481646277,
    "mrr_top2": 0.5,
    "mrr_top4": 0.5,
    "ndcg10": 0.5446512450431112,
    "ndcg_at_4": 0.5059460470155133,
    "ndcg_at_12": 0.5448517345557217,
    "ndcg_at_16": 0.5448321637647451,
    "ndcg_at_20": 0.5484358940701043,
    "roc_auc_upset": 0.7678571428571429
  },
  "test_metrics_model_b": {
    "ndcg": 0.22565452984528545,
    "spearman": 0.6266963292547274,
    "mrr_top2": 0.25,
    "mrr_top4": 0.25,
    "ndcg10": 0.22565452984528545,
    "ndcg_at_4": 0.16775742802418675,
    "ndcg_at_12": 0.2255954328955258,
    "ndcg_at_16": 0.40589611693022043,
    "ndcg_at_20": 0.40593490379285874,
    "roc_auc_upset": 0.6874999999999999
  },
  "test_metrics_model_c": {
    "ndcg": 0.05124995751403931,
    "spearman": 0.3196885428253615,
    "mrr_top2": 0.07142857142857142,
    "mrr_top4": 0.2,
    "ndcg10": 0.05124995751403931,
    "ndcg_at_4": 0.00711064040423231,
    "ndcg_at_12": 0.056899138174850025,
    "ndcg_at_16": 0.18061907061753987,
    "ndcg_at_20": 0.18301677953213064,
    "roc_auc_upset": 0.8169642857142857
  },
  "test_metrics_by_conference": {
    "E": {
      "ndcg": 0.2469235280345623,
      "spearman": 0.21071428571428572
    },
    "W": {
      "ndcg": 0.7723141400583361,
      "spearman": 0.6928571428571427
    }
  },
  "by_season": {
    "2023-24": {
      "test_metrics_ensemble": {
        "ndcg": 0.40487581350717045,
        "spearman": 0.43670745272525024,
        "mrr_top2": 1.0,
        "mrr_top4": 1.0,
        "ndcg10": 0.40487581350717045,
        "ndcg_at_4": 0.35315119534797357,
        "ndcg_at_12": 0.5873401165009045,
        "ndcg_at_16": 0.5873014459156046,
        "ndcg_at_20": 0.5879164457224404,
        "roc_auc_upset": 0.7901785714285715,
        "rank_mae_pred_vs_playoff_final_results": 7.066666603088379,
        "rank_rmse_pred_vs_playoff_final_results": 9.186946868896484,
        "rank_mae_eos_standings_vs_playoff_final_results": 3.7333333333333334,
        "rank_rmse_eos_standings_vs_playoff_final_results": 6.093712606722878,
        "playoff_metrics": {
          "spearman_pred_vs_playoff_final_results": 0.4883203559510568,
          "ndcg_at_4_final_four": 0.35315119534797357,
          "ndcg10_pred_vs_playoff_final_results": 0.4048811197762656,
          "brier_championship_odds": 0.03222232684493065,
          "rank_mae_pred_vs_playoff_final_results": 7.066666603088379,
          "rank_rmse_pred_vs_playoff_final_results": 9.186946868896484,
          "rank_mae_eos_standings_vs_playoff_final_results": 3.7333333333333334,
          "rank_rmse_eos_standings_vs_playoff_final_results": 6.093712606722878
        }
      },
      "test_metrics_model_a": {
        "ndcg": 0.40487581350717045,
        "spearman": 0.43003337041156836,
        "mrr_top2": 1.0,
        "mrr_top4": 1.0,
        "ndcg10": 0.40487581350717045,
        "ndcg_at_4": 0.35315119534797357,
        "ndcg_at_12": 0.5873401165009045,
        "ndcg_at_16": 0.5873014459156046,
        "ndcg_at_20": 0.5879074200664248,
        "roc_auc_upset": 0.7946428571428571
      },
      "test_metrics_model_b": {
        "ndcg": 0.8111634196801824,
        "spearman": 0.44249165739710794,
        "mrr_top2": 1.0,
        "mrr_top4": 1.0,
        "ndcg10": 0.8111634196801824,
        "ndcg_at_4": 0.7116242168324007,
        "ndcg_at_12": 0.8110394991679227,
        "ndcg_at_16": 0.8159666184152906,
        "ndcg_at_20": 0.8541900444242037,
        "roc_auc_upset": 0.8133333333333334
      },
      "test_metrics_model_c": {
        "ndcg": 0.3335103168238178,
        "spearman": 0.24404894327030033,
        "mrr_top2": 0.16666666666666666,
        "mrr_top4": 0.16666666666666666,
        "ndcg10": 0.3335103168238178,
        "ndcg_at_4": 0.001111095381373398,
        "ndcg_at_12": 0.33890852755612016,
        "ndcg_at_16": 0.36020843249775714,
        "ndcg_at_20": 0.3705444240199238,
        "roc_auc_upset": 0.7589285714285714
      },
      "test_metrics_by_conference": {
        "E": {
          "ndcg": 0.3864552008125132,
          "spearman": 0.2678571428571428
        },
        "W": {
          "ndcg": 0.9449572706704487,
          "spearman": 0.6
        }
      },
      "notes": {
        "eos_rank_source": "eos_final_rank"
      }
    },
    "2024-25": {
      "test_metrics_ensemble": {
        "ndcg": 0.5446376379403877,
        "spearman": 0.489210233592881,
        "mrr_top2": 0.5,
        "mrr_top4": 0.5,
        "ndcg10": 0.5446376379403877,
        "ndcg_at_4": 0.5059460470155133,
        "ndcg_at_12": 0.5448381310271373,
        "ndcg_at_16": 0.5460600526590504,
        "ndcg_at_20": 0.5484468425925451,
        "roc_auc_upset": 0.7633928571428572,
        "rank_mae_pred_vs_playoff_final_results": 6.666666507720947,
        "rank_rmse_pred_vs_playoff_final_results": 8.748332977294922,
        "rank_mae_eos_standings_vs_playoff_final_results": 3.1333333333333333,
        "rank_rmse_eos_standings_vs_playoff_final_results": 4.449719092257398,
        "playoff_metrics": {
          "spearman_pred_vs_playoff_final_results": 0.47319243604004446,
          "ndcg_at_4_final_four": 0.5059460470155133,
          "ndcg10_pred_vs_playoff_final_results": 0.544627020514531,
          "brier_championship_odds": 0.03222232684493065,
          "rank_mae_pred_vs_playoff_final_results": 6.666666507720947,
          "rank_rmse_pred_vs_playoff_final_results": 8.748332977294922,
          "rank_mae_eos_standings_vs_playoff_final_results": 3.1333333333333333,
          "rank_rmse_eos_standings_vs_playoff_final_results": 4.449719092257398
        }
      },
      "test_metrics_model_a": {
        "ndcg": 0.5446512450431112,
        "spearman": 0.48120133481646277,
        "mrr_top2": 0.5,
        "mrr_top4": 0.5,
        "ndcg10": 0.5446512450431112,
        "ndcg_at_4": 0.5059460470155133,
        "ndcg_at_12": 0.5448517345557217,
        "ndcg_at_16": 0.5448321637647451,