{
  "notes": {
    "eval_on": "test",
    "eos_rank_source": "eos_final_rank",
    "upset_definition": "sleeper = EOS_global_rank > predicted_strength",
    "mrr_top2": "1/rank of first team in top 2 (champion+runner-up) in predicted order.",
    "mrr_top4": "1/rank of first team in top 4 (conference finals) in predicted order.",
    "per_conference_relevance": "Within E/W: actual rank derived from EOS_global_rank (1=best in conf); NDCG/Spearman use this relevance.",
    "playoff_metrics": "Spearman (pred global vs playoff_final_results), NDCG@4 (final four), Brier (champion vs odds). rank_mae/rank_rmse: pred vs playoff_final_results; eos_standings vs playoff_final_results (baseline)."
  },
  "split_info": {
    "train_frac": 0.75,
    "n_train_dates": 141,
    "n_test_dates": 36,
    "split_mode": "seasons"
  },
  "test_metrics_ensemble": {
    "ndcg": 0.48438743054770694,
    "spearman": 0.47141268075639603,
    "mrr_top2": 0.5,
    "mrr_top4": 0.5,
    "ndcg10": 0.48438743054770694,
    "ndcg_at_4": 0.4643944167678145,
    "ndcg_at_12": 0.5281470493706348,
    "ndcg_at_16": 0.5293697248841919,
    "ndcg_at_20": 0.5316827056224783,
    "roc_auc_upset": 0.7767857142857143,
    "rank_mae_pred_vs_playoff_final_results": 6.866666793823242,
    "rank_rmse_pred_vs_playoff_final_results": 8.89943790435791,
    "rank_mae_eos_standings_vs_playoff_final_results": 3.1333333333333333,
    "rank_rmse_eos_standings_vs_playoff_final_results": 4.449719092257398,
    "playoff_metrics": {
      "spearman_pred_vs_playoff_final_results": 0.4580645161290322,
      "ndcg_at_4_final_four": 0.4643812234227066,
      "ndcg10_pred_vs_playoff_final_results": 0.48437459812041145,
      "brier_championship_odds": 0.03222232684493065,
      "rank_mae_pred_vs_playoff_final_results": 6.866666793823242,
      "rank_rmse_pred_vs_playoff_final_results": 8.89943790435791,
      "rank_mae_eos_standings_vs_playoff_final_results": 3.1333333333333333,
      "rank_rmse_eos_standings_vs_playoff_final_results": 4.449719092257398
    }
  },
  "test_metrics_model_a": {
    "ndcg": 0.48438743054770694,
    "spearman": 0.46696329254727476,
    "mrr_top2": 0.5,
    "mrr_top4": 0.5,
    "ndcg10": 0.48438743054770694,
    "ndcg_at_4": 0.4643944167678145,
    "ndcg_at_12": 0.5281470493706348,
    "ndcg_at_16": 0.5293697248841919,
    "ndcg_at_20": 0.5316826258024406,
    "roc_auc_upset": 0.78125
  },
  "test_metrics_model_b": {
    "ndcg": 0.21306130463124376,
    "spearman": 0.5341490545050055,
    "mrr_top2": 0.2,
    "mrr_top4": 0.2,
    "ndcg10": 0.21306130463124376,
    "ndcg_at_4": 0.04029517653159447,
    "ndcg_at_12": 0.2350368965705642,
    "ndcg_at_16": 0.23506892765249524,
    "ndcg_at_20": 0.23506879807429687,
    "roc_auc_upset": 0.8099547511312217
  },
  "test_metrics_model_c": {
    "ndcg": 0.05124995751403931,
    "spearman": 0.30233592880978866,
    "mrr_top2": 0.06666666666666667,
    "mrr_top4": 0.2,
    "ndcg10": 0.05124995751403931,
    "ndcg_at_4": 0.00711064040423231,
    "ndcg_at_12": 0.056899138174850025,
    "ndcg_at_16": 0.17781540372208415,
    "ndcg_at_20": 0.18021312496782235,
    "roc_auc_upset": 0.8258928571428571
  },
  "test_metrics_by_conference": {
    "E": {
      "ndcg": 0.25813788295657203,
      "spearman": 0.21071428571428572
    },
    "W": {
      "ndcg": 0.7524991469189859,
      "spearman": 0.6714285714285713
    }
  },
  "by_season": {
    "2023-24": {
      "test_metrics_ensemble": {
        "ndcg": 0.5411542004295726,
        "spearman": 0.40556173526140155,
        "mrr_top2": 1.0,
        "mrr_top4": 1.0,
        "ndcg10": 0.5411542004295726,
        "ndcg_at_4": 0.35315119534797357,
        "ndcg_at_12": 0.5863118594035073,
        "ndcg_at_16": 0.5875368484363984,
        "ndcg_at_20": 0.5881518312583938,
        "roc_auc_upset": 0.7638888888888888,
        "rank_mae_pred_vs_playoff_final_results": 7.666666507720947,
        "rank_rmse_pred_vs_playoff_final_results": 9.43751335144043,
        "rank_mae_eos_standings_vs_playoff_final_results": 3.7333333333333334,
        "rank_rmse_eos_standings_vs_playoff_final_results": 6.093712606722878,
        "playoff_metrics": {
          "spearman_pred_vs_playoff_final_results": 0.4082313681868743,
          "ndcg_at_4_final_four": 0.35315119534797357,
          "ndcg10_pred_vs_playoff_final_results": 0.5411490043885417,
          "brier_championship_odds": 0.03222232684493065,
          "rank_mae_pred_vs_playoff_final_results": 7.666666507720947,
          "rank_rmse_pred_vs_playoff_final_results": 9.43751335144043,
          "rank_mae_eos_standings_vs_playoff_final_results": 3.7333333333333334,
          "rank_rmse_eos_standings_vs_playoff_final_results": 6.093712606722878
        }
      },
      "test_metrics_model_a": {
        "ndcg": 0.4030577205340897,
        "spearman": 0.40289210233592887,
        "mrr_top2": 1.0,
        "mrr_top4": 1.0,
        "ndcg10": 0.4030577205340897,
        "ndcg_at_4": 0.3560053866302678,
        "ndcg_at_12": 0.5841510592159377,
        "ndcg_at_16": 0.5853762139950877,
        "ndcg_at_20": 0.5859912063200314,
        "roc_auc_upset": 0.7638888888888888
      },
      "test_metrics_model_b": {
        "ndcg": 0.5789363240009229,
        "spearman": 0.4682981090100112,
        "mrr_top2": 0.5,
        "mrr_top4": 0.5,
        "ndcg10": 0.5789363240009229,
        "ndcg_at_4": 0.4589454418134188,
        "ndcg_at_12": 0.5788090537413664,
        "ndcg_at_16": 0.620408653597221,
        "ndcg_at_20": 0.6250318788911732,
        "roc_auc_upset": 0.7420814479638009
      },
      "test_metrics_model_c": {
        "ndcg": 0.333487026575135,
        "spearman": 0.23159065628476083,
        "mrr_top2": 0.16666666666666666,
        "mrr_top4": 0.16666666666666666,
        "ndcg10": 0.333487026575135,
        "ndcg_at_4": 0.0011069724610271625,
        "ndcg_at_12": 0.33890731926775686,
        "ndcg_at_16": 0.35966393831396193,
        "ndcg_at_20": 0.3699999322309346,
        "roc_auc_upset": 0.7633928571428571
      },
      "test_metrics_by_conference": {
        "E": {
          "ndcg": 0.38369169619137905,
          "spearman": 0.2321428571428571
        },
        "W": {
          "ndcg": 0.9225410709152001,
          "spearman": 0.5857142857142856
        }
      },
      "notes": {
        "eos_rank_source": "eos_final_rank"
      }
    },
    "2024-25": {
      "test_metrics_ensemble": {
        "ndcg": 0.48438743054770694,
        "spearman": 0.47141268075639603,
        "mrr_top2": 0.5,
        "mrr_top4": 0.5,
        "ndcg10": 0.48438743054770694,
        "ndcg_at_4": 0.4643944167678145,
        "ndcg_at_12": 0.5281470493706348,
        "ndcg_at_16": 0.5293697248841919,
        "ndcg_at_20": 0.5316827056224783,
        "roc_auc_upset": 0.7767857142857143,
        "rank_mae_pred_vs_playoff_final_results": 6.866666793823242,
        "rank_rmse_pred_vs_playoff_final_results": 8.89943790435791,
        "rank_mae_eos_standings_vs_playoff_final_results": 3.1333333333333333,
        "rank_rmse_eos_standings_vs_playoff_final_results": 4.449719092257398,
        "playoff_metrics": {
          "spearman_pred_vs_playoff_final_results": 0.4580645161290322,
          "ndcg_at_4_final_four": 0.4643812234227066,
          "ndcg10_pred_vs_playoff_final_results": 0.48437459812041145,
          "brier_championship_odds": 0.03222232684493065,
          "rank_mae_pred_vs_playoff_final_results": 6.866666793823242,
          "rank_rmse_pred_vs_playoff_final_results": 8.89943790435791,
          "rank_mae_eos_standings_vs_playoff_final_results": 3.1333333333333333,
          "rank_rmse_eos_standings_vs_playoff_final_results": 4.449719092257398
        }
      },
      "test_metrics_model_a": {
        "ndcg": 0.48438743054770694,
        "spearman": 0.46696329254727476,
        "mrr_top2": 0.5,
        "mrr_top4": 0.5,
        "ndcg10": 0.48438743054770694,
        "ndcg_at_4": 0.4643944167678145,
        "ndcg_at_12": 0.5281470493706348,
        "ndcg_at_16": 0.5293697248841919,