{
  "test_metrics_ensemble": {
    "ndcg": 0.5411542004295726,
    "spearman": 0.40556173526140155,
    "mrr_top2": 1.0,
    "mrr_top4": 1.0,
    "ndcg10": 0.5411542004295726,
    "ndcg_at_4": 0.35315119534797357,
    "ndcg_at_12": 0.5863118594035073,
    "ndcg_at_16": 0.5875368484363984,
    "ndcg_at_20": 0.5881518312583938,
    "roc_auc_upset": 0.7638888888888888,
    "rank_mae_pred_vs_playoff_final_results": 7.666666507720947,
    "rank_rmse_pred_vs_playoff_final_results": 9.43751335144043,
    "rank_mae_eos_standings_vs_playoff_final_results": 3.7333333333333334,
    "rank_rmse_eos_standings_vs_playoff_final_results": 6.093712606722878,
    "playoff_metrics": {
      "spearman_pred_vs_playoff_final_results": 0.4082313681868743,
      "ndcg_at_4_final_four": 0.35315119534797357,
      "ndcg10_pred_vs_playoff_final_results": 0.5411490043885417,
      "brier_championship_odds": 0.03222232684493065,
      "rank_mae_pred_vs_playoff_final_results": 7.666666507720947,
      "rank_rmse_pred_vs_playoff_final_results": 9.43751335144043,
      "rank_mae_eos_standings_vs_playoff_final_results": 3.7333333333333334,
      "rank_rmse_eos_standings_vs_playoff_final_results": 6.093712606722878
    }
  },
  "test_metrics_model_a": {
    "ndcg": 0.4030577205340897,
    "spearman": 0.40289210233592887,
    "mrr_top2": 1.0,
    "mrr_top4": 1.0,
    "ndcg10": 0.4030577205340897,
    "ndcg_at_4": 0.3560053866302678,
    "ndcg_at_12": 0.5841510592159377,
    "ndcg_at_16": 0.5853762139950877,
    "ndcg_at_20": 0.5859912063200314,
    "roc_auc_upset": 0.7638888888888888
  },
  "test_metrics_model_b": {
    "ndcg": 0.5789363240009229,
    "spearman": 0.4682981090100112,
    "mrr_top2": 0.5,
    "mrr_top4": 0.5,
    "ndcg10": 0.5789363240009229,
    "ndcg_at_4": 0.4589454418134188,
    "ndcg_at_12": 0.5788090537413664,
    "ndcg_at_16": 0.620408653597221,
    "ndcg_at_20": 0.6250318788911732,
    "roc_auc_upset": 0.7420814479638009
  },
  "test_metrics_model_c": {
    "ndcg": 0.333487026575135,
    "spearman": 0.23159065628476083,
    "mrr_top2": 0.16666666666666666,
    "mrr_top4": 0.16666666666666666,
    "ndcg10": 0.333487026575135,
    "ndcg_at_4": 0.0011069724610271625,
    "ndcg_at_12": 0.33890731926775686,
    "ndcg_at_16": 0.35966393831396193,
    "ndcg_at_20": 0.3699999322309346,
    "roc_auc_upset": 0.7633928571428571
  },
  "test_metrics_by_conference": {
    "E": {
      "ndcg": 0.38369169619137905,
      "spearman": 0.2321428571428571
    },
    "W": {
      "ndcg": 0.9225410709152001,
      "spearman": 0.5857142857142856
    }
  },
  "notes": {
    "eos_rank_source": "eos_final_rank"
  }
}