{
  "test_metrics_ensemble": {
    "ndcg": 0.58364375222169,
    "spearman": 0.37486095661846497,
    "mrr_top2": 1.0,
    "mrr_top4": 1.0,
    "ndcg10": 0.58364375222169,
    "ndcg_at_4": 0.35315119534797357,
    "ndcg_at_12": 0.6273821382076628,
    "ndcg_at_16": 0.628668104930857,
    "ndcg_at_20": 0.6292738811269298,
    "roc_auc_upset": 0.7589285714285714,
    "rank_mae_pred_vs_playoff_final_results": 7.666666507720947,
    "rank_rmse_pred_vs_playoff_final_results": 9.678153991699219,
    "rank_mae_eos_standings_vs_playoff_final_results": 3.7333333333333334,
    "rank_rmse_eos_standings_vs_playoff_final_results": 6.093712606722878,
    "playoff_metrics": {
      "spearman_pred_vs_playoff_final_results": 0.44293659621801995,
      "ndcg_at_4_final_four": 0.35315119534797357,
      "ndcg10_pred_vs_playoff_final_results": 0.5836490015209768,
      "brier_championship_odds": 0.03222232684493065,
      "rank_mae_pred_vs_playoff_final_results": 7.666666507720947,
      "rank_rmse_pred_vs_playoff_final_results": 9.678153991699219,
      "rank_mae_eos_standings_vs_playoff_final_results": 3.7333333333333334,
      "rank_rmse_eos_standings_vs_playoff_final_results": 6.093712606722878
    }
  },
  "test_metrics_model_a": {
    "ndcg": 0.58364375222169,
    "spearman": 0.37486095661846497,
    "mrr_top2": 1.0,
    "mrr_top4": 1.0,
    "ndcg10": 0.58364375222169,
    "ndcg_at_4": 0.35315119534797357,
    "ndcg_at_12": 0.6273821382076628,
    "ndcg_at_16": 0.628668104930857,
    "ndcg_at_20": 0.6292738823704604,
    "roc_auc_upset": 0.7633928571428572
  },
  "test_metrics_model_b": {
    "ndcg": 0.5639460609698026,
    "spearman": 0.43270300333704115,
    "mrr_top2": 0.5,
    "mrr_top4": 0.5,
    "ndcg10": 0.5639460609698026,
    "ndcg_at_4": 0.44093212795935904,
    "ndcg_at_12": 0.5638200505271448,
    "ndcg_at_16": 0.5688287617588327,
    "ndcg_at_20": 0.6063986039281548,
    "roc_auc_upset": 0.8125
  },
  "test_metrics_model_c": {
    "ndcg": 0.333487026575135,
    "spearman": 0.24671857619577306,
    "mrr_top2": 0.16666666666666666,
    "mrr_top4": 0.16666666666666666,
    "ndcg10": 0.333487026575135,
    "ndcg_at_4": 0.0011069724610271625,
    "ndcg_at_12": 0.33890731926775686,
    "ndcg_at_16": 0.35966393831396193,
    "ndcg_at_20": 0.3711507384927367,
    "roc_auc_upset": 0.7589285714285715
  },
  "test_metrics_by_conference": {
    "E": {
      "ndcg": 0.4082558957314894,
      "spearman": 0.27499999999999997
    },
    "W": {
      "ndcg": 0.9120271124372106,
      "spearman": 0.4642857142857142
    }
  },
  "notes": {
    "eos_rank_source": "eos_final_rank"
  }
}