{
  "notes": {
    "eval_on": "test",
    "eos_rank_source": "eos_final_rank",
    "upset_definition": "sleeper = EOS_global_rank > predicted_strength",
    "mrr_top2": "1/rank of first team in top 2 (champion+runner-up) in predicted order.",
    "mrr_top4": "1/rank of first team in top 4 (conference finals) in predicted order.",
    "per_conference_relevance": "Within E/W: actual rank derived from EOS_global_rank (1=best in conf); NDCG/Spearman use this relevance.",
    "playoff_metrics": "Spearman (pred global vs playoff_final_results), NDCG@4 (final four), Brier (champion vs odds). rank_mae/rank_rmse: pred vs playoff_final_results; eos_standings vs playoff_final_results (baseline)."
  },
  "split_info": {
    "train_frac": 0.75,
    "n_train_dates": 141,
    "n_test_dates": 36,
    "split_mode": "seasons"
  },
  "test_metrics_ensemble": {
    "ndcg": 0.5303997749460295,
    "spearman": 0.4843159065628476,
    "mrr_top2": 0.5,
    "mrr_top4": 0.5,
    "ndcg10": 0.5303997749460295,
    "ndcg_at_4": 0.46437685999867345,
    "ndcg_at_12": 0.5306150303557,
    "ndcg_at_16": 0.5318375165603995,
    "ndcg_at_20": 0.5342243691195331,
    "roc_auc_upset": 0.755656108597285,
    "rank_mae_pred_vs_playoff_final_results": 6.866666793823242,
    "rank_rmse_pred_vs_playoff_final_results": 8.790145874023438,
    "rank_mae_eos_standings_vs_playoff_final_results": 3.1333333333333333,
    "rank_rmse_eos_standings_vs_playoff_final_results": 4.449719092257398,
    "playoff_metrics": {
      "spearman_pred_vs_playoff_final_results": 0.4905450500556173,
      "ndcg_at_4_final_four": 0.4643768342304213,
      "ndcg10_pred_vs_playoff_final_results": 0.5303891549743047,
      "brier_championship_odds": 0.03222232684493065,
      "rank_mae_pred_vs_playoff_final_results": 6.866666793823242,
      "rank_rmse_pred_vs_playoff_final_results": 8.790145874023438,
      "rank_mae_eos_standings_vs_playoff_final_results": 3.1333333333333333,
      "rank_rmse_eos_standings_vs_playoff_final_results": 4.449719092257398
    }
  },
  "test_metrics_model_a": {
    "ndcg": 0.5303961288782948,
    "spearman": 0.4834260289210234,
    "mrr_top2": 0.5,
    "mrr_top4": 0.5,
    "ndcg10": 0.5303961288782948,
    "ndcg_at_4": 0.46437685999867345,
    "ndcg_at_12": 0.5306113852456675,
    "ndcg_at_16": 0.5318338717299687,
    "ndcg_at_20": 0.5342207243051331,
    "roc_auc_upset": 0.755656108597285
  },
  "test_metrics_model_b": {
    "ndcg": 0.22564277801768587,
    "spearman": 0.5986651835372636,
    "mrr_top2": 0.25,
    "mrr_top4": 0.25,
    "ndcg10": 0.22564277801768587,
    "ndcg_at_4": 0.16775742802418675,
    "ndcg_at_12": 0.22559422582865524,
    "ndcg_at_16": 0.4053927551415643,
    "ndcg_at_20": 0.40539415581659044,
    "roc_auc_upset": 0.7321428571428572
  },
  "test_metrics_model_c": {
    "ndcg": 0.05124995751403931,
    "spearman": 0.3076751946607342,
    "mrr_top2": 0.06666666666666667,
    "mrr_top4": 0.2,
    "ndcg10": 0.05124995751403931,
    "ndcg_at_4": 0.00711064040423231,
    "ndcg_at_12": 0.056899138174850025,
    "ndcg_at_16": 0.17781540372208415,
    "ndcg_at_20": 0.18021327193327982,
    "roc_auc_upset": 0.8214285714285714
  },
  "test_metrics_by_conference": {
    "E": {
      "ndcg": 0.2595405455854567,
      "spearman": 0.2607142857142857
    },
    "W": {
      "ndcg": 0.7728975634578972,
      "spearman": 0.6464285714285712
    }
  },
  "by_season": {
    "2023-24": {
      "test_metrics_ensemble": {
        "ndcg": 0.5491507967561244,
        "spearman": 0.3899888765294772,
        "mrr_top2": 1.0,
        "mrr_top4": 1.0,
        "ndcg10": 0.5491507967561244,
        "ndcg_at_4": 0.35315119534797357,
        "ndcg_at_12": 0.5943117118300609,
        "ndcg_at_16": 0.5956002446625008,
        "ndcg_at_20": 0.596204175190716,
        "roc_auc_upset": 0.7455357142857143,
        "rank_mae_pred_vs_playoff_final_results": 7.599999904632568,
        "rank_rmse_pred_vs_playoff_final_results": 9.560335159301758,
        "rank_mae_eos_standings_vs_playoff_final_results": 3.7333333333333334,
        "rank_rmse_eos_standings_vs_playoff_final_results": 6.093712606722878,
        "playoff_metrics": {
          "spearman_pred_vs_playoff_final_results": 0.4420467185761958,
          "ndcg_at_4_final_four": 0.35315119534797357,
          "ndcg10_pred_vs_playoff_final_results": 0.549156332252533,
          "brier_championship_odds": 0.03222232684493065,
          "rank_mae_pred_vs_playoff_final_results": 7.599999904632568,
          "rank_rmse_pred_vs_playoff_final_results": 9.560335159301758,
          "rank_mae_eos_standings_vs_playoff_final_results": 3.7333333333333334,
          "rank_rmse_eos_standings_vs_playoff_final_results": 6.093712606722878
        }
      },
      "test_metrics_model_a": {
        "ndcg": 0.5491507967561244,
        "spearman": 0.3842046718576196,
        "mrr_top2": 1.0,
        "mrr_top4": 1.0,
        "ndcg10": 0.5491507967561244,
        "ndcg_at_4": 0.35315119534797357,
        "ndcg_at_12": 0.5943117118300609,
        "ndcg_at_16": 0.5956002446625008,
        "ndcg_at_20": 0.596204175190716,
        "roc_auc_upset": 0.7455357142857143
      },
      "test_metrics_model_b": {
        "ndcg": 0.8024849324349984,
        "spearman": 0.41045606229143494,
        "mrr_top2": 1.0,
        "mrr_top4": 1.0,
        "ndcg10": 0.8024849324349984,
        "ndcg_at_4": 0.7116242168324007,
        "ndcg_at_12": 0.8022969343445054,
        "ndcg_at_16": 0.8072873529772142,
        "ndcg_at_20": 0.8072850015356476,
        "roc_auc_upset": 0.8
      },
      "test_metrics_model_c": {
        "ndcg": 0.333487026575135,
        "spearman": 0.23159065628476083,
        "mrr_top2": 0.16666666666666666,
        "mrr_top4": 0.16666666666666666,
        "ndcg10": 0.333487026575135,
        "ndcg_at_4": 0.0011069724610271625,
        "ndcg_at_12": 0.33890731926775686,
        "ndcg_at_16": 0.35966393831396193,
        "ndcg_at_20": 0.3699999322309346,
        "roc_auc_upset": 0.7633928571428571
      },
      "test_metrics_by_conference": {
        "E": {
          "ndcg": 0.3869402032684001,
          "spearman": 0.2714285714285714
        },
        "W": {
          "ndcg": 0.9213871629856155,
          "spearman": 0.4928571428571427
        }
      },
      "notes": {
        "eos_rank_source": "eos_final_rank"
      }
    },
    "2024-25": {
      "test_metrics_ensemble": {
        "ndcg": 0.5303997749460295,
        "spearman": 0.4843159065628476,
        "mrr_top2": 0.5,
        "mrr_top4": 0.5,
        "ndcg10": 0.5303997749460295,
        "ndcg_at_4": 0.46437685999867345,
        "ndcg_at_12": 0.5306150303557,
        "ndcg_at_16": 0.5318375165603995,
        "ndcg_at_20": 0.5342243691195331,
        "roc_auc_upset": 0.755656108597285,
        "rank_mae_pred_vs_playoff_final_results": 6.866666793823242,
        "rank_rmse_pred_vs_playoff_final_results": 8.790145874023438,
        "rank_mae_eos_standings_vs_playoff_final_results": 3.1333333333333333,
        "rank_rmse_eos_standings_vs_playoff_final_results": 4.449719092257398,
        "playoff_metrics": {
          "spearman_pred_vs_playoff_final_results": 0.4905450500556173,
          "ndcg_at_4_final_four": 0.4643768342304213,
          "ndcg10_pred_vs_playoff_final_results": 0.5303891549743047,
          "brier_championship_odds": 0.03222232684493065,
          "rank_mae_pred_vs_playoff_final_results": 6.866666793823242,
          "rank_rmse_pred_vs_playoff_final_results": 8.790145874023438,
          "rank_mae_eos_standings_vs_playoff_final_results": 3.1333333333333333,
          "rank_rmse_eos_standings_vs_playoff_final_results": 4.449719092257398
        }
      },
      "test_metrics_model_a": {
        "ndcg": 0.5303961288782948,
        "spearman": 0.4834260289210234,
        "mrr_top2": 0.5,
        "mrr_top4": 0.5,
        "ndcg10": 0.5303961288782948,
        "ndcg_at_4": 0.46437685999867345,
        "ndcg_at_12": 0.5306113852456675,
        "ndcg_at_16": 0.5318338717299687,