{
  "notes": {
    "eval_on": "test",
    "eos_rank_source": "eos_final_rank",
    "upset_definition": "sleeper = EOS_global_rank > predicted_strength",
    "mrr_top2": "1/rank of first team in top 2 (champion+runner-up) in predicted order.",
    "mrr_top4": "1/rank of first team in top 4 (conference finals) in predicted order.",
    "per_conference_relevance": "Within E/W: actual rank derived from EOS_global_rank (1=best in conf); NDCG/Spearman use this relevance.",
    "playoff_metrics": "Spearman (pred global vs playoff_final_results), NDCG@4 (final four), Brier (champion vs odds). rank_mae/rank_rmse: pred vs playoff_final_results; eos_standings vs playoff_final_results (baseline)."
  },
  "split_info": {
    "train_frac": 0.75,
    "n_train_dates": 141,
    "n_test_dates": 36,
    "split_mode": "seasons"
  },
  "test_metrics_ensemble": {
    "ndcg": 0.49978865177891874,
    "spearman": 0.5016685205784205,
    "mrr_top2": 0.5,
    "mrr_top4": 0.5,
    "ndcg10": 0.49978865177891874,
    "ndcg_at_4": 0.5058932736350814,
    "ndcg_at_12": 0.4996801620660002,
    "ndcg_at_16": 0.5422937157616323,
    "ndcg_at_20": 0.5458565495013311,
    "roc_auc_upset": 0.8392857142857143,
    "rank_mae_pred_vs_playoff_final_results": 6.666666507720947,
    "rank_rmse_pred_vs_playoff_final_results": 8.640987396240234,
    "rank_mae_eos_standings_vs_playoff_final_results": 3.1333333333333333,
    "rank_rmse_eos_standings_vs_playoff_final_results": 4.449719092257398,
    "playoff_metrics": {
      "spearman_pred_vs_playoff_final_results": 0.5087875417130144,
      "ndcg_at_4_final_four": 0.5058800802899736,
      "ndcg10_pred_vs_playoff_final_results": 0.49977582349878674,
      "brier_championship_odds": 0.03222232684493065,
      "rank_mae_pred_vs_playoff_final_results": 6.666666507720947,
      "rank_rmse_pred_vs_playoff_final_results": 8.640987396240234,
      "rank_mae_eos_standings_vs_playoff_final_results": 3.1333333333333333,
      "rank_rmse_eos_standings_vs_playoff_final_results": 4.449719092257398
    }
  },
  "test_metrics_model_a": {
    "ndcg": 0.49978581862619675,
    "spearman": 0.4967741935483871,
    "mrr_top2": 0.5,
    "mrr_top4": 0.5,
    "ndcg10": 0.49978581862619675,
    "ndcg_at_4": 0.5058932736350814,
    "ndcg_at_12": 0.4996773296574544,
    "ndcg_at_16": 0.5422908835703493,
    "ndcg_at_20": 0.5458537173225045,
    "roc_auc_upset": 0.8392857142857143
  },
  "test_metrics_model_b": {
    "ndcg": 0.16744612903542058,
    "spearman": 0.5194660734149055,
    "mrr_top2": 0.2,
    "mrr_top4": 0.2,
    "ndcg10": 0.16744612903542058,
    "ndcg_at_4": 0.04166423104576856,
    "ndcg_at_12": 0.16749062489293062,
    "ndcg_at_16": 0.2309496575079989,
    "ndcg_at_20": 0.23095355483699942,
    "roc_auc_upset": 0.7751196172248803
  },
  "test_metrics_model_c": {
    "ndcg": 0.05212098780672918,
    "spearman": 0.3147942157953281,
    "mrr_top2": 0.0625,
    "mrr_top4": 0.2,
    "ndcg10": 0.05212098780672918,
    "ndcg_at_4": 0.0072603807417201014,
    "ndcg_at_12": 0.057769939676471704,
    "ndcg_at_16": 0.1778174633134764,
    "ndcg_at_20": 0.18021518455015603,
    "roc_auc_upset": 0.8214285714285714
  },
  "test_metrics_by_conference": {
    "E": {
      "ndcg": 0.27212063155394284,
      "spearman": 0.25357142857142856
    },
    "W": {
      "ndcg": 0.7728975634578972,
      "spearman": 0.7071428571428571
    }
  },
  "by_season": {
    "2023-24": {
      "test_metrics_ensemble": {
        "ndcg": 0.6100975267847984,
        "spearman": 0.41935483870967744,
        "mrr_top2": 1.0,
        "mrr_top4": 1.0,
        "ndcg10": 0.6100975267847984,
        "ndcg_at_4": 0.35315119534797357,
        "ndcg_at_12": 0.6156051063170538,
        "ndcg_at_16": 0.6174787470218737,
        "ndcg_at_20": 0.6174761598815708,
        "roc_auc_upset": 0.7453703703703705,
        "rank_mae_pred_vs_playoff_final_results": 7.400000095367432,
        "rank_rmse_pred_vs_playoff_final_results": 9.32737922668457,
        "rank_mae_eos_standings_vs_playoff_final_results": 3.7333333333333334,
        "rank_rmse_eos_standings_vs_playoff_final_results": 6.093712606722878,
        "playoff_metrics": {
          "spearman_pred_vs_playoff_final_results": 0.44293659621801995,
          "ndcg_at_4_final_four": 0.35315119534797357,
          "ndcg10_pred_vs_playoff_final_results": 0.6101030622812071,
          "brier_championship_odds": 0.03222232684493065,
          "rank_mae_pred_vs_playoff_final_results": 7.400000095367432,
          "rank_rmse_pred_vs_playoff_final_results": 9.32737922668457,
          "rank_mae_eos_standings_vs_playoff_final_results": 3.7333333333333334,
          "rank_rmse_eos_standings_vs_playoff_final_results": 6.093712606722878
        }
      },
      "test_metrics_model_a": {
        "ndcg": 0.5891131363346755,
        "spearman": 0.4100111234705228,
        "mrr_top2": 1.0,
        "mrr_top4": 1.0,
        "ndcg10": 0.5891131363346755,
        "ndcg_at_4": 0.35315119534797357,
        "ndcg_at_12": 0.5946262277775346,
        "ndcg_at_16": 0.5965014776874314,
        "ndcg_at_20": 0.5964989837461065,
        "roc_auc_upset": 0.7546296296296297
      },
      "test_metrics_model_b": {
        "ndcg": 0.5696612037929285,
        "spearman": 0.4509454949944383,
        "mrr_top2": 0.5,
        "mrr_top4": 0.5,
        "ndcg10": 0.5696612037929285,
        "ndcg_at_4": 0.44093212795935904,
        "ndcg_at_12": 0.5695143376948051,
        "ndcg_at_16": 0.6101690679816699,
        "ndcg_at_20": 0.6101714099503406,
        "roc_auc_upset": 0.7692307692307693
      },
      "test_metrics_model_c": {
        "ndcg": 0.33348743391404295,
        "spearman": 0.24093437152391545,
        "mrr_top2": 0.16666666666666666,
        "mrr_top4": 0.16666666666666666,
        "ndcg10": 0.33348743391404295,
        "ndcg_at_4": 0.001111095381373398,
        "ndcg_at_12": 0.3389077264996702,
        "ndcg_at_16": 0.3596643455146382,
        "ndcg_at_20": 0.3699901174713633,
        "roc_auc_upset": 0.8133333333333332
      },
      "test_metrics_by_conference": {
        "E": {
          "ndcg": 0.4064703234051738,
          "spearman": 0.2714285714285714
        },
        "W": {
          "ndcg": 0.9213871629856155,
          "spearman": 0.5642857142857142
        }
      },
      "notes": {
        "eos_rank_source": "eos_final_rank"
      }
    },
    "2024-25": {
      "test_metrics_ensemble": {
        "ndcg": 0.49978865177891874,
        "spearman": 0.5016685205784205,
        "mrr_top2": 0.5,
        "mrr_top4": 0.5,
        "ndcg10": 0.49978865177891874,
        "ndcg_at_4": 0.5058932736350814,
        "ndcg_at_12": 0.4996801620660002,
        "ndcg_at_16": 0.5422937157616323,
        "ndcg_at_20": 0.5458565495013311,
        "roc_auc_upset": 0.8392857142857143,
        "rank_mae_pred_vs_playoff_final_results": 6.666666507720947,
        "rank_rmse_pred_vs_playoff_final_results": 8.640987396240234,
        "rank_mae_eos_standings_vs_playoff_final_results": 3.1333333333333333,
        "rank_rmse_eos_standings_vs_playoff_final_results": 4.449719092257398,
        "playoff_metrics": {
          "spearman_pred_vs_playoff_final_results": 0.5087875417130144,
          "ndcg_at_4_final_four": 0.5058800802899736,
          "ndcg10_pred_vs_playoff_final_results": 0.49977582349878674,
          "brier_championship_odds": 0.03222232684493065,
          "rank_mae_pred_vs_playoff_final_results": 6.666666507720947,
          "rank_rmse_pred_vs_playoff_final_results": 8.640987396240234,
          "rank_mae_eos_standings_vs_playoff_final_results": 3.1333333333333333,
          "rank_rmse_eos_standings_vs_playoff_final_results": 4.449719092257398
        }
      },
      "test_metrics_model_a": {
        "ndcg": 0.49978581862619675,
        "spearman": 0.4967741935483871,
        "mrr_top2": 0.5,
        "mrr_top4": 0.5,
        "ndcg10": 0.49978581862619675,
        "ndcg_at_4": 0.5058932736350814,
        "ndcg_at_12": 0.4996773296574544,
        "ndcg_at_16": 0.5422908835703493,