{
  "test_metrics_ensemble": {
    "ndcg": 0.4822876584784091,
    "spearman": 0.47408231368186876,
    "mrr_top2": 0.5,
    "mrr_top4": 0.5,
    "ndcg10": 0.4822876584784091,
    "ndcg_at_4": 0.46449490234372454,
    "ndcg_at_12": 0.48253631050159385,
    "ndcg_at_16": 0.5251512057362548,
    "ndcg_at_20": 0.5287595312331401,
    "roc_auc_upset": 0.7723214285714285,
    "rank_mae_pred_vs_playoff_final_results": 7.066666603088379,
    "rank_rmse_pred_vs_playoff_final_results": 8.876936912536621,
    "rank_mae_eos_standings_vs_playoff_final_results": 3.1333333333333333,
    "rank_rmse_eos_standings_vs_playoff_final_results": 4.449719092257398,
    "playoff_metrics": {
      "spearman_pred_vs_playoff_final_results": 0.4874304783092325,
      "ndcg_at_4_final_four": 0.46449490234372454,
      "ndcg10_pred_vs_playoff_final_results": 0.48227559631503797,
      "brier_championship_odds": 0.03222232684493065,
      "rank_mae_pred_vs_playoff_final_results": 7.066666603088379,
      "rank_rmse_pred_vs_playoff_final_results": 8.876936912536621,
      "rank_mae_eos_standings_vs_playoff_final_results": 3.1333333333333333,
      "rank_rmse_eos_standings_vs_playoff_final_results": 4.449719092257398
    }
  },
  "test_metrics_model_a": {
    "ndcg": 0.48192483915549744,
    "spearman": 0.46607341490545046,
    "mrr_top2": 0.5,
    "mrr_top4": 0.5,
    "ndcg10": 0.48192483915549744,
    "ndcg_at_4": 0.46449490234372454,
    "ndcg_at_12": 0.48217358647940955,
    "ndcg_at_16": 0.5247885095371659,
    "ndcg_at_20": 0.5283968366292694,
    "roc_auc_upset": 0.7767857142857142
  },
  "test_metrics_model_b": {
    "ndcg": 0.21633419895461262,
    "spearman": 0.611123470522803,
    "mrr_top2": 0.2,
    "mrr_top4": 0.2,
    "ndcg10": 0.21633419895461262,
    "ndcg_at_4": 0.04166423104576856,
    "ndcg_at_12": 0.23823151455804314,
    "ndcg_at_16": 0.39724500159740245,
    "ndcg_at_20": 0.3972441202528996,
    "roc_auc_upset": 0.7822222222222223
  },
  "test_metrics_model_c": {
    "ndcg": 0.05124995751403931,
    "spearman": 0.32057842046718577,
    "mrr_top2": 0.07142857142857142,
    "mrr_top4": 0.2,
    "ndcg10": 0.05124995751403931,
    "ndcg_at_4": 0.00711064040423231,
    "ndcg_at_12": 0.056899138174850025,
    "ndcg_at_16": 0.17975039715984434,
    "ndcg_at_20": 0.18214810989505317,
    "roc_auc_upset": 0.8169642857142856
  },
  "test_metrics_by_conference": {
    "E": {
      "ndcg": 0.26039942431124874,
      "spearman": 0.2714285714285714
    },
    "W": {
      "ndcg": 0.7504940786340119,
      "spearman": 0.6392857142857141
    }
  },
  "notes": {
    "eos_rank_source": "eos_final_rank"
  }
}