{
  "test_metrics_ensemble": {
    "ndcg": 0.5485627705693908,
    "spearman": 0.40778642936596216,
    "mrr_top2": 1.0,
    "mrr_top4": 1.0,
    "ndcg10": 0.5485627705693908,
    "ndcg_at_4": 0.35315119534797357,
    "ndcg_at_12": 0.592310371177786,
    "ndcg_at_16": 0.5935651926593111,
    "ndcg_at_20": 0.5941690678923232,
    "roc_auc_upset": 0.7638888888888888,
    "rank_mae_pred_vs_playoff_final_results": 7.666666507720947,
    "rank_rmse_pred_vs_playoff_final_results": 9.41983699798584,
    "rank_mae_eos_standings_vs_playoff_final_results": 3.7333333333333334,
    "rank_rmse_eos_standings_vs_playoff_final_results": 6.093712606722878,
    "playoff_metrics": {
      "spearman_pred_vs_playoff_final_results": 0.45494994438264746,
      "ndcg_at_4_final_four": 0.35315119534797357,
      "ndcg10_pred_vs_playoff_final_results": 0.5485677826379722,
      "brier_championship_odds": 0.03222232684493065,
      "rank_mae_pred_vs_playoff_final_results": 7.666666507720947,
      "rank_rmse_pred_vs_playoff_final_results": 9.41983699798584,
      "rank_mae_eos_standings_vs_playoff_final_results": 3.7333333333333334,
      "rank_rmse_eos_standings_vs_playoff_final_results": 6.093712606722878
    }
  },
  "test_metrics_model_a": {
    "ndcg": 0.5485627705693908,
    "spearman": 0.40111234705228027,
    "mrr_top2": 1.0,
    "mrr_top4": 1.0,
    "ndcg10": 0.5485627705693908,
    "ndcg_at_4": 0.35315119534797357,
    "ndcg_at_12": 0.592310371177786,
    "ndcg_at_16": 0.5935651926593111,
    "ndcg_at_20": 0.5941689208954629,
    "roc_auc_upset": 0.7685185185185185
  },
  "test_metrics_model_b": {
    "ndcg": 0.8122042224278039,
    "spearman": 0.41846496106785314,
    "mrr_top2": 1.0,
    "mrr_top4": 1.0,
    "ndcg10": 0.8122042224278039,
    "ndcg_at_4": 0.6907114070725182,
    "ndcg_at_12": 0.81199157395548,
    "ndcg_at_16": 0.8170841948020965,
    "ndcg_at_20": 0.8170851251291772,
    "roc_auc_upset": 0.7873303167420814
  },
  "test_metrics_model_c": {
    "ndcg": 0.3335099094849099,
    "spearman": 0.24760845383759733,
    "mrr_top2": 0.16666666666666666,
    "mrr_top4": 0.16666666666666666,
    "ndcg10": 0.3335099094849099,
    "ndcg_at_4": 0.0011069724610271625,
    "ndcg_at_12": 0.3389081203242068,
    "ndcg_at_16": 0.35966473946429733,
    "ndcg_at_20": 0.36999065523060515,
    "roc_auc_upset": 0.8258928571428572
  },
  "test_metrics_by_conference": {
    "E": {
      "ndcg": 0.38520906425700524,
      "spearman": 0.2928571428571428
    },
    "W": {
      "ndcg": 0.9149623549117751,
      "spearman": 0.5107142857142856
    }
  },
  "notes": {
    "eos_rank_source": "eos_final_rank"
  }
}