{
  "test_metrics_ensemble": {
    "ndcg": 0.5485155815971164,
    "spearman": 0.3997775305895439,
    "mrr_top2": 1.0,
    "mrr_top4": 1.0,
    "ndcg10": 0.5485155815971164,
    "ndcg_at_4": 0.35315119534797357,
    "ndcg_at_12": 0.5936732836550841,
    "ndcg_at_16": 0.5936343001664525,
    "ndcg_at_20": 0.5942401767668372,
    "roc_auc_upset": 0.7544642857142857,
    "rank_mae_pred_vs_playoff_final_results": 7.599999904632568,
    "rank_rmse_pred_vs_playoff_final_results": 9.483318328857422,
    "rank_mae_eos_standings_vs_playoff_final_results": 3.7333333333333334,
    "rank_rmse_eos_standings_vs_playoff_final_results": 6.093712606722878,
    "playoff_metrics": {
      "spearman_pred_vs_playoff_final_results": 0.4496106785317019,
      "ndcg_at_4_final_four": 0.35315119534797357,
      "ndcg10_pred_vs_playoff_final_results": 0.5485205936656977,
      "brier_championship_odds": 0.03222232684493065,
      "rank_mae_pred_vs_playoff_final_results": 7.599999904632568,
      "rank_rmse_pred_vs_playoff_final_results": 9.483318328857422,
      "rank_mae_eos_standings_vs_playoff_final_results": 3.7333333333333334,
      "rank_rmse_eos_standings_vs_playoff_final_results": 6.093712606722878
    }
  },
  "test_metrics_model_a": {
    "ndcg": 0.5485155815971164,
    "spearman": 0.39221357063403783,
    "mrr_top2": 1.0,
    "mrr_top4": 1.0,
    "ndcg10": 0.5485155815971164,
    "ndcg_at_4": 0.35315119534797357,
    "ndcg_at_12": 0.5936732836550841,
    "ndcg_at_16": 0.5936342006847811,
    "ndcg_at_20": 0.5942400772856032,
    "roc_auc_upset": 0.7544642857142857
  },
  "test_metrics_model_b": {
    "ndcg": 0.8184270462470392,
    "spearman": 0.48654060066740823,
    "mrr_top2": 1.0,
    "mrr_top4": 1.0,
    "ndcg10": 0.8184270462470392,
    "ndcg_at_4": 0.729074614628521,
    "ndcg_at_12": 0.8621867087829028,
    "ndcg_at_16": 0.862144038020442,
    "ndcg_at_20": 0.8669237837197666,
    "roc_auc_upset": 0.7589285714285715
  },
  "test_metrics_model_c": {
    "ndcg": 0.33348743391404295,
    "spearman": 0.24004449388209118,
    "mrr_top2": 0.16666666666666666,
    "mrr_top4": 0.16666666666666666,
    "ndcg10": 0.33348743391404295,
    "ndcg_at_4": 0.001111095381373398,
    "ndcg_at_12": 0.3389077264996702,
    "ndcg_at_16": 0.360207631502753,
    "ndcg_at_20": 0.3705436230284426,
    "roc_auc_upset": 0.7589285714285714
  },
  "test_metrics_by_conference": {
    "E": {
      "ndcg": 0.3869402032684001,
      "spearman": 0.30357142857142855
    },
    "W": {
      "ndcg": 0.915131410824501,
      "spearman": 0.5249999999999999
    }
  },
  "notes": {
    "eos_rank_source": "eos_final_rank"
  }
}