{
  "test_metrics_ensemble": {
    "ndcg": 0.48313660629503224,
    "spearman": 0.5167964404894326,
    "mrr_top2": 0.5,
    "mrr_top4": 0.5,
    "ndcg10": 0.48313660629503224,
    "ndcg_at_4": 0.4645175546554888,
    "ndcg_at_12": 0.5283101735823562,
    "ndcg_at_16": 0.5282918974627145,
    "ndcg_at_20": 0.5319002046671716,
    "roc_auc_upset": 0.75,
    "rank_mae_pred_vs_playoff_final_results": 6.733333110809326,
    "rank_rmse_pred_vs_playoff_final_results": 8.508818626403809,
    "rank_mae_eos_standings_vs_playoff_final_results": 3.1333333333333333,
    "rank_rmse_eos_standings_vs_playoff_final_results": 4.449719092257398,
    "playoff_metrics": {
      "spearman_pred_vs_playoff_final_results": 0.5194660734149055,
      "ndcg_at_4_final_four": 0.4645175546554888,
      "ndcg10_pred_vs_playoff_final_results": 0.48312508149940536,
      "brier_championship_odds": 0.03222232684493065,
      "rank_mae_pred_vs_playoff_final_results": 6.733333110809326,
      "rank_rmse_pred_vs_playoff_final_results": 8.508818626403809,
      "rank_mae_eos_standings_vs_playoff_final_results": 3.1333333333333333,
      "rank_rmse_eos_standings_vs_playoff_final_results": 4.449719092257398
    }
  },
  "test_metrics_model_a": {
    "ndcg": 0.48313660629503224,
    "spearman": 0.5167964404894326,
    "mrr_top2": 0.5,
    "mrr_top4": 0.5,
    "ndcg10": 0.48313660629503224,
    "ndcg_at_4": 0.4645175546554888,
    "ndcg_at_12": 0.5283101735823562,
    "ndcg_at_16": 0.5282918974627145,
    "ndcg_at_20": 0.5319002046671716,
    "roc_auc_upset": 0.75
  },
  "test_metrics_model_b": {
    "ndcg": 0.16755540443770164,
    "spearman": 0.5919911012235817,
    "mrr_top2": 0.2,
    "mrr_top4": 0.2,
    "ndcg10": 0.16755540443770164,
    "ndcg_at_4": 0.04166423104576856,
    "ndcg_at_12": 0.234754275205851,
    "ndcg_at_16": 0.3936582501402911,
    "ndcg_at_20": 0.39369413834549705,
    "roc_auc_upset": 0.8099547511312217
  },
  "test_metrics_model_c": {
    "ndcg": 0.05139534647930671,
    "spearman": 0.3050055617352614,
    "mrr_top2": 0.06666666666666667,
    "mrr_top4": 0.2,
    "ndcg10": 0.05139534647930671,
    "ndcg_at_4": 0.0072603807417201014,
    "ndcg_at_12": 0.05704448895120833,
    "ndcg_at_16": 0.1779607433491712,
    "ndcg_at_20": 0.18035846395567354,
    "roc_auc_upset": 0.8258928571428571
  },
  "test_metrics_by_conference": {
    "E": {
      "ndcg": 0.27745335871982874,
      "spearman": 0.33928571428571425
    },
    "W": {
      "ndcg": 0.752538834009314,
      "spearman": 0.7178571428571427
    }
  },
  "notes": {
    "eos_rank_source": "eos_final_rank"
  }
}