{
  "test_metrics_ensemble": {
    "ndcg": 0.48190382876672255,
    "spearman": 0.4972191323692992,
    "mrr_top2": 0.5,
    "mrr_top4": 0.5,
    "ndcg10": 0.48190382876672255,
    "ndcg_at_4": 0.4642838088219973,
    "ndcg_at_12": 0.5256634303308235,
    "ndcg_at_16": 0.5259486291662153,
    "ndcg_at_20": 0.527755122937521,
    "roc_auc_upset": 0.7857142857142857,
    "rank_mae_pred_vs_playoff_final_results": 6.933333396911621,
    "rank_rmse_pred_vs_playoff_final_results": 8.67947769165039,
    "rank_mae_eos_standings_vs_playoff_final_results": 3.1333333333333333,
    "rank_rmse_eos_standings_vs_playoff_final_results": 4.449719092257398,
    "playoff_metrics": {
      "spearman_pred_vs_playoff_final_results": 0.5194660734149055,
      "ndcg_at_4_final_four": 0.4642838088219973,
      "ndcg10_pred_vs_playoff_final_results": 0.48189124756201634,
      "brier_championship_odds": 0.03222232684493065,
      "rank_mae_pred_vs_playoff_final_results": 6.933333396911621,
      "rank_rmse_pred_vs_playoff_final_results": 8.67947769165039,
      "rank_mae_eos_standings_vs_playoff_final_results": 3.1333333333333333,
      "rank_rmse_eos_standings_vs_playoff_final_results": 4.449719092257398
    }
  },
  "test_metrics_model_a": {
    "ndcg": 0.4818986148287016,
    "spearman": 0.49632925472747497,
    "mrr_top2": 0.5,
    "mrr_top4": 0.5,
    "ndcg10": 0.4818986148287016,
    "ndcg_at_4": 0.46423103544156546,
    "ndcg_at_12": 0.525658217762333,
    "ndcg_at_16": 0.5259434169975599,
    "ndcg_at_20": 0.5277499107917899,
    "roc_auc_upset": 0.7857142857142857
  },
  "test_metrics_model_b": {
    "ndcg": 0.35793991730242963,
    "spearman": 0.607563959955506,
    "mrr_top2": 0.16666666666666666,
    "mrr_top4": 0.16666666666666666,
    "ndcg10": 0.35793991730242963,
    "ndcg_at_4": 0.047452952934463374,
    "ndcg_at_12": 0.4017324041266573,
    "ndcg_at_16": 0.4236768997809635,
    "ndcg_at_20": 0.42368196288701787,
    "roc_auc_upset": 0.7194570135746606
  },
  "test_metrics_model_c": {
    "ndcg": 0.05139534647930671,
    "spearman": 0.3054505005561735,
    "mrr_top2": 0.07142857142857142,
    "mrr_top4": 0.2,
    "ndcg10": 0.05139534647930671,
    "ndcg_at_4": 0.0072603807417201014,
    "ndcg_at_12": 0.05704448895120833,
    "ndcg_at_16": 0.17989573678693135,
    "ndcg_at_20": 0.1822152155273313,
    "roc_auc_upset": 0.8214285714285714
  },
  "test_metrics_by_conference": {
    "E": {
      "ndcg": 0.2417613366750519,
      "spearman": 0.2678571428571428
    },
    "W": {
      "ndcg": 0.7491563943572732,
      "spearman": 0.5928571428571427
    }
  },
  "notes": {
    "eos_rank_source": "eos_final_rank"
  }
}