{
  "test_metrics_ensemble": {
    "ndcg": 0.5585300489417686,
    "spearman": 0.37619577308120133,
    "mrr_top2": 1.0,
    "mrr_top4": 1.0,
    "ndcg10": 0.5585300489417686,
    "ndcg_at_4": 0.35315119534797357,
    "ndcg_at_12": 0.5583902101585478,
    "ndcg_at_16": 0.6022665508642199,
    "ndcg_at_20": 0.6028612703096206,
    "roc_auc_upset": 0.7194570135746606,
    "rank_mae_pred_vs_playoff_final_results": 7.666666507720947,
    "rank_rmse_pred_vs_playoff_final_results": 9.667816162109375,
    "rank_mae_eos_standings_vs_playoff_final_results": 3.7333333333333334,
    "rank_rmse_eos_standings_vs_playoff_final_results": 6.093712606722878,
    "playoff_metrics": {
      "spearman_pred_vs_playoff_final_results": 0.4282536151279199,
      "ndcg_at_4_final_four": 0.35315119534797357,
      "ndcg10_pred_vs_playoff_final_results": 0.5585352982410553,
      "brier_championship_odds": 0.03222232684493065,
      "rank_mae_pred_vs_playoff_final_results": 7.666666507720947,
      "rank_rmse_pred_vs_playoff_final_results": 9.667816162109375,
      "rank_mae_eos_standings_vs_playoff_final_results": 3.7333333333333334,
      "rank_rmse_eos_standings_vs_playoff_final_results": 6.093712606722878
    }
  },
  "test_metrics_model_a": {
    "ndcg": 0.5585300489417686,
    "spearman": 0.37619577308120133,
    "mrr_top2": 1.0,
    "mrr_top4": 1.0,
    "ndcg10": 0.5585300489417686,
    "ndcg_at_4": 0.35315119534797357,
    "ndcg_at_12": 0.5583902101585478,
    "ndcg_at_16": 0.6022665508642199,
    "ndcg_at_20": 0.6028612703096206,
    "roc_auc_upset": 0.7194570135746606
  },
  "test_metrics_model_b": {
    "ndcg": 0.7074819605687269,
    "spearman": 0.34060066740823136,
    "mrr_top2": 1.0,
    "mrr_top4": 1.0,
    "ndcg10": 0.7074819605687269,
    "ndcg_at_4": 0.7261751187226982,
    "ndcg_at_12": 0.7950905682191616,
    "ndcg_at_16": 0.7951143699611446,
    "ndcg_at_20": 0.8333404538821001,
    "roc_auc_upset": 0.8035714285714286
  },
  "test_metrics_model_c": {
    "ndcg": 0.333487026575135,
    "spearman": 0.23159065628476083,
    "mrr_top2": 0.16666666666666666,
    "mrr_top4": 0.16666666666666666,
    "ndcg10": 0.333487026575135,
    "ndcg_at_4": 0.0011069724610271625,
    "ndcg_at_12": 0.33890731926775686,
    "ndcg_at_16": 0.35966393831396193,
    "ndcg_at_20": 0.3699999322309346,
    "roc_auc_upset": 0.7633928571428571
  },
  "test_metrics_by_conference": {
    "E": {
      "ndcg": 0.38320669373549215,
      "spearman": 0.19999999999999998
    },
    "W": {
      "ndcg": 0.9111477815426928,
      "spearman": 0.47857142857142854
    }
  },
  "notes": {
    "eos_rank_source": "eos_final_rank"
  }
}