{
  "test_metrics_ensemble": {
    "ndcg": 0.48834576153363196,
    "spearman": 0.4843159065628476,
    "mrr_top2": 0.5,
    "mrr_top4": 0.5,
    "ndcg10": 0.48834576153363196,
    "ndcg_at_4": 0.4643944167678145,
    "ndcg_at_12": 0.533860151526984,
    "ndcg_at_16": 0.5338408974321215,
    "ndcg_at_20": 0.5374491802308488,
    "roc_auc_upset": 0.751131221719457,
    "rank_mae_pred_vs_playoff_final_results": 6.800000190734863,
    "rank_rmse_pred_vs_playoff_final_results": 8.790145874023438,
    "rank_mae_eos_standings_vs_playoff_final_results": 3.1333333333333333,
    "rank_rmse_eos_standings_vs_playoff_final_results": 4.449719092257398,
    "playoff_metrics": {
      "spearman_pred_vs_playoff_final_results": 0.47274749721913245,
      "ndcg_at_4_final_four": 0.4643812234227066,
      "ndcg10_pred_vs_playoff_final_results": 0.48833237127580487,
      "brier_championship_odds": 0.03222232684493065,
      "rank_mae_pred_vs_playoff_final_results": 6.800000190734863,
      "rank_rmse_pred_vs_playoff_final_results": 8.790145874023438,
      "rank_mae_eos_standings_vs_playoff_final_results": 3.1333333333333333,
      "rank_rmse_eos_standings_vs_playoff_final_results": 4.449719092257398
    }
  },
  "test_metrics_model_a": {
    "ndcg": 0.48834576153363196,
    "spearman": 0.4843159065628476,
    "mrr_top2": 0.5,
    "mrr_top4": 0.5,
    "ndcg10": 0.48834576153363196,
    "ndcg_at_4": 0.4643944167678145,
    "ndcg_at_12": 0.533860151526984,
    "ndcg_at_16": 0.5338408974321215,
    "ndcg_at_20": 0.5374491802308488,
    "roc_auc_upset": 0.751131221719457
  },
  "test_metrics_model_b": {
    "ndcg": 0.20447327093225284,
    "spearman": 0.5296996662958843,
    "mrr_top2": 0.16666666666666666,
    "mrr_top4": 0.16666666666666666,
    "ndcg10": 0.20447327093225284,
    "ndcg_at_4": 0.04166423104576856,
    "ndcg_at_12": 0.22645111866614231,
    "ndcg_at_16": 0.22648541014938092,
    "ndcg_at_20": 0.2264895111224333,
    "roc_auc_upset": 0.7737556561085973
  },
  "test_metrics_model_c": {
    "ndcg": 0.05124995751403931,
    "spearman": 0.30189098998887653,
    "mrr_top2": 0.0625,
    "mrr_top4": 0.2,
    "ndcg10": 0.05124995751403931,
    "ndcg_at_4": 0.00711064040423231,
    "ndcg_at_12": 0.056899138174850025,
    "ndcg_at_16": 0.1769467286075223,
    "ndcg_at_20": 0.17934445367388585,
    "roc_auc_upset": 0.8258928571428571
  },
  "test_metrics_by_conference": {
    "E": {
      "ndcg": 0.25910788786834577,
      "spearman": 0.23571428571428568
    },
    "W": {
      "ndcg": 0.7737357849437491,
      "spearman": 0.7107142857142856
    }
  },
  "notes": {
    "eos_rank_source": "eos_final_rank"
  }
}