{
  "test_metrics_ensemble": {
    "ndcg": 0.5960608513559049,
    "spearman": 0.3975528364849833,
    "mrr_top2": 1.0,
    "mrr_top4": 1.0,
    "ndcg10": 0.5960608513559049,
    "ndcg_at_4": 0.35315119534797357,
    "ndcg_at_12": 0.5959538806877516,
    "ndcg_at_16": 0.5972083643060808,
    "ndcg_at_20": 0.5980919361010515,
    "roc_auc_upset": 0.75,
    "rank_mae_pred_vs_playoff_final_results": 7.5333333015441895,
    "rank_rmse_pred_vs_playoff_final_results": 9.500877380371094,
    "rank_mae_eos_standings_vs_playoff_final_results": 3.7333333333333334,
    "rank_rmse_eos_standings_vs_playoff_final_results": 6.093712606722878,
    "playoff_metrics": {
      "spearman_pred_vs_playoff_final_results": 0.4682981090100112,
      "ndcg_at_4_final_four": 0.35315119534797357,
      "ndcg10_pred_vs_playoff_final_results": 0.5960663868523135,
      "brier_championship_odds": 0.03222232684493065,
      "rank_mae_pred_vs_playoff_final_results": 7.5333333015441895,
      "rank_rmse_pred_vs_playoff_final_results": 9.500877380371094,
      "rank_mae_eos_standings_vs_playoff_final_results": 3.7333333333333334,
      "rank_rmse_eos_standings_vs_playoff_final_results": 6.093712606722878
    }
  },
  "test_metrics_model_a": {
    "ndcg": 0.5958286234694228,
    "spearman": 0.396662958843159,
    "mrr_top2": 1.0,
    "mrr_top4": 1.0,
    "ndcg10": 0.5958286234694228,
    "ndcg_at_4": 0.35315119534797357,
    "ndcg_at_12": 0.5957217137999129,
    "ndcg_at_16": 0.5969762152268268,
    "ndcg_at_20": 0.5978597880428405,
    "roc_auc_upset": 0.7963800904977376
  },
  "test_metrics_model_b": {
    "ndcg": 0.5696834149930231,
    "spearman": 0.5216907675194661,
    "mrr_top2": 0.5,
    "mrr_top4": 0.5,
    "ndcg10": 0.5696834149930231,
    "ndcg_at_4": 0.44093212795935904,
    "ndcg_at_12": 0.6148342492744148,
    "ndcg_at_16": 0.6148691324184641,
    "ndcg_at_20": 0.6195676466223081,
    "roc_auc_upset": 0.7420814479638009
  },
  "test_metrics_model_c": {
    "ndcg": 0.333487026575135,
    "spearman": 0.23159065628476083,
    "mrr_top2": 0.16666666666666666,
    "mrr_top4": 0.16666666666666666,
    "ndcg10": 0.333487026575135,
    "ndcg_at_4": 0.0011069724610271625,
    "ndcg_at_12": 0.33890731926775686,
    "ndcg_at_16": 0.35966393831396193,
    "ndcg_at_20": 0.3699999322309346,
    "roc_auc_upset": 0.7633928571428571
  },
  "test_metrics_by_conference": {
    "E": {
      "ndcg": 0.38520906425700524,
      "spearman": 0.2714285714285714
    },
    "W": {
      "ndcg": 0.9277983934610092,
      "spearman": 0.5357142857142856
    }
  },
  "notes": {
    "eos_rank_source": "eos_final_rank"
  }
}