{
  "best_by_spearman": {
    "combo": 4,
    "value": 0.4842959033299588,
    "rolling_windows": [
      10,
      30
    ],
    "model_a_epochs": 23,
    "max_depth": 6,
    "learning_rate": 0.09989837149280749,
    "n_estimators_xgb": 290,
    "n_estimators_rf": 246,
    "subsample": 0.8,
    "colsample_bytree": 0.7,
    "min_samples_leaf": 5,
    "test_metrics_ensemble_ndcg": 0.4842959033299588,
    "test_metrics_ensemble_spearman": 0.4883203559510568,
    "test_metrics_ensemble_mrr_top2": 0.5,
    "test_metrics_ensemble_mrr_top4": 0.5,
    "test_metrics_ensemble_ndcg10": 0.4842959033299588,
    "test_metrics_ensemble_roc_auc_upset": 0.8311111111111111,
    "test_metrics_ensemble_rank_mae_pred_vs_playoff": 7.0,
    "test_metrics_ensemble_rank_rmse_pred_vs_playoff": 8.755949974060059,
    "test_metrics_ensemble_rank_mae_standings_vs_playoff": 3.1333333333333333,
    "test_metrics_ensemble_rank_rmse_standings_vs_playoff": 4.449719092257398,
    "test_metrics_ensemble_playoff_spearman_pred_vs_playoff_rank": 0.5256952169076751,
    "test_metrics_ensemble_playoff_ndcg_at_4_final_four": 0.4733834825680338,
    "test_metrics_ensemble_playoff_ndcg10_pred_vs_playoff": 0.48428491399732254,
    "test_metrics_ensemble_playoff_brier_championship_odds": 0.03222232684493065,
    "test_metrics_ensemble_playoff_rank_mae_pred_vs_playoff": 7.0,
    "test_metrics_ensemble_playoff_rank_rmse_pred_vs_playoff": 8.755949974060059,
    "test_metrics_ensemble_playoff_rank_mae_standings_vs_playoff": 3.1333333333333333,
    "test_metrics_ensemble_playoff_rank_rmse_standings_vs_playoff": 4.449719092257398,
    "test_metrics_model_a_ndcg": 0.48429318190941406,
    "test_metrics_model_a_spearman": 0.47897664071190205,
    "test_metrics_model_a_mrr_top2": 0.5,
    "test_metrics_model_a_mrr_top4": 0.5,
    "test_metrics_model_a_ndcg10": 0.48429318190941406,
    "test_metrics_model_a_roc_auc_upset": 0.8355555555555556,
    "test_metrics_model_b_ndcg": 0.18111986302288247,
    "test_metrics_model_b_spearman": 0.5897664071190212,
    "test_metrics_model_b_mrr_top2": 0.16666666666666666,
    "test_metrics_model_b_mrr_top4": 0.16666666666666666,
    "test_metrics_model_b_ndcg10": 0.18111986302288247,
    "test_metrics_model_b_roc_auc_upset": 0.7767857142857143,
    "test_metrics_model_c_ndcg": 0.05165272881246917,
    "test_metrics_model_c_spearman": 0.3161290322580645,
    "test_metrics_model_c_mrr_top2": 0.0625,
    "test_metrics_model_c_mrr_top4": 0.16666666666666666,
    "test_metrics_model_c_ndcg10": 0.05165272881246917,
    "test_metrics_model_c_roc_auc_upset": 0.8169642857142857,
    "test_metrics_by_conference_E_ndcg": 0.29867113945637624,
    "test_metrics_by_conference_E_spearman": 0.33571428571428563,
    "test_metrics_by_conference_W_ndcg": 0.7491563943572732,
    "test_metrics_by_conference_W_spearman": 0.5928571428571427
  },
  "best_by_ndcg": {
    "combo": 1,
    "value": 0.4860119724736512,
    "rolling_windows": [
      10,
      30
    ],
    "model_a_epochs": 14,
    "max_depth": 3,
    "learning_rate": 0.06516391621961129,
    "n_estimators_xgb": 283,
    "n_estimators_rf": 228,
    "subsample": 0.8,
    "colsample_bytree": 0.7,
    "min_samples_leaf": 4,
    "test_metrics_ensemble_ndcg": 0.4860119724736512,
    "test_metrics_ensemble_spearman": 0.4852057842046719,
    "test_metrics_ensemble_mrr_top2": 0.5,
    "test_metrics_ensemble_mrr_top4": 0.5,
    "test_metrics_ensemble_ndcg10": 0.4860119724736512,
    "test_metrics_ensemble_roc_auc_upset": 0.7767857142857142,
    "test_metrics_ensemble_rank_mae_pred_vs_playoff": 6.800000190734863,
    "test_metrics_ensemble_rank_rmse_pred_vs_playoff": 8.78255844116211,
    "test_metrics_ensemble_rank_mae_standings_vs_playoff": 3.1333333333333333,
    "test_metrics_ensemble_rank_rmse_standings_vs_playoff": 4.449719092257398,
    "test_metrics_ensemble_playoff_spearman_pred_vs_playoff_rank": 0.5038932146829811,
    "test_metrics_ensemble_playoff_ndcg_at_4_final_four": 0.46449490234372454,
    "test_metrics_ensemble_playoff_ndcg10_pred_vs_playoff": 0.4860002582996911,
    "test_metrics_ensemble_playoff_brier_championship_odds": 0.032184261828660965,
    "test_metrics_ensemble_playoff_rank_mae_pred_vs_playoff": 6.800000190734863,
    "test_metrics_ensemble_playoff_rank_rmse_pred_vs_playoff": 8.78255844116211,
    "test_metrics_ensemble_playoff_rank_mae_standings_vs_playoff": 3.1333333333333333,
    "test_metrics_ensemble_playoff_rank_rmse_standings_vs_playoff": 4.449719092257398,
    "test_metrics_model_a_ndcg": 0.4853909256028284,
    "test_metrics_model_a_spearman": 0.48120133481646277,
    "test_metrics_model_a_mrr_top2": 0.5,
    "test_metrics_model_a_mrr_top4": 0.5,
    "test_metrics_model_a_ndcg10": 0.4853909256028284,
    "test_metrics_model_a_roc_auc_upset": 0.7333333333333334,
    "test_metrics_model_b_ndcg": 0.3732593531319817,
    "test_metrics_model_b_spearman": 0.6533926585094549,
    "test_metrics_model_b_mrr_top2": 0.16666666666666666,
    "test_metrics_model_b_mrr_top4": 0.16666666666666666,
    "test_metrics_model_b_ndcg10": 0.3732593531319817,
    "test_metrics_model_b_roc_auc_upset": 0.71875,
    "test_metrics_model_c_ndcg": 0.05876671962319279,
    "test_metrics_model_c_spearman": 0.332146829810901,
    "test_metrics_model_c_mrr_top2": 0.06666666666666667,
    "test_metrics_model_c_mrr_top4": 0.2,
    "test_metrics_model_c_ndcg10": 0.05876671962319279,
    "test_metrics_model_c_roc_auc_upset": 0.8080357142857143,
    "test_metrics_by_conference_E_ndcg": 0.2744885912818964,
    "test_metrics_by_conference_E_spearman": 0.3428571428571428,
    "test_metrics_by_conference_W_ndcg": 0.7491563943572732,
    "test_metrics_by_conference_W_spearman": 0.575
  },
  "best_by_ndcg10": {
    "combo": 1,
    "value": 0.4860119724736512,
    "rolling_windows": [
      10,
      30
    ],
    "model_a_epochs": 14,
    "max_depth": 3,
    "learning_rate": 0.06516391621961129,
    "n_estimators_xgb": 283,
    "n_estimators_rf": 228,
    "subsample": 0.8,
    "colsample_bytree": 0.7,
    "min_samples_leaf": 4,
    "test_metrics_ensemble_ndcg": 0.4860119724736512,
    "test_metrics_ensemble_spearman": 0.4852057842046719,
    "test_metrics_ensemble_mrr_top2": 0.5,
    "test_metrics_ensemble_mrr_top4": 0.5,
    "test_metrics_ensemble_ndcg10": 0.4860119724736512,
    "test_metrics_ensemble_roc_auc_upset": 0.7767857142857142,
    "test_metrics_ensemble_rank_mae_pred_vs_playoff": 6.800000190734863,
    "test_metrics_ensemble_rank_rmse_pred_vs_playoff": 8.78255844116211,
    "test_metrics_ensemble_rank_mae_standings_vs_playoff": 3.1333333333333333,
    "test_metrics_ensemble_rank_rmse_standings_vs_playoff": 4.449719092257398,
    "test_metrics_ensemble_playoff_spearman_pred_vs_playoff_rank": 0.5038932146829811,
    "test_metrics_ensemble_playoff_ndcg_at_4_final_four": 0.46449490234372454,
    "test_metrics_ensemble_playoff_ndcg10_pred_vs_playoff": 0.4860002582996911,
    "test_metrics_ensemble_playoff_brier_championship_odds": 0.032184261828660965,
    "test_metrics_ensemble_playoff_rank_mae_pred_vs_playoff": 6.800000190734863,
    "test_metrics_ensemble_playoff_rank_rmse_pred_vs_playoff": 8.78255844116211,
    "test_metrics_ensemble_playoff_rank_mae_standings_vs_playoff": 3.1333333333333333,
    "test_metrics_ensemble_playoff_rank_rmse_standings_vs_playoff": 4.449719092257398,
    "test_metrics_model_a_ndcg": 0.4853909256028284,
    "test_metrics_model_a_spearman": 0.48120133481646277,
    "test_metrics_model_a_mrr_top2": 0.5,
    "test_metrics_model_a_mrr_top4": 0.5,
    "test_metrics_model_a_ndcg10": 0.4853909256028284,
    "test_metrics_model_a_roc_auc_upset": 0.7333333333333334,
    "test_metrics_model_b_ndcg": 0.3732593531319817,
    "test_metrics_model_b_spearman": 0.6533926585094549,
    "test_metrics_model_b_mrr_top2": 0.16666666666666666,
    "test_metrics_model_b_mrr_top4": 0.16666666666666666,
    "test_metrics_model_b_ndcg10": 0.3732593531319817,
    "test_metrics_model_b_roc_auc_upset": 0.71875,