{
  "notes": {
    "eval_on": "test",
    "eos_rank_source": "eos_final_rank",
    "upset_definition": "sleeper = EOS_global_rank > predicted_strength",
    "mrr_top2": "1/rank of first team in top 2 (champion+runner-up) in predicted order.",
    "mrr_top4": "1/rank of first team in top 4 (conference finals) in predicted order.",
    "per_conference_relevance": "Within E/W: actual rank derived from EOS_global_rank (1=best in conf); NDCG/Spearman use this relevance.",
    "playoff_metrics": "Spearman (pred global vs playoff_final_results), NDCG@4 (final four), Brier (champion vs odds). rank_mae/rank_rmse: pred vs playoff_final_results; eos_standings vs playoff_final_results (baseline)."
  },
  "split_info": {
    "train_frac": 0.75,
    "n_train_dates": 141,
    "n_test_dates": 36,
    "split_mode": "seasons"
  },
  "test_metrics_ensemble": {
    "ndcg": 0.4867847007580845,
    "spearman": 0.5105672969966629,
    "mrr_top2": 0.5,
    "mrr_top4": 0.5,
    "ndcg10": 0.4867847007580845,
    "ndcg_at_4": 0.4645175546554888,
    "ndcg_at_12": 0.5308969033805828,
    "ndcg_at_16": 0.5308784030083672,
    "ndcg_at_20": 0.5344867766728889,
    "roc_auc_upset": 0.7455357142857143,
    "rank_mae_pred_vs_playoff_final_results": 6.666666507720947,
    "rank_rmse_pred_vs_playoff_final_results": 8.563488960266113,
    "rank_mae_eos_standings_vs_playoff_final_results": 3.1333333333333333,
    "rank_rmse_eos_standings_vs_playoff_final_results": 4.449719092257398,
    "playoff_metrics": {
      "spearman_pred_vs_playoff_final_results": 0.5114571746384872,
      "ndcg_at_4_final_four": 0.4645175546554888,
      "ndcg10_pred_vs_playoff_final_results": 0.4867726394332839,
      "brier_championship_odds": 0.03222232684493065,
      "rank_mae_pred_vs_playoff_final_results": 6.666666507720947,
      "rank_rmse_pred_vs_playoff_final_results": 8.563488960266113,
      "rank_mae_eos_standings_vs_playoff_final_results": 3.1333333333333333,
      "rank_rmse_eos_standings_vs_playoff_final_results": 4.449719092257398
    }
  },
  "test_metrics_model_a": {
    "ndcg": 0.4867847007580845,
    "spearman": 0.5105672969966629,
    "mrr_top2": 0.5,
    "mrr_top4": 0.5,
    "ndcg10": 0.4867847007580845,
    "ndcg_at_4": 0.4645175546554888,
    "ndcg_at_12": 0.5308969033805828,
    "ndcg_at_16": 0.5308784030083672,
    "ndcg_at_20": 0.5344867766728889,
    "roc_auc_upset": 0.7455357142857143
  },
  "test_metrics_model_b": {
    "ndcg": 0.16619710541230373,
    "spearman": 0.5697441601779756,
    "mrr_top2": 0.2,
    "mrr_top4": 0.2,
    "ndcg10": 0.16619710541230373,
    "ndcg_at_4": 0.04029517653159447,
    "ndcg_at_12": 0.18810759038456568,
    "ndcg_at_16": 0.230783622810244,
    "ndcg_at_20": 0.3786640877495416,
    "roc_auc_upset": 0.725
  },
  "test_metrics_model_c": {
    "ndcg": 0.05139534647930671,
    "spearman": 0.3050055617352614,
    "mrr_top2": 0.06666666666666667,
    "mrr_top4": 0.2,
    "ndcg10": 0.05139534647930671,
    "ndcg_at_4": 0.0072603807417201014,
    "ndcg_at_12": 0.05704448895120833,
    "ndcg_at_16": 0.1779607433491712,
    "ndcg_at_20": 0.18035846395567354,
    "roc_auc_upset": 0.8258928571428571
  },
  "test_metrics_by_conference": {
    "E": {
      "ndcg": 0.27745335871982874,
      "spearman": 0.3
    },
    "W": {
      "ndcg": 0.7519157235194247,
      "spearman": 0.6928571428571427
    }
  },
  "by_season": {
    "2023-24": {
      "test_metrics_ensemble": {
        "ndcg": 0.5955186798503143,
        "spearman": 0.4496106785317019,
        "mrr_top2": 1.0,
        "mrr_top4": 1.0,
        "ndcg10": 0.5955186798503143,
        "ndcg_at_4": 0.35315119534797357,
        "ndcg_at_12": 0.5953676141798527,
        "ndcg_at_16": 0.597276792912333,
        "ndcg_at_20": 0.5972832850435115,
        "roc_auc_upset": 0.7692307692307693,
        "rank_mae_pred_vs_playoff_final_results": 7.199999809265137,
        "rank_rmse_pred_vs_playoff_final_results": 9.08111572265625,
        "rank_mae_eos_standings_vs_playoff_final_results": 3.7333333333333334,
        "rank_rmse_eos_standings_vs_playoff_final_results": 6.093712606722878,
        "playoff_metrics": {
          "spearman_pred_vs_playoff_final_results": 0.4567296996662959,
          "ndcg_at_4_final_four": 0.35315119534797357,
          "ndcg10_pred_vs_playoff_final_results": 0.5955179606959881,
          "brier_championship_odds": 0.03222232684493065,
          "rank_mae_pred_vs_playoff_final_results": 7.199999809265137,
          "rank_rmse_pred_vs_playoff_final_results": 9.08111572265625,
          "rank_mae_eos_standings_vs_playoff_final_results": 3.7333333333333334,
          "rank_rmse_eos_standings_vs_playoff_final_results": 6.093712606722878
        }
      },
      "test_metrics_model_a": {
        "ndcg": 0.5955186798503143,
        "spearman": 0.4384872080088987,
        "mrr_top2": 1.0,
        "mrr_top4": 1.0,
        "ndcg10": 0.5955186798503143,
        "ndcg_at_4": 0.35315119534797357,
        "ndcg_at_12": 0.5953676141798527,
        "ndcg_at_16": 0.597276792912333,
        "ndcg_at_20": 0.5972832850435115,
        "roc_auc_upset": 0.8035714285714286
      },
      "test_metrics_model_b": {
        "ndcg": 0.5716240108383397,
        "spearman": 0.4705228031145718,
        "mrr_top2": 0.5,
        "mrr_top4": 0.5,
        "ndcg10": 0.5716240108383397,
        "ndcg_at_4": 0.4589454418134188,
        "ndcg_at_12": 0.5714966523344372,
        "ndcg_at_16": 0.613096020858019,
        "ndcg_at_20": 0.6130981761740453,
        "roc_auc_upset": 0.7232142857142857
      },
      "test_metrics_model_c": {
        "ndcg": 0.33348743391404295,
        "spearman": 0.24004449388209118,
        "mrr_top2": 0.16666666666666666,
        "mrr_top4": 0.16666666666666666,
        "ndcg10": 0.33348743391404295,
        "ndcg_at_4": 0.001111095381373398,
        "ndcg_at_12": 0.3389077264996702,
        "ndcg_at_16": 0.360207631502753,
        "ndcg_at_20": 0.3705436230284426,
        "roc_auc_upset": 0.7589285714285714
      },
      "test_metrics_by_conference": {
        "E": {
          "ndcg": 0.3869402032684001,
          "spearman": 0.2821428571428571
        },
        "W": {
          "ndcg": 0.9322282740664924,
          "spearman": 0.657142857142857
        }
      },
      "notes": {
        "eos_rank_source": "eos_final_rank"
      }
    },
    "2024-25": {
      "test_metrics_ensemble": {
        "ndcg": 0.4867847007580845,
        "spearman": 0.5105672969966629,
        "mrr_top2": 0.5,
        "mrr_top4": 0.5,
        "ndcg10": 0.4867847007580845,
        "ndcg_at_4": 0.4645175546554888,
        "ndcg_at_12": 0.5308969033805828,
        "ndcg_at_16": 0.5308784030083672,
        "ndcg_at_20": 0.5344867766728889,
        "roc_auc_upset": 0.7455357142857143,
        "rank_mae_pred_vs_playoff_final_results": 6.666666507720947,
        "rank_rmse_pred_vs_playoff_final_results": 8.563488960266113,
        "rank_mae_eos_standings_vs_playoff_final_results": 3.1333333333333333,
        "rank_rmse_eos_standings_vs_playoff_final_results": 4.449719092257398,
        "playoff_metrics": {
          "spearman_pred_vs_playoff_final_results": 0.5114571746384872,
          "ndcg_at_4_final_four": 0.4645175546554888,
          "ndcg10_pred_vs_playoff_final_results": 0.4867726394332839,
          "brier_championship_odds": 0.03222232684493065,
          "rank_mae_pred_vs_playoff_final_results": 6.666666507720947,
          "rank_rmse_pred_vs_playoff_final_results": 8.563488960266113,
          "rank_mae_eos_standings_vs_playoff_final_results": 3.1333333333333333,
          "rank_rmse_eos_standings_vs_playoff_final_results": 4.449719092257398
        }
      },
      "test_metrics_model_a": {
        "ndcg": 0.4867847007580845,
        "spearman": 0.5105672969966629,
        "mrr_top2": 0.5,
        "mrr_top4": 0.5,
        "ndcg10": 0.4867847007580845,
        "ndcg_at_4": 0.4645175546554888,
        "ndcg_at_12": 0.5308969033805828,
        "ndcg_at_16": 0.5308784030083672,