{
  "test_metrics_ensemble": {
    "ndcg": 0.54078824580577,
    "spearman": 0.3837597330367074,
    "mrr_top2": 1.0,
    "mrr_top4": 1.0,
    "ndcg10": 0.54078824580577,
    "ndcg_at_4": 0.35315119534797357,
    "ndcg_at_12": 0.5859513574473585,
    "ndcg_at_16": 0.5872405318794931,
    "ndcg_at_20": 0.5878554446211525,
    "roc_auc_upset": 0.7546296296296297,
    "rank_mae_pred_vs_playoff_final_results": 7.5333333015441895,
    "rank_rmse_pred_vs_playoff_final_results": 9.609024047851562,
    "rank_mae_eos_standings_vs_playoff_final_results": 3.7333333333333334,
    "rank_rmse_eos_standings_vs_playoff_final_results": 6.093712606722878,
    "playoff_metrics": {
      "spearman_pred_vs_playoff_final_results": 0.4451612903225806,
      "ndcg_at_4_final_four": 0.35315119534797357,
      "ndcg10_pred_vs_playoff_final_results": 0.5407934951050568,
      "brier_championship_odds": 0.03222232684493065,
      "rank_mae_pred_vs_playoff_final_results": 7.5333333015441895,
      "rank_rmse_pred_vs_playoff_final_results": 9.609024047851562,
      "rank_mae_eos_standings_vs_playoff_final_results": 3.7333333333333334,
      "rank_rmse_eos_standings_vs_playoff_final_results": 6.093712606722878
    }
  },
  "test_metrics_model_a": {
    "ndcg": 0.54078824580577,
    "spearman": 0.3757508342602892,
    "mrr_top2": 1.0,
    "mrr_top4": 1.0,
    "ndcg10": 0.54078824580577,
    "ndcg_at_4": 0.35315119534797357,
    "ndcg_at_12": 0.5859513574473585,
    "ndcg_at_16": 0.5872405318794931,
    "ndcg_at_20": 0.5878464891706408,
    "roc_auc_upset": 0.7638888888888888
  },
  "test_metrics_model_b": {
    "ndcg": 0.5639699369702339,
    "spearman": 0.49187986651835364,
    "mrr_top2": 0.5,
    "mrr_top4": 0.5,
    "ndcg10": 0.5639699369702339,
    "ndcg_at_4": 0.44093212795935904,
    "ndcg_at_12": 0.5638245657811012,
    "ndcg_at_16": 0.6035910352379761,
    "ndcg_at_20": 0.608460998632533,
    "roc_auc_upset": 0.7555555555555555
  },
  "test_metrics_model_c": {
    "ndcg": 0.3335099094849099,
    "spearman": 0.23559510567296996,
    "mrr_top2": 0.16666666666666666,
    "mrr_top4": 0.16666666666666666,
    "ndcg10": 0.3335099094849099,
    "ndcg_at_4": 0.0011069724610271625,
    "ndcg_at_12": 0.3389081203242068,
    "ndcg_at_16": 0.3596647393089661,
    "ndcg_at_20": 0.3700007332224158,
    "roc_auc_upset": 0.7633928571428571
  },
  "test_metrics_by_conference": {
    "E": {
      "ndcg": 0.3869402032684001,
      "spearman": 0.2964285714285714
    },
    "W": {
      "ndcg": 0.9220945207085108,
      "spearman": 0.5
    }
  },
  "notes": {
    "eos_rank_source": "eos_final_rank"
  }
}