{
  "notes": {
    "eval_on": "test",
    "eos_rank_source": "eos_final_rank",
    "upset_definition": "sleeper = EOS_global_rank > predicted_strength",
    "mrr_top2": "1/rank of first team in top 2 (champion+runner-up) in predicted order.",
    "mrr_top4": "1/rank of first team in top 4 (conference finals) in predicted order.",
    "per_conference_relevance": "Within E/W: actual rank derived from EOS_global_rank (1=best in conf); NDCG/Spearman use this relevance.",
    "playoff_metrics": "Spearman (pred global vs playoff_final_results), NDCG@4 (final four), Brier (champion vs odds). rank_mae/rank_rmse: pred vs playoff_final_results; eos_standings vs playoff_final_results (baseline)."
  },
  "split_info": {
    "train_frac": 0.75,
    "n_train_dates": 141,
    "n_test_dates": 36,
    "split_mode": "seasons"
  },
  "test_metrics_ensemble": {
    "ndcg": 0.4845644242282749,
    "spearman": 0.5030033370411569,
    "mrr_top2": 0.5,
    "mrr_top4": 0.5,
    "ndcg10": 0.4845644242282749,
    "ndcg_at_4": 0.46414085016152934,
    "ndcg_at_12": 0.5283239965607723,
    "ndcg_at_16": 0.5295466585014248,
    "ndcg_at_20": 0.5324702686905423,
    "roc_auc_upset": 0.746606334841629,
    "rank_mae_pred_vs_playoff_final_results": 6.733333110809326,
    "rank_rmse_pred_vs_playoff_final_results": 8.629406929016113,
    "rank_mae_eos_standings_vs_playoff_final_results": 3.1333333333333333,
    "rank_rmse_eos_standings_vs_playoff_final_results": 4.449719092257398,
    "playoff_metrics": {
      "spearman_pred_vs_playoff_final_results": 0.4887652947719689,
      "ndcg_at_4_final_four": 0.4641255331621935,
      "ndcg10_pred_vs_playoff_final_results": 0.4845495340061441,
      "brier_championship_odds": 0.03222232684493065,
      "rank_mae_pred_vs_playoff_final_results": 6.733333110809326,
      "rank_rmse_pred_vs_playoff_final_results": 8.629406929016113,
      "rank_mae_eos_standings_vs_playoff_final_results": 3.1333333333333333,
      "rank_rmse_eos_standings_vs_playoff_final_results": 4.449719092257398
    }
  },
  "test_metrics_model_a": {
    "ndcg": 0.4845644242282749,
    "spearman": 0.5030033370411569,
    "mrr_top2": 0.5,
    "mrr_top4": 0.5,
    "ndcg10": 0.4845644242282749,
    "ndcg_at_4": 0.46414085016152934,
    "ndcg_at_12": 0.5283239965607723,
    "ndcg_at_16": 0.5295466585014248,
    "ndcg_at_20": 0.5324702686905423,
    "roc_auc_upset": 0.746606334841629
  },
  "test_metrics_model_b": {
    "ndcg": 0.15627980117372517,
    "spearman": 0.5279199110122358,
    "mrr_top2": 0.16666666666666666,
    "mrr_top4": 0.16666666666666666,
    "ndcg10": 0.15627980117372517,
    "ndcg_at_4": 0.04029517653159447,
    "ndcg_at_12": 0.200135971403335,
    "ndcg_at_16": 0.22148646738910097,
    "ndcg_at_20": 0.22148640945361733,
    "roc_auc_upset": 0.7916666666666666
  },
  "test_metrics_model_c": {
    "ndcg": 0.05124995751403931,
    "spearman": 0.30189098998887653,
    "mrr_top2": 0.0625,
    "mrr_top4": 0.2,
    "ndcg10": 0.05124995751403931,
    "ndcg_at_4": 0.00711064040423231,
    "ndcg_at_12": 0.056899138174850025,
    "ndcg_at_16": 0.1769467286075223,
    "ndcg_at_20": 0.17934445367388585,
    "roc_auc_upset": 0.8258928571428571
  },
  "test_metrics_by_conference": {
    "E": {
      "ndcg": 0.24471916429790896,
      "spearman": 0.24285714285714283
    },
    "W": {
      "ndcg": 0.7510775020335729,
      "spearman": 0.7
    }
  },
  "by_season": {
    "2023-24": {
      "test_metrics_ensemble": {
        "ndcg": 0.54078824580577,
        "spearman": 0.3837597330367074,
        "mrr_top2": 1.0,
        "mrr_top4": 1.0,
        "ndcg10": 0.54078824580577,
        "ndcg_at_4": 0.35315119534797357,
        "ndcg_at_12": 0.5859513574473585,
        "ndcg_at_16": 0.5872405318794931,
        "ndcg_at_20": 0.5878554446211525,
        "roc_auc_upset": 0.7546296296296297,
        "rank_mae_pred_vs_playoff_final_results": 7.5333333015441895,
        "rank_rmse_pred_vs_playoff_final_results": 9.609024047851562,
        "rank_mae_eos_standings_vs_playoff_final_results": 3.7333333333333334,
        "rank_rmse_eos_standings_vs_playoff_final_results": 6.093712606722878,
        "playoff_metrics": {
          "spearman_pred_vs_playoff_final_results": 0.4451612903225806,
          "ndcg_at_4_final_four": 0.35315119534797357,
          "ndcg10_pred_vs_playoff_final_results": 0.5407934951050568,
          "brier_championship_odds": 0.03222232684493065,
          "rank_mae_pred_vs_playoff_final_results": 7.5333333015441895,
          "rank_rmse_pred_vs_playoff_final_results": 9.609024047851562,
          "rank_mae_eos_standings_vs_playoff_final_results": 3.7333333333333334,
          "rank_rmse_eos_standings_vs_playoff_final_results": 6.093712606722878
        }
      },
      "test_metrics_model_a": {
        "ndcg": 0.54078824580577,
        "spearman": 0.3757508342602892,
        "mrr_top2": 1.0,
        "mrr_top4": 1.0,
        "ndcg10": 0.54078824580577,
        "ndcg_at_4": 0.35315119534797357,
        "ndcg_at_12": 0.5859513574473585,
        "ndcg_at_16": 0.5872405318794931,
        "ndcg_at_20": 0.5878464891706408,
        "roc_auc_upset": 0.7638888888888888
      },
      "test_metrics_model_b": {
        "ndcg": 0.5639699369702339,
        "spearman": 0.49187986651835364,
        "mrr_top2": 0.5,
        "mrr_top4": 0.5,
        "ndcg10": 0.5639699369702339,
        "ndcg_at_4": 0.44093212795935904,
        "ndcg_at_12": 0.5638245657811012,
        "ndcg_at_16": 0.6035910352379761,
        "ndcg_at_20": 0.608460998632533,
        "roc_auc_upset": 0.7555555555555555
      },
      "test_metrics_model_c": {
        "ndcg": 0.3335099094849099,
        "spearman": 0.23559510567296996,
        "mrr_top2": 0.16666666666666666,
        "mrr_top4": 0.16666666666666666,
        "ndcg10": 0.3335099094849099,
        "ndcg_at_4": 0.0011069724610271625,
        "ndcg_at_12": 0.3389081203242068,
        "ndcg_at_16": 0.3596647393089661,
        "ndcg_at_20": 0.3700007332224158,
        "roc_auc_upset": 0.7633928571428571
      },
      "test_metrics_by_conference": {
        "E": {
          "ndcg": 0.3869402032684001,
          "spearman": 0.2964285714285714
        },
        "W": {
          "ndcg": 0.9220945207085108,
          "spearman": 0.5
        }
      },
      "notes": {
        "eos_rank_source": "eos_final_rank"
      }
    },
    "2024-25": {
      "test_metrics_ensemble": {
        "ndcg": 0.4845644242282749,
        "spearman": 0.5030033370411569,
        "mrr_top2": 0.5,
        "mrr_top4": 0.5,
        "ndcg10": 0.4845644242282749,
        "ndcg_at_4": 0.46414085016152934,
        "ndcg_at_12": 0.5283239965607723,
        "ndcg_at_16": 0.5295466585014248,
        "ndcg_at_20": 0.5324702686905423,
        "roc_auc_upset": 0.746606334841629,
        "rank_mae_pred_vs_playoff_final_results": 6.733333110809326,
        "rank_rmse_pred_vs_playoff_final_results": 8.629406929016113,
        "rank_mae_eos_standings_vs_playoff_final_results": 3.1333333333333333,
        "rank_rmse_eos_standings_vs_playoff_final_results": 4.449719092257398,
        "playoff_metrics": {
          "spearman_pred_vs_playoff_final_results": 0.4887652947719689,
          "ndcg_at_4_final_four": 0.4641255331621935,
          "ndcg10_pred_vs_playoff_final_results": 0.4845495340061441,
          "brier_championship_odds": 0.03222232684493065,
          "rank_mae_pred_vs_playoff_final_results": 6.733333110809326,
          "rank_rmse_pred_vs_playoff_final_results": 8.629406929016113,
          "rank_mae_eos_standings_vs_playoff_final_results": 3.1333333333333333,
          "rank_rmse_eos_standings_vs_playoff_final_results": 4.449719092257398
        }
      },
      "test_metrics_model_a": {
        "ndcg": 0.4845644242282749,
        "spearman": 0.5030033370411569,
        "mrr_top2": 0.5,
        "mrr_top4": 0.5,
        "ndcg10": 0.4845644242282749,
        "ndcg_at_4": 0.46414085016152934,
        "ndcg_at_12": 0.5283239965607723,
        "ndcg_at_16": 0.5295466585014248,