{
  "param_importances": {
    "n_estimators_rf": 0.26324359032021855,
    "n_estimators_xgb": 0.20982160364506755,
    "learning_rate": 0.20527873787271025,
    "model_a_epochs": 0.18883535416053096,
    "max_depth": 0.1250920161143036,
    "min_samples_leaf": 0.007728697887169108,
    "subsample": 0.0,
    "rolling_windows": 0.0,
    "colsample_bytree": 0.0
  },
  "note": "Higher = more important. Fix low-importance params to best/default and re-run smaller grid or Optuna on the rest."
}