{
  "test_metrics_ensemble": {
    "ndcg": 0.5485049307282976,
    "spearman": 0.3957730812013348,
    "mrr_top2": 1.0,
    "mrr_top4": 1.0,
    "ndcg10": 0.5485049307282976,
    "ndcg_at_4": 0.35315119534797357,
    "ndcg_at_12": 0.5922525465293206,
    "ndcg_at_16": 0.5935412079016673,
    "ndcg_at_20": 0.5941563124900131,
    "roc_auc_upset": 0.6968325791855203,
    "rank_mae_pred_vs_playoff_final_results": 7.333333492279053,
    "rank_rmse_pred_vs_playoff_final_results": 9.514900207519531,
    "rank_mae_eos_standings_vs_playoff_final_results": 3.7333333333333334,
    "rank_rmse_eos_standings_vs_playoff_final_results": 6.093712606722878,
    "playoff_metrics": {
      "spearman_pred_vs_playoff_final_results": 0.43003337041156836,
      "ndcg_at_4_final_four": 0.35315119534797357,
      "ndcg10_pred_vs_playoff_final_results": 0.5485112740132747,
      "brier_championship_odds": 0.03222232684493065,
      "rank_mae_pred_vs_playoff_final_results": 7.333333492279053,
      "rank_rmse_pred_vs_playoff_final_results": 9.514900207519531,
      "rank_mae_eos_standings_vs_playoff_final_results": 3.7333333333333334,
      "rank_rmse_eos_standings_vs_playoff_final_results": 6.093712606722878
    }
  },
  "test_metrics_model_a": {
    "ndcg": 0.5485049307282976,
    "spearman": 0.3904338153503893,
    "mrr_top2": 1.0,
    "mrr_top4": 1.0,
    "ndcg10": 0.5485049307282976,
    "ndcg_at_4": 0.35315119534797357,
    "ndcg_at_12": 0.5922525465293206,
    "ndcg_at_16": 0.5935412079016673,
    "ndcg_at_20": 0.5941561655245556,
    "roc_auc_upset": 0.7013574660633484
  },
  "test_metrics_model_b": {
    "ndcg": 0.818500321620072,
    "spearman": 0.4696329254727475,
    "mrr_top2": 1.0,
    "mrr_top4": 1.0,
    "ndcg10": 0.818500321620072,
    "ndcg_at_4": 0.729074614628521,
    "ndcg_at_12": 0.8183101257615133,
    "ndcg_at_16": 0.8183257646799806,
    "ndcg_at_20": 0.8620470722444743,
    "roc_auc_upset": 0.7733333333333334
  },
  "test_metrics_model_c": {
    "ndcg": 0.33348743391404295,
    "spearman": 0.23337041156840932,
    "mrr_top2": 0.16666666666666666,
    "mrr_top4": 0.16666666666666666,
    "ndcg10": 0.33348743391404295,
    "ndcg_at_4": 0.001111095381373398,
    "ndcg_at_12": 0.3389077264996702,
    "ndcg_at_16": 0.3596643455146382,
    "ndcg_at_20": 0.37000033942981986,
    "roc_auc_upset": 0.7633928571428571
  },
  "test_metrics_by_conference": {
    "E": {
      "ndcg": 0.38689768138590575,
      "spearman": 0.2678571428571428
    },
    "W": {
      "ndcg": 0.9084458408743173,
      "spearman": 0.5071428571428571
    }
  },
  "notes": {
    "eos_rank_source": "eos_final_rank"
  }
}