{
  "notes": {
    "eval_on": "test",
    "eos_rank_source": "eos_final_rank",
    "upset_definition": "sleeper = EOS_global_rank > predicted_strength",
    "mrr_top2": "1/rank of first team in top 2 (champion+runner-up) in predicted order.",
    "mrr_top4": "1/rank of first team in top 4 (conference finals) in predicted order.",
    "per_conference_relevance": "Within E/W: actual rank derived from EOS_global_rank (1=best in conf); NDCG/Spearman use this relevance.",
    "playoff_metrics": "Spearman (pred global vs playoff_final_results), NDCG@4 (final four), Brier (champion vs odds). rank_mae/rank_rmse: pred vs playoff_final_results; eos_standings vs playoff_final_results (baseline)."
  },
  "split_info": {
    "train_frac": 0.75,
    "n_train_dates": 141,
    "n_test_dates": 36,
    "split_mode": "seasons"
  },
  "test_metrics_ensemble": {
    "ndcg": 0.4864770847907389,
    "spearman": 0.47230255839822033,
    "mrr_top2": 0.5,
    "mrr_top4": 0.5,
    "ndcg10": 0.4864770847907389,
    "ndcg_at_4": 0.4643944167678145,
    "ndcg_at_12": 0.5302361547300856,
    "ndcg_at_16": 0.5302167647476013,
    "ndcg_at_20": 0.5337796516044031,
    "roc_auc_upset": 0.7737556561085973,
    "rank_mae_pred_vs_playoff_final_results": 7.133333206176758,
    "rank_rmse_pred_vs_playoff_final_results": 8.89194393157959,
    "rank_mae_eos_standings_vs_playoff_final_results": 3.1333333333333333,
    "rank_rmse_eos_standings_vs_playoff_final_results": 4.449719092257398,
    "playoff_metrics": {
      "spearman_pred_vs_playoff_final_results": 0.4838709677419355,
      "ndcg_at_4_final_four": 0.4643812234227066,
      "ndcg10_pred_vs_playoff_final_results": 0.48646425651060693,
      "brier_championship_odds": 0.03222232684493065,
      "rank_mae_pred_vs_playoff_final_results": 7.133333206176758,
      "rank_rmse_pred_vs_playoff_final_results": 8.89194393157959,
      "rank_mae_eos_standings_vs_playoff_final_results": 3.1333333333333333,
      "rank_rmse_eos_standings_vs_playoff_final_results": 4.449719092257398
    }
  },
  "test_metrics_model_a": {
    "ndcg": 0.4861109582343409,
    "spearman": 0.4682981090100112,
    "mrr_top2": 0.5,
    "mrr_top4": 0.5,
    "ndcg10": 0.4861109582343409,
    "ndcg_at_4": 0.4643944167678145,
    "ndcg_at_12": 0.530223337826886,
    "ndcg_at_16": 0.5302039488275345,
    "ndcg_at_20": 0.5337668357407036,
    "roc_auc_upset": 0.7782805429864253
  },
  "test_metrics_model_b": {
    "ndcg": 0.21441954104337801,
    "spearman": 0.5781979977753059,
    "mrr_top2": 0.2,
    "mrr_top4": 0.2,
    "ndcg10": 0.21441954104337801,
    "ndcg_at_4": 0.04166423104576856,
    "ndcg_at_12": 0.21446241030621685,
    "ndcg_at_16": 0.23581063344494624,
    "ndcg_at_20": 0.3887170460037041,
    "roc_auc_upset": 0.8054298642533936
  },
  "test_metrics_model_c": {
    "ndcg": 0.05139534647930671,
    "spearman": 0.3050055617352614,
    "mrr_top2": 0.06666666666666667,
    "mrr_top4": 0.2,
    "ndcg10": 0.05139534647930671,
    "ndcg_at_4": 0.0072603807417201014,
    "ndcg_at_12": 0.05704448895120833,
    "ndcg_at_16": 0.1779607433491712,
    "ndcg_at_20": 0.18035846395567354,
    "roc_auc_upset": 0.8258928571428571
  },
  "test_metrics_by_conference": {
    "E": {
      "ndcg": 0.2595236328252539,
      "spearman": 0.2321428571428571
    },
    "W": {
      "ndcg": 0.7729372505482254,
      "spearman": 0.6678571428571428
    }
  },
  "by_season": {
    "2023-24": {
      "test_metrics_ensemble": {
        "ndcg": 0.5485049307282976,
        "spearman": 0.3957730812013348,
        "mrr_top2": 1.0,
        "mrr_top4": 1.0,
        "ndcg10": 0.5485049307282976,
        "ndcg_at_4": 0.35315119534797357,
        "ndcg_at_12": 0.5922525465293206,
        "ndcg_at_16": 0.5935412079016673,
        "ndcg_at_20": 0.5941563124900131,
        "roc_auc_upset": 0.6968325791855203,
        "rank_mae_pred_vs_playoff_final_results": 7.333333492279053,
        "rank_rmse_pred_vs_playoff_final_results": 9.514900207519531,
        "rank_mae_eos_standings_vs_playoff_final_results": 3.7333333333333334,
        "rank_rmse_eos_standings_vs_playoff_final_results": 6.093712606722878,
        "playoff_metrics": {
          "spearman_pred_vs_playoff_final_results": 0.43003337041156836,
          "ndcg_at_4_final_four": 0.35315119534797357,
          "ndcg10_pred_vs_playoff_final_results": 0.5485112740132747,
          "brier_championship_odds": 0.03222232684493065,
          "rank_mae_pred_vs_playoff_final_results": 7.333333492279053,
          "rank_rmse_pred_vs_playoff_final_results": 9.514900207519531,
          "rank_mae_eos_standings_vs_playoff_final_results": 3.7333333333333334,
          "rank_rmse_eos_standings_vs_playoff_final_results": 6.093712606722878
        }
      },
      "test_metrics_model_a": {
        "ndcg": 0.5485049307282976,
        "spearman": 0.3904338153503893,
        "mrr_top2": 1.0,
        "mrr_top4": 1.0,
        "ndcg10": 0.5485049307282976,
        "ndcg_at_4": 0.35315119534797357,
        "ndcg_at_12": 0.5922525465293206,
        "ndcg_at_16": 0.5935412079016673,
        "ndcg_at_20": 0.5941561655245556,
        "roc_auc_upset": 0.7013574660633484
      },
      "test_metrics_model_b": {
        "ndcg": 0.818500321620072,
        "spearman": 0.4696329254727475,
        "mrr_top2": 1.0,
        "mrr_top4": 1.0,
        "ndcg10": 0.818500321620072,
        "ndcg_at_4": 0.729074614628521,
        "ndcg_at_12": 0.8183101257615133,
        "ndcg_at_16": 0.8183257646799806,
        "ndcg_at_20": 0.8620470722444743,
        "roc_auc_upset": 0.7733333333333334
      },
      "test_metrics_model_c": {
        "ndcg": 0.33348743391404295,
        "spearman": 0.23337041156840932,
        "mrr_top2": 0.16666666666666666,
        "mrr_top4": 0.16666666666666666,
        "ndcg10": 0.33348743391404295,
        "ndcg_at_4": 0.001111095381373398,
        "ndcg_at_12": 0.3389077264996702,
        "ndcg_at_16": 0.3596643455146382,
        "ndcg_at_20": 0.37000033942981986,
        "roc_auc_upset": 0.7633928571428571
      },
      "test_metrics_by_conference": {
        "E": {
          "ndcg": 0.38689768138590575,
          "spearman": 0.2678571428571428
        },
        "W": {
          "ndcg": 0.9084458408743173,
          "spearman": 0.5071428571428571
        }
      },
      "notes": {
        "eos_rank_source": "eos_final_rank"
      }
    },
    "2024-25": {
      "test_metrics_ensemble": {
        "ndcg": 0.4864770847907389,
        "spearman": 0.47230255839822033,
        "mrr_top2": 0.5,
        "mrr_top4": 0.5,
        "ndcg10": 0.4864770847907389,
        "ndcg_at_4": 0.4643944167678145,
        "ndcg_at_12": 0.5302361547300856,
        "ndcg_at_16": 0.5302167647476013,
        "ndcg_at_20": 0.5337796516044031,
        "roc_auc_upset": 0.7737556561085973,
        "rank_mae_pred_vs_playoff_final_results": 7.133333206176758,
        "rank_rmse_pred_vs_playoff_final_results": 8.89194393157959,
        "rank_mae_eos_standings_vs_playoff_final_results": 3.1333333333333333,
        "rank_rmse_eos_standings_vs_playoff_final_results": 4.449719092257398,
        "playoff_metrics": {
          "spearman_pred_vs_playoff_final_results": 0.4838709677419355,
          "ndcg_at_4_final_four": 0.4643812234227066,
          "ndcg10_pred_vs_playoff_final_results": 0.48646425651060693,
          "brier_championship_odds": 0.03222232684493065,
          "rank_mae_pred_vs_playoff_final_results": 7.133333206176758,
          "rank_rmse_pred_vs_playoff_final_results": 8.89194393157959,
          "rank_mae_eos_standings_vs_playoff_final_results": 3.1333333333333333,
          "rank_rmse_eos_standings_vs_playoff_final_results": 4.449719092257398
        }
      },
      "test_metrics_model_a": {
        "ndcg": 0.4861109582343409,
        "spearman": 0.4682981090100112,
        "mrr_top2": 0.5,
        "mrr_top4": 0.5,
        "ndcg10": 0.4861109582343409,
        "ndcg_at_4": 0.4643944167678145,
        "ndcg_at_12": 0.530223337826886,
        "ndcg_at_16": 0.5302039488275345,