{
  "test_metrics_ensemble": {
    "ndcg": 0.5841756198195105,
    "spearman": 0.4042269187986652,
    "mrr_top2": 1.0,
    "mrr_top4": 1.0,
    "ndcg10": 0.5841756198195105,
    "ndcg_at_4": 0.35315119534797357,
    "ndcg_at_12": 0.6279138661013227,
    "ndcg_at_16": 0.6291356453645707,
    "ndcg_at_20": 0.6297506979495467,
    "roc_auc_upset": 0.7946428571428571,
    "rank_mae_pred_vs_playoff_final_results": 7.266666889190674,
    "rank_rmse_pred_vs_playoff_final_results": 9.448103904724121,
    "rank_mae_eos_standings_vs_playoff_final_results": 3.7333333333333334,
    "rank_rmse_eos_standings_vs_playoff_final_results": 6.093712606722878,
    "playoff_metrics": {
      "spearman_pred_vs_playoff_final_results": 0.4883203559510568,
      "ndcg_at_4_final_four": 0.35315119534797357,
      "ndcg10_pred_vs_playoff_final_results": 0.5841808691187972,
      "brier_championship_odds": 0.03222232684493065,
      "rank_mae_pred_vs_playoff_final_results": 7.266666889190674,
      "rank_rmse_pred_vs_playoff_final_results": 9.448103904724121,
      "rank_mae_eos_standings_vs_playoff_final_results": 3.7333333333333334,
      "rank_rmse_eos_standings_vs_playoff_final_results": 6.093712606722878
    }
  },
  "test_metrics_model_a": {
    "ndcg": 0.5695452629711343,
    "spearman": 0.39621802002224693,
    "mrr_top2": 1.0,
    "mrr_top4": 1.0,
    "ndcg10": 0.5695452629711343,
    "ndcg_at_4": 0.35315119534797357,
    "ndcg_at_12": 0.6132873521674806,
    "ndcg_at_16": 0.6145102533715624,
    "ndcg_at_20": 0.6151252105251352,
    "roc_auc_upset": 0.84
  },
  "test_metrics_model_b": {
    "ndcg": 0.8080055642765666,
    "spearman": 0.31345939933259176,
    "mrr_top2": 1.0,
    "mrr_top4": 1.0,
    "ndcg10": 0.8080055642765666,
    "ndcg_at_4": 0.729074614628521,
    "ndcg_at_12": 0.8078181250462941,
    "ndcg_at_16": 0.8077569447947492,
    "ndcg_at_20": 0.8078344073724005,
    "roc_auc_upset": 0.8571428571428572
  },
  "test_metrics_model_c": {
    "ndcg": 0.33348743391404295,
    "spearman": 0.2525027808676307,
    "mrr_top2": 0.16666666666666666,
    "mrr_top4": 0.16666666666666666,
    "ndcg10": 0.33348743391404295,
    "ndcg_at_4": 0.001111095381373398,
    "ndcg_at_12": 0.3389077264996702,
    "ndcg_at_16": 0.360207631502753,
    "ndcg_at_20": 0.3705436230284426,
    "roc_auc_upset": 0.8044444444444445
  },
  "test_metrics_by_conference": {
    "E": {
      "ndcg": 0.4050499105369627,
      "spearman": 0.2285714285714285
    },
    "W": {
      "ndcg": 0.9140059176456735,
      "spearman": 0.4928571428571427
    }
  },
  "notes": {
    "eos_rank_source": "eos_final_rank"
  }
}