{
  "notes": {
    "eval_on": "test",
    "eos_rank_source": "eos_final_rank",
    "upset_definition": "sleeper = EOS_global_rank > predicted_strength",
    "mrr_top2": "1/rank of first team in top 2 (champion+runner-up) in predicted order.",
    "mrr_top4": "1/rank of first team in top 4 (conference finals) in predicted order.",
    "per_conference_relevance": "Within E/W: actual rank derived from EOS_global_rank (1=best in conf); NDCG/Spearman use this relevance.",
    "playoff_metrics": "Spearman (pred global vs playoff_final_results), NDCG@4 (final four), Brier (champion vs odds). rank_mae/rank_rmse: pred vs playoff_final_results; eos_standings vs playoff_final_results (baseline)."
  },
  "split_info": {
    "train_frac": 0.75,
    "n_train_dates": 141,
    "n_test_dates": 36,
    "split_mode": "seasons"
  },
  "test_metrics_ensemble": {
    "ndcg": 0.5430749623937917,
    "spearman": 0.5350389321468298,
    "mrr_top2": 0.5,
    "mrr_top4": 0.5,
    "ndcg10": 0.5430749623937917,
    "ndcg_at_4": 0.5105330955765665,
    "ndcg_at_12": 0.5432868884477555,
    "ndcg_at_16": 0.54326746021752,
    "ndcg_at_20": 0.5468757015561382,
    "roc_auc_upset": 0.7644444444444445,
    "rank_mae_pred_vs_playoff_final_results": 6.333333492279053,
    "rank_rmse_pred_vs_playoff_final_results": 8.34665584564209,
    "rank_mae_eos_standings_vs_playoff_final_results": 3.1333333333333333,
    "rank_rmse_eos_standings_vs_playoff_final_results": 4.449719092257398,
    "playoff_metrics": {
      "spearman_pred_vs_playoff_final_results": 0.546607341490545,
      "ndcg_at_4_final_four": 0.5105330955765665,
      "ndcg10_pred_vs_playoff_final_results": 0.5430650303088054,
      "brier_championship_odds": 0.03222232684493065,
      "rank_mae_pred_vs_playoff_final_results": 6.333333492279053,
      "rank_rmse_pred_vs_playoff_final_results": 8.34665584564209,
      "rank_mae_eos_standings_vs_playoff_final_results": 3.1333333333333333,
      "rank_rmse_eos_standings_vs_playoff_final_results": 4.449719092257398
    }
  },
  "test_metrics_model_a": {
    "ndcg": 0.5395433883743356,
    "spearman": 0.531924360400445,
    "mrr_top2": 0.5,
    "mrr_top4": 0.5,
    "ndcg10": 0.5395433883743356,
    "ndcg_at_4": 0.4747879258974167,
    "ndcg_at_12": 0.539756242056878,
    "ndcg_at_16": 0.5397370846482733,
    "ndcg_at_20": 0.5433453415142643,
    "roc_auc_upset": 0.768888888888889
  },
  "test_metrics_model_b": {
    "ndcg": 0.19710003553644426,
    "spearman": 0.6484983314794216,
    "mrr_top2": 0.14285714285714285,
    "mrr_top4": 0.14285714285714285,
    "ndcg10": 0.19710003553644426,
    "ndcg_at_4": 0.04166423104576856,
    "ndcg_at_12": 0.19717959724894776,
    "ndcg_at_16": 0.38855838459479797,
    "ndcg_at_20": 0.38855763368365537,
    "roc_auc_upset": 0.7272727272727273
  },
  "test_metrics_model_c": {
    "ndcg": 0.05139534647930671,
    "spearman": 0.3050055617352614,
    "mrr_top2": 0.06666666666666667,
    "mrr_top4": 0.2,
    "ndcg10": 0.05139534647930671,
    "ndcg_at_4": 0.0072603807417201014,
    "ndcg_at_12": 0.05704448895120833,
    "ndcg_at_16": 0.1779607433491712,
    "ndcg_at_20": 0.18035846395567354,
    "roc_auc_upset": 0.8258928571428571
  },
  "test_metrics_by_conference": {
    "E": {
      "ndcg": 0.3430269981688839,
      "spearman": 0.3321428571428571
    },
    "W": {
      "ndcg": 0.7743588954336382,
      "spearman": 0.7642857142857141
    }
  },
  "by_season": {
    "2023-24": {
      "test_metrics_ensemble": {
        "ndcg": 0.6188125869800617,
        "spearman": 0.43359288097886545,
        "mrr_top2": 1.0,
        "mrr_top4": 1.0,
        "ndcg10": 0.6188125869800617,
        "ndcg_at_4": 0.35315119534797357,
        "ndcg_at_12": 0.6186956222797313,
        "ndcg_at_16": 0.6205729931358734,
        "ndcg_at_20": 0.6205703931682275,
        "roc_auc_upset": 0.6923076923076923,
        "rank_mae_pred_vs_playoff_final_results": 7.266666889190674,
        "rank_rmse_pred_vs_playoff_final_results": 9.212310791015625,
        "rank_mae_eos_standings_vs_playoff_final_results": 3.7333333333333334,
        "rank_rmse_eos_standings_vs_playoff_final_results": 6.093712606722878,
        "playoff_metrics": {
          "spearman_pred_vs_playoff_final_results": 0.46073414905450494,
          "ndcg_at_4_final_four": 0.35315119534797357,
          "ndcg10_pred_vs_playoff_final_results": 0.6188175990486431,
          "brier_championship_odds": 0.03222232684493065,
          "rank_mae_pred_vs_playoff_final_results": 7.266666889190674,
          "rank_rmse_pred_vs_playoff_final_results": 9.212310791015625,
          "rank_mae_eos_standings_vs_playoff_final_results": 3.7333333333333334,
          "rank_rmse_eos_standings_vs_playoff_final_results": 6.093712606722878
        }
      },
      "test_metrics_model_a": {
        "ndcg": 0.6188584416612046,
        "spearman": 0.4407119021134594,
        "mrr_top2": 1.0,
        "mrr_top4": 1.0,
        "ndcg10": 0.6188584416612046,
        "ndcg_at_4": 0.35315119534797357,
        "ndcg_at_12": 0.6186972275033874,
        "ndcg_at_16": 0.6205745982363993,
        "ndcg_at_20": 0.6205719982616937,
        "roc_auc_upset": 0.6923076923076923
      },
      "test_metrics_model_b": {
        "ndcg": 0.7968517272087492,
        "spearman": 0.4064516129032258,
        "mrr_top2": 1.0,
        "mrr_top4": 1.0,
        "ndcg10": 0.7968517272087492,
        "ndcg_at_4": 0.705915834267812,
        "ndcg_at_12": 0.7966666137525719,
        "ndcg_at_16": 0.7966873443346965,
        "ndcg_at_20": 0.8397797261848244,
        "roc_auc_upset": 0.7314814814814815
      },
      "test_metrics_model_c": {
        "ndcg": 0.333487026575135,
        "spearman": 0.23159065628476083,
        "mrr_top2": 0.16666666666666666,
        "mrr_top4": 0.16666666666666666,
        "ndcg10": 0.333487026575135,
        "ndcg_at_4": 0.0011069724610271625,
        "ndcg_at_12": 0.33890731926775686,
        "ndcg_at_16": 0.35966393831396193,
        "ndcg_at_20": 0.3699999322309346,
        "roc_auc_upset": 0.7633928571428571
      },
      "test_metrics_by_conference": {
        "E": {
          "ndcg": 0.3851402749883562,
          "spearman": 0.2642857142857143
        },
        "W": {
          "ndcg": 0.9449618507960814,
          "spearman": 0.5535714285714285
        }
      },
      "notes": {
        "eos_rank_source": "eos_final_rank"
      }
    },
    "2024-25": {
      "test_metrics_ensemble": {
        "ndcg": 0.5430749623937917,
        "spearman": 0.5350389321468298,
        "mrr_top2": 0.5,
        "mrr_top4": 0.5,
        "ndcg10": 0.5430749623937917,
        "ndcg_at_4": 0.5105330955765665,
        "ndcg_at_12": 0.5432868884477555,
        "ndcg_at_16": 0.54326746021752,
        "ndcg_at_20": 0.5468757015561382,
        "roc_auc_upset": 0.7644444444444445,
        "rank_mae_pred_vs_playoff_final_results": 6.333333492279053,
        "rank_rmse_pred_vs_playoff_final_results": 8.34665584564209,
        "rank_mae_eos_standings_vs_playoff_final_results": 3.1333333333333333,
        "rank_rmse_eos_standings_vs_playoff_final_results": 4.449719092257398,
        "playoff_metrics": {
          "spearman_pred_vs_playoff_final_results": 0.546607341490545,
          "ndcg_at_4_final_four": 0.5105330955765665,
          "ndcg10_pred_vs_playoff_final_results": 0.5430650303088054,
          "brier_championship_odds": 0.03222232684493065,
          "rank_mae_pred_vs_playoff_final_results": 6.333333492279053,
          "rank_rmse_pred_vs_playoff_final_results": 8.34665584564209,
          "rank_mae_eos_standings_vs_playoff_final_results": 3.1333333333333333,
          "rank_rmse_eos_standings_vs_playoff_final_results": 4.449719092257398
        }
      },
      "test_metrics_model_a": {
        "ndcg": 0.5395433883743356,
        "spearman": 0.531924360400445,
        "mrr_top2": 0.5,
        "mrr_top4": 0.5,
        "ndcg10": 0.5395433883743356,
        "ndcg_at_4": 0.4747879258974167,
        "ndcg_at_12": 0.539756242056878,