{
  "test_metrics_ensemble": {
    "ndcg": 0.5430749623937917,
    "spearman": 0.5350389321468298,
    "mrr_top2": 0.5,
    "mrr_top4": 0.5,
    "ndcg10": 0.5430749623937917,
    "ndcg_at_4": 0.5105330955765665,
    "ndcg_at_12": 0.5432868884477555,
    "ndcg_at_16": 0.54326746021752,
    "ndcg_at_20": 0.5468757015561382,
    "roc_auc_upset": 0.7644444444444445,
    "rank_mae_pred_vs_playoff_final_results": 6.333333492279053,
    "rank_rmse_pred_vs_playoff_final_results": 8.34665584564209,
    "rank_mae_eos_standings_vs_playoff_final_results": 3.1333333333333333,
    "rank_rmse_eos_standings_vs_playoff_final_results": 4.449719092257398,
    "playoff_metrics": {
      "spearman_pred_vs_playoff_final_results": 0.546607341490545,
      "ndcg_at_4_final_four": 0.5105330955765665,
      "ndcg10_pred_vs_playoff_final_results": 0.5430650303088054,
      "brier_championship_odds": 0.03222232684493065,
      "rank_mae_pred_vs_playoff_final_results": 6.333333492279053,
      "rank_rmse_pred_vs_playoff_final_results": 8.34665584564209,
      "rank_mae_eos_standings_vs_playoff_final_results": 3.1333333333333333,
      "rank_rmse_eos_standings_vs_playoff_final_results": 4.449719092257398
    }
  },
  "test_metrics_model_a": {
    "ndcg": 0.5395433883743356,
    "spearman": 0.531924360400445,
    "mrr_top2": 0.5,
    "mrr_top4": 0.5,
    "ndcg10": 0.5395433883743356,
    "ndcg_at_4": 0.4747879258974167,
    "ndcg_at_12": 0.539756242056878,
    "ndcg_at_16": 0.5397370846482733,
    "ndcg_at_20": 0.5433453415142643,
    "roc_auc_upset": 0.768888888888889
  },
  "test_metrics_model_b": {
    "ndcg": 0.19710003553644426,
    "spearman": 0.6484983314794216,
    "mrr_top2": 0.14285714285714285,
    "mrr_top4": 0.14285714285714285,
    "ndcg10": 0.19710003553644426,
    "ndcg_at_4": 0.04166423104576856,
    "ndcg_at_12": 0.19717959724894776,
    "ndcg_at_16": 0.38855838459479797,
    "ndcg_at_20": 0.38855763368365537,
    "roc_auc_upset": 0.7272727272727273
  },
  "test_metrics_model_c": {
    "ndcg": 0.05139534647930671,
    "spearman": 0.3050055617352614,
    "mrr_top2": 0.06666666666666667,
    "mrr_top4": 0.2,
    "ndcg10": 0.05139534647930671,
    "ndcg_at_4": 0.0072603807417201014,
    "ndcg_at_12": 0.05704448895120833,
    "ndcg_at_16": 0.1779607433491712,
    "ndcg_at_20": 0.18035846395567354,
    "roc_auc_upset": 0.8258928571428571
  },
  "test_metrics_by_conference": {
    "E": {
      "ndcg": 0.3430269981688839,
      "spearman": 0.3321428571428571
    },
    "W": {
      "ndcg": 0.7743588954336382,
      "spearman": 0.7642857142857141
    }
  },
  "notes": {
    "eos_rank_source": "eos_final_rank"
  }
}