{
  "test_metrics_ensemble": {
    "ndcg": 0.6188125869800617,
    "spearman": 0.43359288097886545,
    "mrr_top2": 1.0,
    "mrr_top4": 1.0,
    "ndcg10": 0.6188125869800617,
    "ndcg_at_4": 0.35315119534797357,
    "ndcg_at_12": 0.6186956222797313,
    "ndcg_at_16": 0.6205729931358734,
    "ndcg_at_20": 0.6205703931682275,
    "roc_auc_upset": 0.6923076923076923,
    "rank_mae_pred_vs_playoff_final_results": 7.266666889190674,
    "rank_rmse_pred_vs_playoff_final_results": 9.212310791015625,
    "rank_mae_eos_standings_vs_playoff_final_results": 3.7333333333333334,
    "rank_rmse_eos_standings_vs_playoff_final_results": 6.093712606722878,
    "playoff_metrics": {
      "spearman_pred_vs_playoff_final_results": 0.46073414905450494,
      "ndcg_at_4_final_four": 0.35315119534797357,
      "ndcg10_pred_vs_playoff_final_results": 0.6188175990486431,
      "brier_championship_odds": 0.03222232684493065,
      "rank_mae_pred_vs_playoff_final_results": 7.266666889190674,
      "rank_rmse_pred_vs_playoff_final_results": 9.212310791015625,
      "rank_mae_eos_standings_vs_playoff_final_results": 3.7333333333333334,
      "rank_rmse_eos_standings_vs_playoff_final_results": 6.093712606722878
    }
  },
  "test_metrics_model_a": {
    "ndcg": 0.6188584416612046,
    "spearman": 0.4407119021134594,
    "mrr_top2": 1.0,
    "mrr_top4": 1.0,
    "ndcg10": 0.6188584416612046,
    "ndcg_at_4": 0.35315119534797357,
    "ndcg_at_12": 0.6186972275033874,
    "ndcg_at_16": 0.6205745982363993,
    "ndcg_at_20": 0.6205719982616937,
    "roc_auc_upset": 0.6923076923076923
  },
  "test_metrics_model_b": {
    "ndcg": 0.7968517272087492,
    "spearman": 0.4064516129032258,
    "mrr_top2": 1.0,
    "mrr_top4": 1.0,
    "ndcg10": 0.7968517272087492,
    "ndcg_at_4": 0.705915834267812,
    "ndcg_at_12": 0.7966666137525719,
    "ndcg_at_16": 0.7966873443346965,
    "ndcg_at_20": 0.8397797261848244,
    "roc_auc_upset": 0.7314814814814815
  },
  "test_metrics_model_c": {
    "ndcg": 0.333487026575135,
    "spearman": 0.23159065628476083,
    "mrr_top2": 0.16666666666666666,
    "mrr_top4": 0.16666666666666666,
    "ndcg10": 0.333487026575135,
    "ndcg_at_4": 0.0011069724610271625,
    "ndcg_at_12": 0.33890731926775686,
    "ndcg_at_16": 0.35966393831396193,
    "ndcg_at_20": 0.3699999322309346,
    "roc_auc_upset": 0.7633928571428571
  },
  "test_metrics_by_conference": {
    "E": {
      "ndcg": 0.3851402749883562,
      "spearman": 0.2642857142857143
    },
    "W": {
      "ndcg": 0.9449618507960814,
      "spearman": 0.5535714285714285
    }
  },
  "notes": {
    "eos_rank_source": "eos_final_rank"
  }
}