{
  "test_metrics_ensemble": {
    "ndcg": 0.5899599154583881,
    "spearman": 0.4162402669632926,
    "mrr_top2": 1.0,
    "mrr_top4": 1.0,
    "ndcg10": 0.5899599154583881,
    "ndcg_at_4": 0.33513898093933947,
    "ndcg_at_12": 0.5898049579271754,
    "ndcg_at_16": 0.5916855908754226,
    "ndcg_at_20": 0.5916831168381559,
    "roc_auc_upset": 0.7013574660633484,
    "rank_mae_pred_vs_playoff_final_results": 7.5333333015441895,
    "rank_rmse_pred_vs_playoff_final_results": 9.352361679077148,
    "rank_mae_eos_standings_vs_playoff_final_results": 3.7333333333333334,
    "rank_rmse_eos_standings_vs_playoff_final_results": 6.093712606722878,
    "playoff_metrics": {
      "spearman_pred_vs_playoff_final_results": 0.44694104560622916,
      "ndcg_at_4_final_four": 0.33513815635527017,
      "ndcg10_pred_vs_playoff_final_results": 0.5899591148362804,
      "brier_championship_odds": 0.03222232684493065,
      "rank_mae_pred_vs_playoff_final_results": 7.5333333015441895,
      "rank_rmse_pred_vs_playoff_final_results": 9.352361679077148,
      "rank_mae_eos_standings_vs_playoff_final_results": 3.7333333333333334,
      "rank_rmse_eos_standings_vs_playoff_final_results": 6.093712606722878
    }
  },
  "test_metrics_model_a": {
    "ndcg": 0.5899599154583881,
    "spearman": 0.4117908787541713,
    "mrr_top2": 1.0,
    "mrr_top4": 1.0,
    "ndcg10": 0.5899599154583881,
    "ndcg_at_4": 0.33513898093933947,
    "ndcg_at_12": 0.5898049579271754,
    "ndcg_at_16": 0.5916855908754226,
    "ndcg_at_20": 0.5916831168381559,
    "roc_auc_upset": 0.7058823529411764
  },
  "test_metrics_model_b": {
    "ndcg": 0.8156850834777177,
    "spearman": 0.421579532814238,
    "mrr_top2": 1.0,
    "mrr_top4": 1.0,
    "ndcg10": 0.8156850834777177,
    "ndcg_at_4": 0.7261751187226982,
    "ndcg_at_12": 0.8154956270898149,
    "ndcg_at_16": 0.815515064627625,
    "ndcg_at_20": 0.8590749694631198,
    "roc_auc_upset": 0.75
  },
  "test_metrics_model_c": {
    "ndcg": 0.3335103168238178,
    "spearman": 0.23737486095661847,
    "mrr_top2": 0.16666666666666666,
    "mrr_top4": 0.16666666666666666,
    "ndcg10": 0.3335103168238178,
    "ndcg_at_4": 0.001111095381373398,
    "ndcg_at_12": 0.33890852755612016,
    "ndcg_at_16": 0.3596651465096424,
    "ndcg_at_20": 0.37000114042130106,
    "roc_auc_upset": 0.7633928571428571
  },
  "test_metrics_by_conference": {
    "E": {
      "ndcg": 0.3837060521451075,
      "spearman": 0.24642857142857136
    },
    "W": {
      "ndcg": 0.9410333004535666,
      "spearman": 0.6142857142857142
    }
  },
  "notes": {
    "eos_rank_source": "eos_final_rank"
  }
}