{
  "notes": {
    "eval_on": "test",
    "eos_rank_source": "eos_final_rank",
    "upset_definition": "sleeper = EOS_global_rank > predicted_strength",
    "mrr_top2": "1/rank of first team in top 2 (champion+runner-up) in predicted order.",
    "mrr_top4": "1/rank of first team in top 4 (conference finals) in predicted order.",
    "per_conference_relevance": "Within E/W: actual rank derived from EOS_global_rank (1=best in conf); NDCG/Spearman use this relevance.",
    "playoff_metrics": "Spearman (pred global vs playoff_final_results), NDCG@4 (final four), Brier (champion vs odds). rank_mae/rank_rmse: pred vs playoff_final_results; eos_standings vs playoff_final_results (baseline)."
  },
  "split_info": {
    "train_frac": 0.75,
    "n_train_dates": 141,
    "n_test_dates": 36,
    "split_mode": "seasons"
  },
  "test_metrics_ensemble": {
    "ndcg": 0.4889143657445588,
    "spearman": 0.4309232480533926,
    "mrr_top2": 0.5,
    "mrr_top4": 0.5,
    "ndcg10": 0.4889143657445588,
    "ndcg_at_4": 0.4643519436832566,
    "ndcg_at_12": 0.48880806366548274,
    "ndcg_at_16": 0.5303358812674821,
    "ndcg_at_20": 0.5338387851749588,
    "roc_auc_upset": 0.78125,
    "rank_mae_pred_vs_playoff_final_results": 7.199999809265137,
    "rank_rmse_pred_vs_playoff_final_results": 9.23399543762207,
    "rank_mae_eos_standings_vs_playoff_final_results": 3.1333333333333333,
    "rank_rmse_eos_standings_vs_playoff_final_results": 4.449719092257398,
    "playoff_metrics": {
      "spearman_pred_vs_playoff_final_results": 0.42380422691879865,
      "ndcg_at_4_final_four": 0.46433662668392073,
      "ndcg10_pred_vs_playoff_final_results": 0.48889947448438964,
      "brier_championship_odds": 0.03222232684493065,
      "rank_mae_pred_vs_playoff_final_results": 7.199999809265137,
      "rank_rmse_pred_vs_playoff_final_results": 9.23399543762207,
      "rank_mae_eos_standings_vs_playoff_final_results": 3.1333333333333333,
      "rank_rmse_eos_standings_vs_playoff_final_results": 4.449719092257398
    }
  },
  "test_metrics_model_a": {
    "ndcg": 0.4889107389555907,
    "spearman": 0.42602892102335926,
    "mrr_top2": 0.5,
    "mrr_top4": 0.5,
    "ndcg10": 0.4889107389555907,
    "ndcg_at_4": 0.4643519436832566,
    "ndcg_at_12": 0.488804437829153,
    "ndcg_at_16": 0.5303322557092757,
    "ndcg_at_20": 0.5338351596326982,
    "roc_auc_upset": 0.78125
  },
  "test_metrics_model_b": {
    "ndcg": 0.21441954104337801,
    "spearman": 0.589321468298109,
    "mrr_top2": 0.2,
    "mrr_top4": 0.2,
    "ndcg10": 0.21441954104337801,
    "ndcg_at_4": 0.04166423104576856,
    "ndcg_at_12": 0.2363947762185742,
    "ndcg_at_16": 0.23642647398354066,
    "ndcg_at_20": 0.3921932189658216,
    "roc_auc_upset": 0.7963800904977375
  },
  "test_metrics_model_c": {
    "ndcg": 0.05124995751403931,
    "spearman": 0.31123470522803115,
    "mrr_top2": 0.07142857142857142,
    "mrr_top4": 0.2,
    "ndcg10": 0.05124995751403931,
    "ndcg_at_4": 0.00711064040423231,
    "ndcg_at_12": 0.056899138174850025,
    "ndcg_at_16": 0.17975039715984434,
    "ndcg_at_20": 0.18214810989505317,
    "roc_auc_upset": 0.8214285714285714
  },
  "test_metrics_by_conference": {
    "E": {
      "ndcg": 0.23920994442809795,
      "spearman": 0.19999999999999998
    },
    "W": {
      "ndcg": 0.7728975634578972,
      "spearman": 0.6714285714285713
    }
  },
  "by_season": {
    "2023-24": {
      "test_metrics_ensemble": {
        "ndcg": 0.5899599154583881,
        "spearman": 0.4162402669632926,
        "mrr_top2": 1.0,
        "mrr_top4": 1.0,
        "ndcg10": 0.5899599154583881,
        "ndcg_at_4": 0.33513898093933947,
        "ndcg_at_12": 0.5898049579271754,
        "ndcg_at_16": 0.5916855908754226,
        "ndcg_at_20": 0.5916831168381559,
        "roc_auc_upset": 0.7013574660633484,
        "rank_mae_pred_vs_playoff_final_results": 7.5333333015441895,
        "rank_rmse_pred_vs_playoff_final_results": 9.352361679077148,
        "rank_mae_eos_standings_vs_playoff_final_results": 3.7333333333333334,
        "rank_rmse_eos_standings_vs_playoff_final_results": 6.093712606722878,
        "playoff_metrics": {
          "spearman_pred_vs_playoff_final_results": 0.44694104560622916,
          "ndcg_at_4_final_four": 0.33513815635527017,
          "ndcg10_pred_vs_playoff_final_results": 0.5899591148362804,
          "brier_championship_odds": 0.03222232684493065,
          "rank_mae_pred_vs_playoff_final_results": 7.5333333015441895,
          "rank_rmse_pred_vs_playoff_final_results": 9.352361679077148,
          "rank_mae_eos_standings_vs_playoff_final_results": 3.7333333333333334,
          "rank_rmse_eos_standings_vs_playoff_final_results": 6.093712606722878
        }
      },
      "test_metrics_model_a": {
        "ndcg": 0.5899599154583881,
        "spearman": 0.4117908787541713,
        "mrr_top2": 1.0,
        "mrr_top4": 1.0,
        "ndcg10": 0.5899599154583881,
        "ndcg_at_4": 0.33513898093933947,
        "ndcg_at_12": 0.5898049579271754,
        "ndcg_at_16": 0.5916855908754226,
        "ndcg_at_20": 0.5916831168381559,
        "roc_auc_upset": 0.7058823529411764
      },
      "test_metrics_model_b": {
        "ndcg": 0.8156850834777177,
        "spearman": 0.421579532814238,
        "mrr_top2": 1.0,
        "mrr_top4": 1.0,
        "ndcg10": 0.8156850834777177,
        "ndcg_at_4": 0.7261751187226982,
        "ndcg_at_12": 0.8154956270898149,
        "ndcg_at_16": 0.815515064627625,
        "ndcg_at_20": 0.8590749694631198,
        "roc_auc_upset": 0.75
      },
      "test_metrics_model_c": {
        "ndcg": 0.3335103168238178,
        "spearman": 0.23737486095661847,
        "mrr_top2": 0.16666666666666666,
        "mrr_top4": 0.16666666666666666,
        "ndcg10": 0.3335103168238178,
        "ndcg_at_4": 0.001111095381373398,
        "ndcg_at_12": 0.33890852755612016,
        "ndcg_at_16": 0.3596651465096424,
        "ndcg_at_20": 0.37000114042130106,
        "roc_auc_upset": 0.7633928571428571
      },
      "test_metrics_by_conference": {
        "E": {
          "ndcg": 0.3837060521451075,
          "spearman": 0.24642857142857136
        },
        "W": {
          "ndcg": 0.9410333004535666,
          "spearman": 0.6142857142857142
        }
      },
      "notes": {
        "eos_rank_source": "eos_final_rank"
      }
    },
    "2024-25": {
      "test_metrics_ensemble": {
        "ndcg": 0.4889143657445588,
        "spearman": 0.4309232480533926,
        "mrr_top2": 0.5,
        "mrr_top4": 0.5,
        "ndcg10": 0.4889143657445588,
        "ndcg_at_4": 0.4643519436832566,
        "ndcg_at_12": 0.48880806366548274,
        "ndcg_at_16": 0.5303358812674821,
        "ndcg_at_20": 0.5338387851749588,
        "roc_auc_upset": 0.78125,
        "rank_mae_pred_vs_playoff_final_results": 7.199999809265137,
        "rank_rmse_pred_vs_playoff_final_results": 9.23399543762207,
        "rank_mae_eos_standings_vs_playoff_final_results": 3.1333333333333333,
        "rank_rmse_eos_standings_vs_playoff_final_results": 4.449719092257398,
        "playoff_metrics": {
          "spearman_pred_vs_playoff_final_results": 0.42380422691879865,
          "ndcg_at_4_final_four": 0.46433662668392073,
          "ndcg10_pred_vs_playoff_final_results": 0.48889947448438964,
          "brier_championship_odds": 0.03222232684493065,
          "rank_mae_pred_vs_playoff_final_results": 7.199999809265137,
          "rank_rmse_pred_vs_playoff_final_results": 9.23399543762207,
          "rank_mae_eos_standings_vs_playoff_final_results": 3.1333333333333333,
          "rank_rmse_eos_standings_vs_playoff_final_results": 4.449719092257398
        }
      },
      "test_metrics_model_a": {
        "ndcg": 0.4889107389555907,
        "spearman": 0.42602892102335926,
        "mrr_top2": 0.5,
        "mrr_top4": 0.5,
        "ndcg10": 0.4889107389555907,
        "ndcg_at_4": 0.4643519436832566,
        "ndcg_at_12": 0.488804437829153,
        "ndcg_at_16": 0.5303322557092757,
        "ndcg_at_20": 0.5338351596326982,