{
  "test_metrics_ensemble": {
    "ndcg": 0.4889143657445588,
    "spearman": 0.4309232480533926,
    "mrr_top2": 0.5,
    "mrr_top4": 0.5,
    "ndcg10": 0.4889143657445588,
    "ndcg_at_4": 0.4643519436832566,
    "ndcg_at_12": 0.48880806366548274,
    "ndcg_at_16": 0.5303358812674821,
    "ndcg_at_20": 0.5338387851749588,
    "roc_auc_upset": 0.78125,
    "rank_mae_pred_vs_playoff_final_results": 7.199999809265137,
    "rank_rmse_pred_vs_playoff_final_results": 9.23399543762207,
    "rank_mae_eos_standings_vs_playoff_final_results": 3.1333333333333333,
    "rank_rmse_eos_standings_vs_playoff_final_results": 4.449719092257398,
    "playoff_metrics": {
      "spearman_pred_vs_playoff_final_results": 0.42380422691879865,
      "ndcg_at_4_final_four": 0.46433662668392073,
      "ndcg10_pred_vs_playoff_final_results": 0.48889947448438964,
      "brier_championship_odds": 0.03222232684493065,
      "rank_mae_pred_vs_playoff_final_results": 7.199999809265137,
      "rank_rmse_pred_vs_playoff_final_results": 9.23399543762207,
      "rank_mae_eos_standings_vs_playoff_final_results": 3.1333333333333333,
      "rank_rmse_eos_standings_vs_playoff_final_results": 4.449719092257398
    }
  },
  "test_metrics_model_a": {
    "ndcg": 0.4889107389555907,
    "spearman": 0.42602892102335926,
    "mrr_top2": 0.5,
    "mrr_top4": 0.5,
    "ndcg10": 0.4889107389555907,
    "ndcg_at_4": 0.4643519436832566,
    "ndcg_at_12": 0.488804437829153,
    "ndcg_at_16": 0.5303322557092757,
    "ndcg_at_20": 0.5338351596326982,
    "roc_auc_upset": 0.78125
  },
  "test_metrics_model_b": {
    "ndcg": 0.21441954104337801,
    "spearman": 0.589321468298109,
    "mrr_top2": 0.2,
    "mrr_top4": 0.2,
    "ndcg10": 0.21441954104337801,
    "ndcg_at_4": 0.04166423104576856,
    "ndcg_at_12": 0.2363947762185742,
    "ndcg_at_16": 0.23642647398354066,
    "ndcg_at_20": 0.3921932189658216,
    "roc_auc_upset": 0.7963800904977375
  },
  "test_metrics_model_c": {
    "ndcg": 0.05124995751403931,
    "spearman": 0.31123470522803115,
    "mrr_top2": 0.07142857142857142,
    "mrr_top4": 0.2,
    "ndcg10": 0.05124995751403931,
    "ndcg_at_4": 0.00711064040423231,
    "ndcg_at_12": 0.056899138174850025,
    "ndcg_at_16": 0.17975039715984434,
    "ndcg_at_20": 0.18214810989505317,
    "roc_auc_upset": 0.8214285714285714
  },
  "test_metrics_by_conference": {
    "E": {
      "ndcg": 0.23920994442809795,
      "spearman": 0.19999999999999998
    },
    "W": {
      "ndcg": 0.7728975634578972,
      "spearman": 0.6714285714285713
    }
  },
  "notes": {
    "eos_rank_source": "eos_final_rank"
  }
}