{
  "test_metrics_ensemble": {
    "ndcg": 0.4849060116041338,
    "spearman": 0.4780867630700778,
    "mrr_top2": 0.5,
    "mrr_top4": 0.5,
    "ndcg10": 0.4849060116041338,
    "ndcg_at_4": 0.4643944167678145,
    "ndcg_at_12": 0.4848007623881248,
    "ndcg_at_16": 0.5286569753052416,
    "ndcg_at_20": 0.5292369005170185,
    "roc_auc_upset": 0.7544642857142857,
    "rank_mae_pred_vs_playoff_final_results": 6.800000190734863,
    "rank_rmse_pred_vs_playoff_final_results": 8.8430757522583,
    "rank_mae_eos_standings_vs_playoff_final_results": 3.1333333333333333,
    "rank_rmse_eos_standings_vs_playoff_final_results": 4.449719092257398,
    "playoff_metrics": {
      "spearman_pred_vs_playoff_final_results": 0.47541713014460507,
      "ndcg_at_4_final_four": 0.4643812234227066,
      "ndcg10_pred_vs_playoff_final_results": 0.48489317917683833,
      "brier_championship_odds": 0.03222232684493065,
      "rank_mae_pred_vs_playoff_final_results": 6.800000190734863,
      "rank_rmse_pred_vs_playoff_final_results": 8.8430757522583,
      "rank_mae_eos_standings_vs_playoff_final_results": 3.1333333333333333,
      "rank_rmse_eos_standings_vs_playoff_final_results": 4.449719092257398
    }
  },
  "test_metrics_model_a": {
    "ndcg": 0.4849060116041338,
    "spearman": 0.4780867630700778,
    "mrr_top2": 0.5,
    "mrr_top4": 0.5,
    "ndcg10": 0.4849060116041338,
    "ndcg_at_4": 0.4643944167678145,
    "ndcg_at_12": 0.4848007623881248,
    "ndcg_at_16": 0.5286569753052416,
    "ndcg_at_20": 0.5292369005170185,
    "roc_auc_upset": 0.7544642857142857
  },
  "test_metrics_model_b": {
    "ndcg": 0.15760900910004919,
    "spearman": 0.49855394883203563,
    "mrr_top2": 0.16666666666666666,
    "mrr_top4": 0.16666666666666666,
    "ndcg10": 0.15760900910004919,
    "ndcg_at_4": 0.04166423104576856,
    "ndcg_at_12": 0.20291026973147086,
    "ndcg_at_16": 0.22368707331384097,
    "ndcg_at_20": 0.2236870409571503,
    "roc_auc_upset": 0.795
  },
  "test_metrics_model_c": {
    "ndcg": 0.05124995751403931,
    "spearman": 0.30233592880978866,
    "mrr_top2": 0.06666666666666667,
    "mrr_top4": 0.2,
    "ndcg10": 0.05124995751403931,
    "ndcg_at_4": 0.00711064040423231,
    "ndcg_at_12": 0.056899138174850025,
    "ndcg_at_16": 0.17781540372208415,
    "ndcg_at_20": 0.18021312496782235,
    "roc_auc_upset": 0.8258928571428571
  },
  "test_metrics_by_conference": {
    "E": {
      "ndcg": 0.2571676490205251,
      "spearman": 0.1964285714285714
    },
    "W": {
      "ndcg": 0.7524991469189859,
      "spearman": 0.7285714285714285
    }
  },
  "notes": {
    "eos_rank_source": "eos_final_rank"
  }
}