{
  "notes": {
    "eval_on": "test",
    "eos_rank_source": "eos_final_rank",
    "upset_definition": "sleeper = EOS_global_rank > predicted_strength",
    "mrr_top2": "1/rank of first team in top 2 (champion+runner-up) in predicted order.",
    "mrr_top4": "1/rank of first team in top 4 (conference finals) in predicted order.",
    "per_conference_relevance": "Within E/W: actual rank derived from EOS_global_rank (1=best in conf); NDCG/Spearman use this relevance.",
    "playoff_metrics": "Spearman (pred global vs playoff_final_results), NDCG@4 (final four), Brier (champion vs odds). rank_mae/rank_rmse: pred vs playoff_final_results; eos_standings vs playoff_final_results (baseline)."
  },
  "split_info": {
    "train_frac": 0.75,
    "n_train_dates": 141,
    "n_test_dates": 36,
    "split_mode": "seasons"
  },
  "test_metrics_ensemble": {
    "ndcg": 0.4849060116041338,
    "spearman": 0.4780867630700778,
    "mrr_top2": 0.5,
    "mrr_top4": 0.5,
    "ndcg10": 0.4849060116041338,
    "ndcg_at_4": 0.4643944167678145,
    "ndcg_at_12": 0.4848007623881248,
    "ndcg_at_16": 0.5286569753052416,
    "ndcg_at_20": 0.5292369005170185,
    "roc_auc_upset": 0.7544642857142857,
    "rank_mae_pred_vs_playoff_final_results": 6.800000190734863,
    "rank_rmse_pred_vs_playoff_final_results": 8.8430757522583,
    "rank_mae_eos_standings_vs_playoff_final_results": 3.1333333333333333,
    "rank_rmse_eos_standings_vs_playoff_final_results": 4.449719092257398,
    "playoff_metrics": {
      "spearman_pred_vs_playoff_final_results": 0.47541713014460507,
      "ndcg_at_4_final_four": 0.4643812234227066,
      "ndcg10_pred_vs_playoff_final_results": 0.48489317917683833,
      "brier_championship_odds": 0.03222232684493065,
      "rank_mae_pred_vs_playoff_final_results": 6.800000190734863,
      "rank_rmse_pred_vs_playoff_final_results": 8.8430757522583,
      "rank_mae_eos_standings_vs_playoff_final_results": 3.1333333333333333,
      "rank_rmse_eos_standings_vs_playoff_final_results": 4.449719092257398
    }
  },
  "test_metrics_model_a": {
    "ndcg": 0.4849060116041338,
    "spearman": 0.4780867630700778,
    "mrr_top2": 0.5,
    "mrr_top4": 0.5,
    "ndcg10": 0.4849060116041338,
    "ndcg_at_4": 0.4643944167678145,
    "ndcg_at_12": 0.4848007623881248,
    "ndcg_at_16": 0.5286569753052416,
    "ndcg_at_20": 0.5292369005170185,
    "roc_auc_upset": 0.7544642857142857
  },
  "test_metrics_model_b": {
    "ndcg": 0.15760900910004919,
    "spearman": 0.49855394883203563,
    "mrr_top2": 0.16666666666666666,
    "mrr_top4": 0.16666666666666666,
    "ndcg10": 0.15760900910004919,
    "ndcg_at_4": 0.04166423104576856,
    "ndcg_at_12": 0.20291026973147086,
    "ndcg_at_16": 0.22368707331384097,
    "ndcg_at_20": 0.2236870409571503,
    "roc_auc_upset": 0.795
  },
  "test_metrics_model_c": {
    "ndcg": 0.05124995751403931,
    "spearman": 0.30233592880978866,
    "mrr_top2": 0.06666666666666667,
    "mrr_top4": 0.2,
    "ndcg10": 0.05124995751403931,
    "ndcg_at_4": 0.00711064040423231,
    "ndcg_at_12": 0.056899138174850025,
    "ndcg_at_16": 0.17781540372208415,
    "ndcg_at_20": 0.18021312496782235,
    "roc_auc_upset": 0.8258928571428571
  },
  "test_metrics_by_conference": {
    "E": {
      "ndcg": 0.2571676490205251,
      "spearman": 0.1964285714285714
    },
    "W": {
      "ndcg": 0.7524991469189859,
      "spearman": 0.7285714285714285
    }
  },
  "by_season": {
    "2023-24": {
      "test_metrics_ensemble": {
        "ndcg": 0.5384804996634391,
        "spearman": 0.3450500556173526,
        "mrr_top2": 1.0,
        "mrr_top4": 1.0,
        "ndcg10": 0.5384804996634391,
        "ndcg_at_4": 0.33513898093933947,
        "ndcg_at_12": 0.5822307485534725,
        "ndcg_at_16": 0.5840767775259474,
        "ndcg_at_20": 0.5840836315428924,
        "roc_auc_upset": 0.7155555555555555,
        "rank_mae_pred_vs_playoff_final_results": 7.733333110809326,
        "rank_rmse_pred_vs_playoff_final_results": 9.906227111816406,
        "rank_mae_eos_standings_vs_playoff_final_results": 3.7333333333333334,
        "rank_rmse_eos_standings_vs_playoff_final_results": 6.093712606722878,
        "playoff_metrics": {
          "spearman_pred_vs_playoff_final_results": 0.3984427141268076,
          "ndcg_at_4_final_four": 0.33513815635527017,
          "ndcg10_pred_vs_playoff_final_results": 0.5384867614806347,
          "brier_championship_odds": 0.03222232684493065,
          "rank_mae_pred_vs_playoff_final_results": 7.733333110809326,
          "rank_rmse_pred_vs_playoff_final_results": 9.906227111816406,
          "rank_mae_eos_standings_vs_playoff_final_results": 3.7333333333333334,
          "rank_rmse_eos_standings_vs_playoff_final_results": 6.093712606722878
        }
      },
      "test_metrics_model_a": {
        "ndcg": 0.5386689112270796,
        "spearman": 0.3472747497219132,
        "mrr_top2": 1.0,
        "mrr_top4": 1.0,
        "ndcg10": 0.5386689112270796,
        "ndcg_at_4": 0.3350938532869966,
        "ndcg_at_12": 0.5824191106275793,
        "ndcg_at_16": 0.58426512515156,
        "ndcg_at_20": 0.5842718188560859,
        "roc_auc_upset": 0.7589285714285714
      },
      "test_metrics_model_b": {
        "ndcg": 0.5592593021370424,
        "spearman": 0.4509454949944383,
        "mrr_top2": 0.5,
        "mrr_top4": 0.5,
        "ndcg10": 0.5592593021370424,
        "ndcg_at_4": 0.44093212795935904,
        "ndcg_at_12": 0.5591351914362709,
        "ndcg_at_16": 0.5591736462951301,
        "ndcg_at_20": 0.6028926004654065,
        "roc_auc_upset": 0.7777777777777778
      },
      "test_metrics_model_c": {
        "ndcg": 0.333487026575135,
        "spearman": 0.24048943270300333,
        "mrr_top2": 0.16666666666666666,
        "mrr_top4": 0.16666666666666666,
        "ndcg10": 0.333487026575135,
        "ndcg_at_4": 0.0011069724610271625,
        "ndcg_at_12": 0.33890731926775686,
        "ndcg_at_16": 0.35966393831396193,
        "ndcg_at_20": 0.37116955007129654,
        "roc_auc_upset": 0.7777777777777778
      },
      "test_metrics_by_conference": {
        "E": {
          "ndcg": 0.38369169619137905,
          "spearman": 0.2321428571428571
        },
        "W": {
          "ndcg": 0.9087017196705096,
          "spearman": 0.475
        }
      },
      "notes": {
        "eos_rank_source": "eos_final_rank"
      }
    },
    "2024-25": {
      "test_metrics_ensemble": {
        "ndcg": 0.4849060116041338,
        "spearman": 0.4780867630700778,
        "mrr_top2": 0.5,
        "mrr_top4": 0.5,
        "ndcg10": 0.4849060116041338,
        "ndcg_at_4": 0.4643944167678145,
        "ndcg_at_12": 0.4848007623881248,
        "ndcg_at_16": 0.5286569753052416,
        "ndcg_at_20": 0.5292369005170185,
        "roc_auc_upset": 0.7544642857142857,
        "rank_mae_pred_vs_playoff_final_results": 6.800000190734863,
        "rank_rmse_pred_vs_playoff_final_results": 8.8430757522583,
        "rank_mae_eos_standings_vs_playoff_final_results": 3.1333333333333333,
        "rank_rmse_eos_standings_vs_playoff_final_results": 4.449719092257398,
        "playoff_metrics": {
          "spearman_pred_vs_playoff_final_results": 0.47541713014460507,
          "ndcg_at_4_final_four": 0.4643812234227066,
          "ndcg10_pred_vs_playoff_final_results": 0.48489317917683833,
          "brier_championship_odds": 0.03222232684493065,
          "rank_mae_pred_vs_playoff_final_results": 6.800000190734863,
          "rank_rmse_pred_vs_playoff_final_results": 8.8430757522583,
          "rank_mae_eos_standings_vs_playoff_final_results": 3.1333333333333333,
          "rank_rmse_eos_standings_vs_playoff_final_results": 4.449719092257398
        }
      },
      "test_metrics_model_a": {
        "ndcg": 0.4849060116041338,
        "spearman": 0.4780867630700778,
        "mrr_top2": 0.5,
        "mrr_top4": 0.5,
        "ndcg10": 0.4849060116041338,
        "ndcg_at_4": 0.4643944167678145,
        "ndcg_at_12": 0.4848007623881248,
        "ndcg_at_16": 0.5286569753052416,