{
  "test_metrics_ensemble": {
    "ndcg": 0.596110893906986,
    "spearman": 0.40867630700778645,
    "mrr_top2": 1.0,
    "mrr_top4": 1.0,
    "ndcg10": 0.596110893906986,
    "ndcg_at_4": 0.35315119534797357,
    "ndcg_at_12": 0.5959556547833245,
    "ndcg_at_16": 0.5972140998674996,
    "ndcg_at_20": 0.5978199609962221,
    "roc_auc_upset": 0.7149321266968325,
    "rank_mae_pred_vs_playoff_final_results": 7.599999904632568,
    "rank_rmse_pred_vs_playoff_final_results": 9.41275691986084,
    "rank_mae_eos_standings_vs_playoff_final_results": 3.7333333333333334,
    "rank_rmse_eos_standings_vs_playoff_final_results": 6.093712606722878,
    "playoff_metrics": {
      "spearman_pred_vs_playoff_final_results": 0.4545050055617353,
      "ndcg_at_4_final_four": 0.35315119534797357,
      "ndcg10_pred_vs_playoff_final_results": 0.5961101747526598,
      "brier_championship_odds": 0.03222232684493065,
      "rank_mae_pred_vs_playoff_final_results": 7.599999904632568,
      "rank_rmse_pred_vs_playoff_final_results": 9.41275691986084,
      "rank_mae_eos_standings_vs_playoff_final_results": 3.7333333333333334,
      "rank_rmse_eos_standings_vs_playoff_final_results": 6.093712606722878
    }
  },
  "test_metrics_model_a": {
    "ndcg": 0.596110893906986,
    "spearman": 0.40289210233592887,
    "mrr_top2": 1.0,
    "mrr_top4": 1.0,
    "ndcg10": 0.596110893906986,
    "ndcg_at_4": 0.35315119534797357,
    "ndcg_at_12": 0.5959556547833245,
    "ndcg_at_16": 0.5972140998674996,
    "ndcg_at_20": 0.5978199609962221,
    "roc_auc_upset": 0.7194570135746606
  },
  "test_metrics_model_b": {
    "ndcg": 0.8017094650842984,
    "spearman": 0.3837597330367074,
    "mrr_top2": 1.0,
    "mrr_top4": 1.0,
    "ndcg10": 0.8017094650842984,
    "ndcg_at_4": 0.6907114070725182,
    "ndcg_at_12": 0.8014995732402609,
    "ndcg_at_16": 0.8065929988858939,
    "ndcg_at_20": 0.8065939755207344,
    "roc_auc_upset": 0.7633928571428572
  },
  "test_metrics_model_c": {
    "ndcg": 0.33348743391404295,
    "spearman": 0.24582869855394882,
    "mrr_top2": 0.16666666666666666,
    "mrr_top4": 0.16666666666666666,
    "ndcg10": 0.33348743391404295,
    "ndcg_at_4": 0.001111095381373398,
    "ndcg_at_12": 0.3389077264996702,
    "ndcg_at_16": 0.3596643455146382,
    "ndcg_at_20": 0.37000033942981986,
    "roc_auc_upset": 0.8088888888888889
  },
  "test_metrics_by_conference": {
    "E": {
      "ndcg": 0.3851402749883562,
      "spearman": 0.2642857142857143
    },
    "W": {
      "ndcg": 0.929309310274542,
      "spearman": 0.557142857142857
    }
  },
  "notes": {
    "eos_rank_source": "eos_final_rank"
  }
}