{
  "test_metrics_ensemble": {
    "ndcg": 0.4861014376094034,
    "spearman": 0.4758620689655172,
    "mrr_top2": 0.5,
    "mrr_top4": 0.5,
    "ndcg10": 0.4861014376094034,
    "ndcg_at_4": 0.46437685999867345,
    "ndcg_at_12": 0.5302138197027042,
    "ndcg_at_16": 0.5301953717270798,
    "ndcg_at_20": 0.533803743988531,
    "roc_auc_upset": 0.7544642857142857,
    "rank_mae_pred_vs_playoff_final_results": 6.800000190734863,
    "rank_rmse_pred_vs_playoff_final_results": 8.861903190612793,
    "rank_mae_eos_standings_vs_playoff_final_results": 3.1333333333333333,
    "rank_rmse_eos_standings_vs_playoff_final_results": 4.449719092257398,
    "playoff_metrics": {
      "spearman_pred_vs_playoff_final_results": 0.4883203559510568,
      "ndcg_at_4_final_four": 0.4643768342304213,
      "ndcg10_pred_vs_playoff_final_results": 0.4860909606250705,
      "brier_championship_odds": 0.03222232684493065,
      "rank_mae_pred_vs_playoff_final_results": 6.800000190734863,
      "rank_rmse_pred_vs_playoff_final_results": 8.861903190612793,
      "rank_mae_eos_standings_vs_playoff_final_results": 3.1333333333333333,
      "rank_rmse_eos_standings_vs_playoff_final_results": 4.449719092257398
    }
  },
  "test_metrics_model_a": {
    "ndcg": 0.4861014376094034,
    "spearman": 0.4758620689655172,
    "mrr_top2": 0.5,
    "mrr_top4": 0.5,
    "ndcg10": 0.4861014376094034,
    "ndcg_at_4": 0.46437685999867345,
    "ndcg_at_12": 0.5302138197027042,
    "ndcg_at_16": 0.5301953717270798,
    "ndcg_at_20": 0.533803743988531,
    "roc_auc_upset": 0.7544642857142857
  },
  "test_metrics_model_b": {
    "ndcg": 0.21633419895461262,
    "spearman": 0.6084538375973303,
    "mrr_top2": 0.2,
    "mrr_top4": 0.2,
    "ndcg10": 0.21633419895461262,
    "ndcg_at_4": 0.04166423104576856,
    "ndcg_at_12": 0.3918220198853948,
    "ndcg_at_16": 0.4117896337589587,
    "ndcg_at_20": 0.41178869343757407,
    "roc_auc_upset": 0.7511111111111112
  },
  "test_metrics_model_c": {
    "ndcg": 0.05212098780672918,
    "spearman": 0.3147942157953281,
    "mrr_top2": 0.0625,
    "mrr_top4": 0.2,
    "ndcg10": 0.05212098780672918,
    "ndcg_at_4": 0.0072603807417201014,
    "ndcg_at_12": 0.057769939676471704,
    "ndcg_at_16": 0.1778174633134764,
    "ndcg_at_20": 0.18021518455015603,
    "roc_auc_upset": 0.8214285714285714
  },
  "test_metrics_by_conference": {
    "E": {
      "ndcg": 0.2595405455854567,
      "spearman": 0.2285714285714285
    },
    "W": {
      "ndcg": 0.7737357849437491,
      "spearman": 0.6964285714285713
    }
  },
  "notes": {
    "eos_rank_source": "eos_final_rank"
  }
}