{
  "notes": {
    "eval_on": "test",
    "eos_rank_source": "eos_final_rank",
    "upset_definition": "sleeper = EOS_global_rank > predicted_strength",
    "mrr_top2": "1/rank of first team in top 2 (champion+runner-up) in predicted order.",
    "mrr_top4": "1/rank of first team in top 4 (conference finals) in predicted order.",
    "per_conference_relevance": "Within E/W: actual rank derived from EOS_global_rank (1=best in conf); NDCG/Spearman use this relevance.",
    "playoff_metrics": "Spearman (pred global vs playoff_final_results), NDCG@4 (final four), Brier (champion vs odds). rank_mae/rank_rmse: pred vs playoff_final_results; eos_standings vs playoff_final_results (baseline)."
  },
  "split_info": {
    "train_frac": 0.75,
    "n_train_dates": 141,
    "n_test_dates": 36,
    "split_mode": "seasons"
  },
  "test_metrics_ensemble": {
    "ndcg": 0.48129995704460915,
    "spearman": 0.4625139043381535,
    "mrr_top2": 0.5,
    "mrr_top4": 0.5,
    "ndcg10": 0.48129995704460915,
    "ndcg_at_4": 0.4644132116806,
    "ndcg_at_12": 0.48154886850454137,
    "ndcg_at_16": 0.525462704255495,
    "ndcg_at_20": 0.5277757021777227,
    "roc_auc_upset": 0.7633928571428571,
    "rank_mae_pred_vs_playoff_final_results": 6.933333396911621,
    "rank_rmse_pred_vs_playoff_final_results": 8.97403621673584,
    "rank_mae_eos_standings_vs_playoff_final_results": 3.1333333333333333,
    "rank_rmse_eos_standings_vs_playoff_final_results": 4.449719092257398,
    "playoff_metrics": {
      "spearman_pred_vs_playoff_final_results": 0.4616240266963292,
      "ndcg_at_4_final_four": 0.4644132116806,
      "ndcg10_pred_vs_playoff_final_results": 0.4812899936190021,
      "brier_championship_odds": 0.03222232684493065,
      "rank_mae_pred_vs_playoff_final_results": 6.933333396911621,
      "rank_rmse_pred_vs_playoff_final_results": 8.97403621673584,
      "rank_mae_eos_standings_vs_playoff_final_results": 3.1333333333333333,
      "rank_rmse_eos_standings_vs_playoff_final_results": 4.449719092257398
    }
  },
  "test_metrics_model_a": {
    "ndcg": 0.4809378449718396,
    "spearman": 0.45850945494994433,
    "mrr_top2": 0.5,
    "mrr_top4": 0.5,
    "ndcg10": 0.4809378449718396,
    "ndcg_at_4": 0.4644132116806,
    "ndcg_at_12": 0.4811868515467278,
    "ndcg_at_16": 0.5251007150665408,
    "ndcg_at_20": 0.527413714580877,
    "roc_auc_upset": 0.7678571428571428
  },
  "test_metrics_model_b": {
    "ndcg": 0.16755540443770164,
    "spearman": 0.5612903225806452,
    "mrr_top2": 0.2,
    "mrr_top4": 0.2,
    "ndcg10": 0.16755540443770164,
    "ndcg_at_4": 0.04166423104576856,
    "ndcg_at_12": 0.234754275205851,
    "ndcg_at_16": 0.2347857890810084,
    "ndcg_at_20": 0.23478536938514907,
    "roc_auc_upset": 0.8144796380090498
  },
  "test_metrics_model_c": {
    "ndcg": 0.05124995751403931,
    "spearman": 0.30189098998887653,
    "mrr_top2": 0.0625,
    "mrr_top4": 0.2,
    "ndcg10": 0.05124995751403931,
    "ndcg_at_4": 0.00711064040423231,
    "ndcg_at_12": 0.056899138174850025,
    "ndcg_at_16": 0.1769467286075223,
    "ndcg_at_20": 0.17934445367388585,
    "roc_auc_upset": 0.8258928571428571
  },
  "test_metrics_by_conference": {
    "E": {
      "ndcg": 0.2533903064900844,
      "spearman": 0.21428571428571427
    },
    "W": {
      "ndcg": 0.7403462103467132,
      "spearman": 0.6857142857142856
    }
  },
  "by_season": {
    "2023-24": {
      "test_metrics_ensemble": {
        "ndcg": 0.5576489211580822,
        "spearman": 0.4042269187986652,
        "mrr_top2": 1.0,
        "mrr_top4": 1.0,
        "ndcg10": 0.5576489211580822,
        "ndcg_at_4": 0.35315119534797357,
        "ndcg_at_12": 0.6013899878122022,
        "ndcg_at_16": 0.602627405243742,
        "ndcg_at_20": 0.6032332425635496,
        "roc_auc_upset": 0.7991071428571429,
        "rank_mae_pred_vs_playoff_final_results": 7.400000095367432,
        "rank_rmse_pred_vs_playoff_final_results": 9.448103904724121,
        "rank_mae_eos_standings_vs_playoff_final_results": 3.7333333333333334,
        "rank_rmse_eos_standings_vs_playoff_final_results": 6.093712606722878,
        "playoff_metrics": {
          "spearman_pred_vs_playoff_final_results": 0.4513904338153503,
          "ndcg_at_4_final_four": 0.35315119534797357,
          "ndcg10_pred_vs_playoff_final_results": 0.5576539332266636,
          "brier_championship_odds": 0.03222232684493065,
          "rank_mae_pred_vs_playoff_final_results": 7.400000095367432,
          "rank_rmse_pred_vs_playoff_final_results": 9.448103904724121,
          "rank_mae_eos_standings_vs_playoff_final_results": 3.7333333333333334,
          "rank_rmse_eos_standings_vs_playoff_final_results": 6.093712606722878
        }
      },
      "test_metrics_model_a": {
        "ndcg": 0.5576489211580822,
        "spearman": 0.4082313681868743,
        "mrr_top2": 1.0,
        "mrr_top4": 1.0,
        "ndcg10": 0.5576489211580822,
        "ndcg_at_4": 0.35315119534797357,
        "ndcg_at_12": 0.6013899878122022,
        "ndcg_at_16": 0.6032384519277342,
        "ndcg_at_20": 0.6032453262360147,
        "roc_auc_upset": 0.7737556561085973
      },
      "test_metrics_model_b": {
        "ndcg": 0.5663539088601461,
        "spearman": 0.4291434927697442,
        "mrr_top2": 0.5,
        "mrr_top4": 0.5,
        "ndcg10": 0.5663539088601461,
        "ndcg_at_4": 0.4646538243780074,
        "ndcg_at_12": 0.5662936259833413,
        "ndcg_at_16": 0.6059993902246701,
        "ndcg_at_20": 0.6108691264150994,
        "roc_auc_upset": 0.7782805429864253
      },
      "test_metrics_model_c": {
        "ndcg": 0.3335099094849099,
        "spearman": 0.23559510567296996,
        "mrr_top2": 0.16666666666666666,
        "mrr_top4": 0.16666666666666666,
        "ndcg10": 0.3335099094849099,
        "ndcg_at_4": 0.0011069724610271625,
        "ndcg_at_12": 0.3389081203242068,
        "ndcg_at_16": 0.3596647393089661,
        "ndcg_at_20": 0.3700007332224158,
        "roc_auc_upset": 0.7633928571428571
      },
      "test_metrics_by_conference": {
        "E": {
          "ndcg": 0.4050499105369627,
          "spearman": 0.25357142857142856
        },
        "W": {
          "ndcg": 0.9223575179360517,
          "spearman": 0.5392857142857141
        }
      },
      "notes": {
        "eos_rank_source": "eos_final_rank"
      }
    },
    "2024-25": {
      "test_metrics_ensemble": {
        "ndcg": 0.48129995704460915,
        "spearman": 0.4625139043381535,
        "mrr_top2": 0.5,
        "mrr_top4": 0.5,
        "ndcg10": 0.48129995704460915,
        "ndcg_at_4": 0.4644132116806,
        "ndcg_at_12": 0.48154886850454137,
        "ndcg_at_16": 0.525462704255495,
        "ndcg_at_20": 0.5277757021777227,
        "roc_auc_upset": 0.7633928571428571,
        "rank_mae_pred_vs_playoff_final_results": 6.933333396911621,
        "rank_rmse_pred_vs_playoff_final_results": 8.97403621673584,
        "rank_mae_eos_standings_vs_playoff_final_results": 3.1333333333333333,
        "rank_rmse_eos_standings_vs_playoff_final_results": 4.449719092257398,
        "playoff_metrics": {
          "spearman_pred_vs_playoff_final_results": 0.4616240266963292,
          "ndcg_at_4_final_four": 0.4644132116806,
          "ndcg10_pred_vs_playoff_final_results": 0.4812899936190021,
          "brier_championship_odds": 0.03222232684493065,
          "rank_mae_pred_vs_playoff_final_results": 6.933333396911621,
          "rank_rmse_pred_vs_playoff_final_results": 8.97403621673584,
          "rank_mae_eos_standings_vs_playoff_final_results": 3.1333333333333333,
          "rank_rmse_eos_standings_vs_playoff_final_results": 4.449719092257398
        }
      },
      "test_metrics_model_a": {
        "ndcg": 0.4809378449718396,
        "spearman": 0.45850945494994433,
        "mrr_top2": 0.5,
        "mrr_top4": 0.5,
        "ndcg10": 0.4809378449718396,
        "ndcg_at_4": 0.4644132116806,
        "ndcg_at_12": 0.4811868515467278,
        "ndcg_at_16": 0.5251007150665408,