{
  "notes": {
    "eval_on": "test",
    "eos_rank_source": "eos_final_rank",
    "upset_definition": "sleeper = EOS_global_rank > predicted_strength",
    "mrr_top2": "1/rank of first team in top 2 (champion+runner-up) in predicted order.",
    "mrr_top4": "1/rank of first team in top 4 (conference finals) in predicted order.",
    "per_conference_relevance": "Within E/W: actual rank derived from EOS_global_rank (1=best in conf); NDCG/Spearman use this relevance.",
    "playoff_metrics": "Spearman (pred global vs playoff_final_results), NDCG@4 (final four), Brier (champion vs odds). rank_mae/rank_rmse: pred vs playoff_final_results; eos_standings vs playoff_final_results (baseline)."
  },
  "split_info": {
    "train_frac": 0.75,
    "n_train_dates": 141,
    "n_test_dates": 36,
    "split_mode": "seasons"
  },
  "test_metrics_ensemble": {
    "ndcg": 0.48578726389406496,
    "spearman": 0.4829810901001112,
    "mrr_top2": 0.5,
    "mrr_top4": 0.5,
    "ndcg10": 0.48578726389406496,
    "ndcg_at_4": 0.4733834825680338,
    "ndcg_at_12": 0.5295465150267192,
    "ndcg_at_16": 0.5295275653101092,
    "ndcg_at_20": 0.5330528229970148,
    "roc_auc_upset": 0.7946428571428571,
    "rank_mae_pred_vs_playoff_final_results": 6.866666793823242,
    "rank_rmse_pred_vs_playoff_final_results": 8.801514625549316,
    "rank_mae_eos_standings_vs_playoff_final_results": 3.1333333333333333,
    "rank_rmse_eos_standings_vs_playoff_final_results": 4.449719092257398,
    "playoff_metrics": {
      "spearman_pred_vs_playoff_final_results": 0.48209121245828696,
      "ndcg_at_4_final_four": 0.4733834825680338,
      "ndcg10_pred_vs_playoff_final_results": 0.48577664957733346,
      "brier_championship_odds": 0.03222232684493065,
      "rank_mae_pred_vs_playoff_final_results": 6.866666793823242,
      "rank_rmse_pred_vs_playoff_final_results": 8.801514625549316,
      "rank_mae_eos_standings_vs_playoff_final_results": 3.1333333333333333,
      "rank_rmse_eos_standings_vs_playoff_final_results": 4.449719092257398
    }
  },
  "test_metrics_model_a": {
    "ndcg": 0.48578726389406496,
    "spearman": 0.4829810901001112,
    "mrr_top2": 0.5,
    "mrr_top4": 0.5,
    "ndcg10": 0.48578726389406496,
    "ndcg_at_4": 0.4733834825680338,
    "ndcg_at_12": 0.5295465150267192,
    "ndcg_at_16": 0.5295275653101092,
    "ndcg_at_20": 0.5330528229970148,
    "roc_auc_upset": 0.7946428571428571
  },
  "test_metrics_model_b": {
    "ndcg": 0.20442800692315669,
    "spearman": 0.6605116796440489,
    "mrr_top2": 0.16666666666666666,
    "mrr_top4": 0.16666666666666666,
    "ndcg10": 0.20442800692315669,
    "ndcg_at_4": 0.04166423104576856,
    "ndcg_at_12": 0.3799631906076985,
    "ndcg_at_16": 0.4003258840651415,
    "ndcg_at_20": 0.4003289299212839,
    "roc_auc_upset": 0.7194570135746606
  },
  "test_metrics_model_c": {
    "ndcg": 0.05139534647930671,
    "spearman": 0.3050055617352614,
    "mrr_top2": 0.06666666666666667,
    "mrr_top4": 0.2,
    "ndcg10": 0.05139534647930671,
    "ndcg_at_4": 0.0072603807417201014,
    "ndcg_at_12": 0.05704448895120833,
    "ndcg_at_16": 0.1779607433491712,
    "ndcg_at_20": 0.18035846395567354,
    "roc_auc_upset": 0.8258928571428571
  },
  "test_metrics_by_conference": {
    "E": {
      "ndcg": 0.2981447129982642,
      "spearman": 0.3
    },
    "W": {
      "ndcg": 0.7728975634578972,
      "spearman": 0.7178571428571427
    }
  },
  "by_season": {
    "2023-24": {
      "test_metrics_ensemble": {
        "ndcg": 0.5692563492441197,
        "spearman": 0.4113459399332592,
        "mrr_top2": 1.0,
        "mrr_top4": 1.0,
        "ndcg10": 0.5692563492441197,
        "ndcg_at_4": 0.35315119534797357,
        "ndcg_at_12": 0.6144119832493391,
        "ndcg_at_16": 0.6156348168351758,
        "ndcg_at_20": 0.6162499114150577,
        "roc_auc_upset": 0.7782805429864253,
        "rank_mae_pred_vs_playoff_final_results": 7.4666666984558105,
        "rank_rmse_pred_vs_playoff_final_results": 9.391485214233398,
        "rank_mae_eos_standings_vs_playoff_final_results": 3.7333333333333334,
        "rank_rmse_eos_standings_vs_playoff_final_results": 6.093712606722878,
        "playoff_metrics": {
          "spearman_pred_vs_playoff_final_results": 0.46785317018909905,
          "ndcg_at_4_final_four": 0.35315119534797357,
          "ndcg10_pred_vs_playoff_final_results": 0.569261361312701,
          "brier_championship_odds": 0.03222232684493065,
          "rank_mae_pred_vs_playoff_final_results": 7.4666666984558105,
          "rank_rmse_pred_vs_playoff_final_results": 9.391485214233398,
          "rank_mae_eos_standings_vs_playoff_final_results": 3.7333333333333334,
          "rank_rmse_eos_standings_vs_playoff_final_results": 6.093712606722878
        }
      },
      "test_metrics_model_a": {
        "ndcg": 0.5692563492441197,
        "spearman": 0.4113459399332592,
        "mrr_top2": 1.0,
        "mrr_top4": 1.0,
        "ndcg10": 0.5692563492441197,
        "ndcg_at_4": 0.35315119534797357,
        "ndcg_at_12": 0.6144119832493391,
        "ndcg_at_16": 0.6156348168351758,
        "ndcg_at_20": 0.6162499114150577,
        "roc_auc_upset": 0.7782805429864253
      },
      "test_metrics_model_b": {
        "ndcg": 0.5580964353753605,
        "spearman": 0.44382647385984425,
        "mrr_top2": 0.5,
        "mrr_top4": 0.5,
        "ndcg10": 0.5580964353753605,
        "ndcg_at_4": 0.4437410146181249,
        "ndcg_at_12": 0.5580576756293004,
        "ndcg_at_16": 0.5977457996118576,
        "ndcg_at_20": 0.602521958136579,
        "roc_auc_upset": 0.8035714285714286
      },
      "test_metrics_model_c": {
        "ndcg": 0.333487026575135,
        "spearman": 0.23159065628476083,
        "mrr_top2": 0.16666666666666666,
        "mrr_top4": 0.16666666666666666,
        "ndcg10": 0.333487026575135,
        "ndcg_at_4": 0.0011069724610271625,
        "ndcg_at_12": 0.33890731926775686,
        "ndcg_at_16": 0.35966393831396193,
        "ndcg_at_20": 0.3699999322309346,
        "roc_auc_upset": 0.7633928571428571
      },
      "test_metrics_by_conference": {
        "E": {
          "ndcg": 0.4050499105369627,
          "spearman": 0.23928571428571427
        },
        "W": {
          "ndcg": 0.9222155340414375,
          "spearman": 0.5285714285714286
        }
      },
      "notes": {
        "eos_rank_source": "eos_final_rank"
      }
    },
    "2024-25": {
      "test_metrics_ensemble": {
        "ndcg": 0.48578726389406496,
        "spearman": 0.4829810901001112,
        "mrr_top2": 0.5,
        "mrr_top4": 0.5,
        "ndcg10": 0.48578726389406496,
        "ndcg_at_4": 0.4733834825680338,
        "ndcg_at_12": 0.5295465150267192,
        "ndcg_at_16": 0.5295275653101092,
        "ndcg_at_20": 0.5330528229970148,
        "roc_auc_upset": 0.7946428571428571,
        "rank_mae_pred_vs_playoff_final_results": 6.866666793823242,
        "rank_rmse_pred_vs_playoff_final_results": 8.801514625549316,
        "rank_mae_eos_standings_vs_playoff_final_results": 3.1333333333333333,
        "rank_rmse_eos_standings_vs_playoff_final_results": 4.449719092257398,
        "playoff_metrics": {
          "spearman_pred_vs_playoff_final_results": 0.48209121245828696,
          "ndcg_at_4_final_four": 0.4733834825680338,
          "ndcg10_pred_vs_playoff_final_results": 0.48577664957733346,
          "brier_championship_odds": 0.03222232684493065,
          "rank_mae_pred_vs_playoff_final_results": 6.866666793823242,
          "rank_rmse_pred_vs_playoff_final_results": 8.801514625549316,
          "rank_mae_eos_standings_vs_playoff_final_results": 3.1333333333333333,
          "rank_rmse_eos_standings_vs_playoff_final_results": 4.449719092257398
        }
      },
      "test_metrics_model_a": {
        "ndcg": 0.48578726389406496,
        "spearman": 0.4829810901001112,
        "mrr_top2": 0.5,
        "mrr_top4": 0.5,
        "ndcg10": 0.48578726389406496,
        "ndcg_at_4": 0.4733834825680338,
        "ndcg_at_12": 0.5295465150267192,