{
  "test_metrics_ensemble": {
    "ndcg": 0.4829074638902036,
    "spearman": 0.46562847608453833,
    "mrr_top2": 0.5,
    "mrr_top4": 0.5,
    "ndcg10": 0.4829074638902036,
    "ndcg_at_4": 0.4643519436832566,
    "ndcg_at_12": 0.5280810913657162,
    "ndcg_at_16": 0.5293037719386455,
    "ndcg_at_20": 0.5316497278396541,
    "roc_auc_upset": 0.7555555555555555,
    "rank_mae_pred_vs_playoff_final_results": 7.066666603088379,
    "rank_rmse_pred_vs_playoff_final_results": 8.947998046875,
    "rank_mae_eos_standings_vs_playoff_final_results": 3.1333333333333333,
    "rank_rmse_eos_standings_vs_playoff_final_results": 4.449719092257398,
    "playoff_metrics": {
      "spearman_pred_vs_playoff_final_results": 0.4540600667408231,
      "ndcg_at_4_final_four": 0.46433662668392073,
      "ndcg10_pred_vs_playoff_final_results": 0.4828925713012158,
      "brier_championship_odds": 0.03222232684493065,
      "rank_mae_pred_vs_playoff_final_results": 7.066666603088379,
      "rank_rmse_pred_vs_playoff_final_results": 8.947998046875,
      "rank_mae_eos_standings_vs_playoff_final_results": 3.1333333333333333,
      "rank_rmse_eos_standings_vs_playoff_final_results": 4.449719092257398
    }
  },
  "test_metrics_model_a": {
    "ndcg": 0.4829074638902036,
    "spearman": 0.4687430478309232,
    "mrr_top2": 0.5,
    "mrr_top4": 0.5,
    "ndcg10": 0.4829074638902036,
    "ndcg_at_4": 0.4643519436832566,
    "ndcg_at_12": 0.5280810913657162,
    "ndcg_at_16": 0.5293042983624903,
    "ndcg_at_20": 0.5316502542611836,
    "roc_auc_upset": 0.7633928571428572
  },
  "test_metrics_model_b": {
    "ndcg": 0.20641689471603403,
    "spearman": 0.6525027808676307,
    "mrr_top2": 0.16666666666666666,
    "mrr_top4": 0.16666666666666666,
    "ndcg10": 0.20641689471603403,
    "ndcg_at_4": 0.04166423104576856,
    "ndcg_at_12": 0.20646186601139344,
    "ndcg_at_16": 0.39787027887882964,
    "ndcg_at_20": 0.397868823756221,
    "roc_auc_upset": 0.7737556561085973
  },
  "test_metrics_model_c": {
    "ndcg": 0.05124995751403931,
    "spearman": 0.30233592880978866,
    "mrr_top2": 0.06666666666666667,
    "mrr_top4": 0.2,
    "ndcg10": 0.05124995751403931,
    "ndcg_at_4": 0.00711064040423231,
    "ndcg_at_12": 0.056899138174850025,
    "ndcg_at_16": 0.17781540372208415,
    "ndcg_at_20": 0.18021312496782235,
    "roc_auc_upset": 0.8258928571428571
  },
  "test_metrics_by_conference": {
    "E": {
      "ndcg": 0.24502219013247936,
      "spearman": 0.1928571428571428
    },
    "W": {
      "ndcg": 0.7510775020335729,
      "spearman": 0.6535714285714285
    }
  },
  "notes": {
    "eos_rank_source": "eos_final_rank"
  }
}