{
  "test_metrics_ensemble": {
    "ndcg": 0.5395985878201416,
    "spearman": 0.36462736373748605,
    "mrr_top2": 1.0,
    "mrr_top4": 1.0,
    "ndcg10": 0.5395985878201416,
    "ndcg_at_4": 0.33513898093933947,
    "ndcg_at_12": 0.5847620119458349,
    "ndcg_at_16": 0.5860512607214967,
    "ndcg_at_20": 0.5866448687084244,
    "roc_auc_upset": 0.6977777777777778,
    "rank_mae_pred_vs_playoff_final_results": 7.599999904632568,
    "rank_rmse_pred_vs_playoff_final_results": 9.757048606872559,
    "rank_mae_eos_standings_vs_playoff_final_results": 3.7333333333333334,
    "rank_rmse_eos_standings_vs_playoff_final_results": 6.093712606722878,
    "playoff_metrics": {
      "spearman_pred_vs_playoff_final_results": 0.41490545050055616,
      "ndcg_at_4_final_four": 0.33513815635527017,
      "ndcg10_pred_vs_playoff_final_results": 0.5396040418487685,
      "brier_championship_odds": 0.03222232684493065,
      "rank_mae_pred_vs_playoff_final_results": 7.599999904632568,
      "rank_rmse_pred_vs_playoff_final_results": 9.757048606872559,
      "rank_mae_eos_standings_vs_playoff_final_results": 3.7333333333333334,
      "rank_rmse_eos_standings_vs_playoff_final_results": 6.093712606722878
    }
  },
  "test_metrics_model_a": {
    "ndcg": 0.5395985878201416,
    "spearman": 0.35572858731924356,
    "mrr_top2": 1.0,
    "mrr_top4": 1.0,
    "ndcg10": 0.5395985878201416,
    "ndcg_at_4": 0.33513898093933947,
    "ndcg_at_12": 0.5847620119458349,
    "ndcg_at_16": 0.5860513341281777,
    "ndcg_at_20": 0.5866358445040529,
    "roc_auc_upset": 0.7066666666666667
  },
  "test_metrics_model_b": {
    "ndcg": 0.8051903261342123,
    "spearman": 0.4402669632925473,
    "mrr_top2": 1.0,
    "mrr_top4": 1.0,
    "ndcg10": 0.8051903261342123,
    "ndcg_at_4": 0.7261751187226982,
    "ndcg_at_12": 0.8050030224017937,
    "ndcg_at_16": 0.8099890799373223,
    "ndcg_at_20": 0.8475591650755451,
    "roc_auc_upset": 0.7647058823529411
  },
  "test_metrics_model_c": {
    "ndcg": 0.333487026575135,
    "spearman": 0.24048943270300333,
    "mrr_top2": 0.16666666666666666,
    "mrr_top4": 0.16666666666666666,
    "ndcg10": 0.333487026575135,
    "ndcg_at_4": 0.0011069724610271625,
    "ndcg_at_12": 0.33890731926775686,
    "ndcg_at_16": 0.35966393831396193,
    "ndcg_at_20": 0.37116955007129654,
    "roc_auc_upset": 0.7777777777777778
  },
  "test_metrics_by_conference": {
    "E": {
      "ndcg": 0.3864552008125132,
      "spearman": 0.2678571428571428
    },
    "W": {
      "ndcg": 0.9213917431112483,
      "spearman": 0.5035714285714286
    }
  },
  "notes": {
    "eos_rank_source": "eos_final_rank"
  }
}