{
  "notes": {
    "eval_on": "test",
    "eos_rank_source": "eos_final_rank",
    "upset_definition": "sleeper = EOS_global_rank > predicted_strength",
    "mrr_top2": "1/rank of first team in top 2 (champion+runner-up) in predicted order.",
    "mrr_top4": "1/rank of first team in top 4 (conference finals) in predicted order.",
    "per_conference_relevance": "Within E/W: actual rank derived from EOS_global_rank (1=best in conf); NDCG/Spearman use this relevance.",
    "playoff_metrics": "Spearman (pred global vs playoff_final_results), NDCG@4 (final four), Brier (champion vs odds). rank_mae/rank_rmse: pred vs playoff_final_results; eos_standings vs playoff_final_results (baseline)."
  },
  "split_info": {
    "train_frac": 0.75,
    "n_train_dates": 141,
    "n_test_dates": 36,
    "split_mode": "seasons"
  },
  "test_metrics_ensemble": {
    "ndcg": 0.4864415027824136,
    "spearman": 0.4967741935483871,
    "mrr_top2": 0.5,
    "mrr_top4": 0.5,
    "ndcg10": 0.4864415027824136,
    "ndcg_at_4": 0.4643519436832566,
    "ndcg_at_12": 0.5316142019819065,
    "ndcg_at_16": 0.5328642575554984,
    "ndcg_at_20": 0.535251105598798,
    "roc_auc_upset": 0.7455357142857143,
    "rank_mae_pred_vs_playoff_final_results": 6.666666507720947,
    "rank_rmse_pred_vs_playoff_final_results": 8.683317184448242,
    "rank_mae_eos_standings_vs_playoff_final_results": 3.1333333333333333,
    "rank_rmse_eos_standings_vs_playoff_final_results": 4.449719092257398,
    "playoff_metrics": {
      "spearman_pred_vs_playoff_final_results": 0.4896551724137932,
      "ndcg_at_4_final_four": 0.46433662668392073,
      "ndcg10_pred_vs_playoff_final_results": 0.4864266115222444,
      "brier_championship_odds": 0.03222232684493065,
      "rank_mae_pred_vs_playoff_final_results": 6.666666507720947,
      "rank_rmse_pred_vs_playoff_final_results": 8.683317184448242,
      "rank_mae_eos_standings_vs_playoff_final_results": 3.1333333333333333,
      "rank_rmse_eos_standings_vs_playoff_final_results": 4.449719092257398
    }
  },
  "test_metrics_model_a": {
    "ndcg": 0.4864415027824136,
    "spearman": 0.4967741935483871,
    "mrr_top2": 0.5,
    "mrr_top4": 0.5,
    "ndcg10": 0.4864415027824136,
    "ndcg_at_4": 0.4643519436832566,
    "ndcg_at_12": 0.5316142019819065,
    "ndcg_at_16": 0.5328642575554984,
    "ndcg_at_20": 0.535251105598798,
    "roc_auc_upset": 0.7455357142857143
  },
  "test_metrics_model_b": {
    "ndcg": 0.18100706776954195,
    "spearman": 0.6044493882091213,
    "mrr_top2": 0.16666666666666666,
    "mrr_top4": 0.16666666666666666,
    "ndcg10": 0.18100706776954195,
    "ndcg_at_4": 0.04166423104576856,
    "ndcg_at_12": 0.2263450400776668,
    "ndcg_at_16": 0.22636809375418504,
    "ndcg_at_20": 0.3792790428976563,
    "roc_auc_upset": 0.7911111111111111
  },
  "test_metrics_model_c": {
    "ndcg": 0.05124995751403931,
    "spearman": 0.30233592880978866,
    "mrr_top2": 0.06666666666666667,
    "mrr_top4": 0.2,
    "ndcg10": 0.05124995751403931,
    "ndcg_at_4": 0.00711064040423231,
    "ndcg_at_12": 0.056899138174850025,
    "ndcg_at_16": 0.17781540372208415,
    "ndcg_at_20": 0.18021312496782235,
    "roc_auc_upset": 0.8258928571428571
  },
  "test_metrics_by_conference": {
    "E": {
      "ndcg": 0.24599219504425307,
      "spearman": 0.22499999999999998
    },
    "W": {
      "ndcg": 0.7522133731904855,
      "spearman": 0.7071428571428571
    }
  },
  "by_season": {
    "2023-24": {
      "test_metrics_ensemble": {
        "ndcg": 0.40051272992057896,
        "spearman": 0.41935483870967744,
        "mrr_top2": 1.0,
        "mrr_top4": 1.0,
        "ndcg10": 0.40051272992057896,
        "ndcg_at_4": 0.35315119534797357,
        "ndcg_at_12": 0.5773677893120381,
        "ndcg_at_16": 0.577339679931125,
        "ndcg_at_20": 0.5779456998241433,
        "roc_auc_upset": 0.6832579185520362,
        "rank_mae_pred_vs_playoff_final_results": 7.133333206176758,
        "rank_rmse_pred_vs_playoff_final_results": 9.32737922668457,
        "rank_mae_eos_standings_vs_playoff_final_results": 3.7333333333333334,
        "rank_rmse_eos_standings_vs_playoff_final_results": 6.093712606722878,
        "playoff_metrics": {
          "spearman_pred_vs_playoff_final_results": 0.4522803114571746,
          "ndcg_at_4_final_four": 0.35315119534797357,
          "ndcg10_pred_vs_playoff_final_results": 0.4005179792198657,
          "brier_championship_odds": 0.03222232684493065,
          "rank_mae_pred_vs_playoff_final_results": 7.133333206176758,
          "rank_rmse_pred_vs_playoff_final_results": 9.32737922668457,
          "rank_mae_eos_standings_vs_playoff_final_results": 3.7333333333333334,
          "rank_rmse_eos_standings_vs_playoff_final_results": 6.093712606722878
        }
      },
      "test_metrics_model_a": {
        "ndcg": 0.40051272992057896,
        "spearman": 0.4220244716351501,
        "mrr_top2": 1.0,
        "mrr_top4": 1.0,
        "ndcg10": 0.40051272992057896,
        "ndcg_at_4": 0.35315119534797357,
        "ndcg_at_12": 0.5773677893120381,
        "ndcg_at_16": 0.5779507266151171,
        "ndcg_at_20": 0.5779577834966085,
        "roc_auc_upset": 0.6832579185520362
      },
      "test_metrics_model_b": {
        "ndcg": 0.8055200139870891,
        "spearman": 0.37664071190211346,
        "mrr_top2": 1.0,
        "mrr_top4": 1.0,
        "ndcg10": 0.8055200139870891,
        "ndcg_at_4": 0.705915834267812,
        "ndcg_at_12": 0.8053086189996771,
        "ndcg_at_16": 0.8053504518602052,
        "ndcg_at_20": 0.8470136776291677,
        "roc_auc_upset": 0.7870370370370371
      },
      "test_metrics_model_c": {
        "ndcg": 0.333487026575135,
        "spearman": 0.23515016685205786,
        "mrr_top2": 0.16666666666666666,
        "mrr_top4": 0.16666666666666666,
        "ndcg10": 0.333487026575135,
        "ndcg_at_4": 0.0011069724610271625,
        "ndcg_at_12": 0.33890731926775686,
        "ndcg_at_16": 0.35966393831396193,
        "ndcg_at_20": 0.3711507384927367,
        "roc_auc_upset": 0.7633928571428571
      },
      "test_metrics_by_conference": {
        "E": {
          "ndcg": 0.3695152910681767,
          "spearman": 0.2714285714285714
        },
        "W": {
          "ndcg": 0.9225294911076742,
          "spearman": 0.5535714285714285
        }
      },
      "notes": {
        "eos_rank_source": "eos_final_rank"
      }
    },
    "2024-25": {
      "test_metrics_ensemble": {
        "ndcg": 0.4864415027824136,
        "spearman": 0.4967741935483871,
        "mrr_top2": 0.5,
        "mrr_top4": 0.5,
        "ndcg10": 0.4864415027824136,
        "ndcg_at_4": 0.4643519436832566,
        "ndcg_at_12": 0.5316142019819065,
        "ndcg_at_16": 0.5328642575554984,
        "ndcg_at_20": 0.535251105598798,
        "roc_auc_upset": 0.7455357142857143,
        "rank_mae_pred_vs_playoff_final_results": 6.666666507720947,
        "rank_rmse_pred_vs_playoff_final_results": 8.683317184448242,
        "rank_mae_eos_standings_vs_playoff_final_results": 3.1333333333333333,
        "rank_rmse_eos_standings_vs_playoff_final_results": 4.449719092257398,
        "playoff_metrics": {
          "spearman_pred_vs_playoff_final_results": 0.4896551724137932,
          "ndcg_at_4_final_four": 0.46433662668392073,
          "ndcg10_pred_vs_playoff_final_results": 0.4864266115222444,
          "brier_championship_odds": 0.03222232684493065,
          "rank_mae_pred_vs_playoff_final_results": 6.666666507720947,
          "rank_rmse_pred_vs_playoff_final_results": 8.683317184448242,
          "rank_mae_eos_standings_vs_playoff_final_results": 3.1333333333333333,
          "rank_rmse_eos_standings_vs_playoff_final_results": 4.449719092257398
        }
      },
      "test_metrics_model_a": {
        "ndcg": 0.4864415027824136,
        "spearman": 0.4967741935483871,
        "mrr_top2": 0.5,
        "mrr_top4": 0.5,
        "ndcg10": 0.4864415027824136,
        "ndcg_at_4": 0.4643519436832566,
        "ndcg_at_12": 0.5316142019819065,