{
  "test_metrics_ensemble": {
    "ndcg": 0.40051272992057896,
    "spearman": 0.41935483870967744,
    "mrr_top2": 1.0,
    "mrr_top4": 1.0,
    "ndcg10": 0.40051272992057896,
    "ndcg_at_4": 0.35315119534797357,
    "ndcg_at_12": 0.5773677893120381,
    "ndcg_at_16": 0.577339679931125,
    "ndcg_at_20": 0.5779456998241433,
    "roc_auc_upset": 0.6832579185520362,
    "rank_mae_pred_vs_playoff_final_results": 7.133333206176758,
    "rank_rmse_pred_vs_playoff_final_results": 9.32737922668457,
    "rank_mae_eos_standings_vs_playoff_final_results": 3.7333333333333334,
    "rank_rmse_eos_standings_vs_playoff_final_results": 6.093712606722878,
    "playoff_metrics": {
      "spearman_pred_vs_playoff_final_results": 0.4522803114571746,
      "ndcg_at_4_final_four": 0.35315119534797357,
      "ndcg10_pred_vs_playoff_final_results": 0.4005179792198657,
      "brier_championship_odds": 0.03222232684493065,
      "rank_mae_pred_vs_playoff_final_results": 7.133333206176758,
      "rank_rmse_pred_vs_playoff_final_results": 9.32737922668457,
      "rank_mae_eos_standings_vs_playoff_final_results": 3.7333333333333334,
      "rank_rmse_eos_standings_vs_playoff_final_results": 6.093712606722878
    }
  },
  "test_metrics_model_a": {
    "ndcg": 0.40051272992057896,
    "spearman": 0.4220244716351501,
    "mrr_top2": 1.0,
    "mrr_top4": 1.0,
    "ndcg10": 0.40051272992057896,
    "ndcg_at_4": 0.35315119534797357,
    "ndcg_at_12": 0.5773677893120381,
    "ndcg_at_16": 0.5779507266151171,
    "ndcg_at_20": 0.5779577834966085,
    "roc_auc_upset": 0.6832579185520362
  },
  "test_metrics_model_b": {
    "ndcg": 0.8055200139870891,
    "spearman": 0.37664071190211346,
    "mrr_top2": 1.0,
    "mrr_top4": 1.0,
    "ndcg10": 0.8055200139870891,
    "ndcg_at_4": 0.705915834267812,
    "ndcg_at_12": 0.8053086189996771,
    "ndcg_at_16": 0.8053504518602052,
    "ndcg_at_20": 0.8470136776291677,
    "roc_auc_upset": 0.7870370370370371
  },
  "test_metrics_model_c": {
    "ndcg": 0.333487026575135,
    "spearman": 0.23515016685205786,
    "mrr_top2": 0.16666666666666666,
    "mrr_top4": 0.16666666666666666,
    "ndcg10": 0.333487026575135,
    "ndcg_at_4": 0.0011069724610271625,
    "ndcg_at_12": 0.33890731926775686,
    "ndcg_at_16": 0.35966393831396193,
    "ndcg_at_20": 0.3711507384927367,
    "roc_auc_upset": 0.7633928571428571
  },
  "test_metrics_by_conference": {
    "E": {
      "ndcg": 0.3695152910681767,
      "spearman": 0.2714285714285714
    },
    "W": {
      "ndcg": 0.9225294911076742,
      "spearman": 0.5535714285714285
    }
  },
  "notes": {
    "eos_rank_source": "eos_final_rank"
  }
}