{
  "test_metrics_ensemble": {
    "ndcg": 0.4864415027824136,
    "spearman": 0.4967741935483871,
    "mrr_top2": 0.5,
    "mrr_top4": 0.5,
    "ndcg10": 0.4864415027824136,
    "ndcg_at_4": 0.4643519436832566,
    "ndcg_at_12": 0.5316142019819065,
    "ndcg_at_16": 0.5328642575554984,
    "ndcg_at_20": 0.535251105598798,
    "roc_auc_upset": 0.7455357142857143,
    "rank_mae_pred_vs_playoff_final_results": 6.666666507720947,
    "rank_rmse_pred_vs_playoff_final_results": 8.683317184448242,
    "rank_mae_eos_standings_vs_playoff_final_results": 3.1333333333333333,
    "rank_rmse_eos_standings_vs_playoff_final_results": 4.449719092257398,
    "playoff_metrics": {
      "spearman_pred_vs_playoff_final_results": 0.4896551724137932,
      "ndcg_at_4_final_four": 0.46433662668392073,
      "ndcg10_pred_vs_playoff_final_results": 0.4864266115222444,
      "brier_championship_odds": 0.03222232684493065,
      "rank_mae_pred_vs_playoff_final_results": 6.666666507720947,
      "rank_rmse_pred_vs_playoff_final_results": 8.683317184448242,
      "rank_mae_eos_standings_vs_playoff_final_results": 3.1333333333333333,
      "rank_rmse_eos_standings_vs_playoff_final_results": 4.449719092257398
    }
  },
  "test_metrics_model_a": {
    "ndcg": 0.4864415027824136,
    "spearman": 0.4967741935483871,
    "mrr_top2": 0.5,
    "mrr_top4": 0.5,
    "ndcg10": 0.4864415027824136,
    "ndcg_at_4": 0.4643519436832566,
    "ndcg_at_12": 0.5316142019819065,
    "ndcg_at_16": 0.5328642575554984,
    "ndcg_at_20": 0.535251105598798,
    "roc_auc_upset": 0.7455357142857143
  },
  "test_metrics_model_b": {
    "ndcg": 0.18100706776954195,
    "spearman": 0.6044493882091213,
    "mrr_top2": 0.16666666666666666,
    "mrr_top4": 0.16666666666666666,
    "ndcg10": 0.18100706776954195,
    "ndcg_at_4": 0.04166423104576856,
    "ndcg_at_12": 0.2263450400776668,
    "ndcg_at_16": 0.22636809375418504,
    "ndcg_at_20": 0.3792790428976563,
    "roc_auc_upset": 0.7911111111111111
  },
  "test_metrics_model_c": {
    "ndcg": 0.05124995751403931,
    "spearman": 0.30233592880978866,
    "mrr_top2": 0.06666666666666667,
    "mrr_top4": 0.2,
    "ndcg10": 0.05124995751403931,
    "ndcg_at_4": 0.00711064040423231,
    "ndcg_at_12": 0.056899138174850025,
    "ndcg_at_16": 0.17781540372208415,
    "ndcg_at_20": 0.18021312496782235,
    "roc_auc_upset": 0.8258928571428571
  },
  "test_metrics_by_conference": {
    "E": {
      "ndcg": 0.24599219504425307,
      "spearman": 0.22499999999999998
    },
    "W": {
      "ndcg": 0.7522133731904855,
      "spearman": 0.7071428571428571
    }
  },
  "notes": {
    "eos_rank_source": "eos_final_rank"
  }
}