{
  "notes": {
    "eval_on": "test",
    "eos_rank_source": "eos_final_rank",
    "upset_definition": "sleeper = EOS_global_rank > predicted_strength",
    "mrr_top2": "1/rank of first team in top 2 (champion+runner-up) in predicted order.",
    "mrr_top4": "1/rank of first team in top 4 (conference finals) in predicted order.",
    "per_conference_relevance": "Within E/W: actual rank derived from EOS_global_rank (1=best in conf); NDCG/Spearman use this relevance.",
    "playoff_metrics": "Spearman (pred global vs playoff_final_results), NDCG@4 (final four), Brier (champion vs odds). rank_mae/rank_rmse: pred vs playoff_final_results; eos_standings vs playoff_final_results (baseline)."
  },
  "split_info": {
    "train_frac": 0.75,
    "n_train_dates": 141,
    "n_test_dates": 36,
    "split_mode": "seasons"
  },
  "test_metrics_ensemble": {
    "ndcg": 0.49205232051312586,
    "spearman": 0.4634037819799778,
    "mrr_top2": 0.5,
    "mrr_top4": 0.5,
    "ndcg10": 0.49205232051312586,
    "ndcg_at_4": 0.5000971133624064,
    "ndcg_at_12": 0.5361631395048128,
    "ndcg_at_16": 0.5361442351808849,
    "ndcg_at_20": 0.5397070959673601,
    "roc_auc_upset": 0.7633928571428572,
    "rank_mae_pred_vs_playoff_final_results": 6.933333396911621,
    "rank_rmse_pred_vs_playoff_final_results": 8.966605186462402,
    "rank_mae_eos_standings_vs_playoff_final_results": 3.1333333333333333,
    "rank_rmse_eos_standings_vs_playoff_final_results": 4.449719092257398,
    "playoff_metrics": {
      "spearman_pred_vs_playoff_final_results": 0.4642936596218019,
      "ndcg_at_4_final_four": 0.5000817963630705,
      "ndcg10_pred_vs_playoff_final_results": 0.4920368887760873,
      "brier_championship_odds": 0.03222232684493065,
      "rank_mae_pred_vs_playoff_final_results": 6.933333396911621,
      "rank_rmse_pred_vs_playoff_final_results": 8.966605186462402,
      "rank_mae_eos_standings_vs_playoff_final_results": 3.1333333333333333,
      "rank_rmse_eos_standings_vs_playoff_final_results": 4.449719092257398
    }
  },
  "test_metrics_model_a": {
    "ndcg": 0.49205232051312586,
    "spearman": 0.4634037819799778,
    "mrr_top2": 0.5,
    "mrr_top4": 0.5,
    "ndcg10": 0.49205232051312586,
    "ndcg_at_4": 0.5000971133624064,
    "ndcg_at_12": 0.5361631395048128,
    "ndcg_at_16": 0.5361442351808849,
    "ndcg_at_20": 0.5397070959673601,
    "roc_auc_upset": 0.7633928571428572
  },
  "test_metrics_model_b": {
    "ndcg": 0.21870791703700113,
    "spearman": 0.6516129032258065,
    "mrr_top2": 0.2,
    "mrr_top4": 0.2,
    "ndcg10": 0.21870791703700113,
    "ndcg_at_4": 0.04166423104576856,
    "ndcg_at_12": 0.2406820257965805,
    "ndcg_at_16": 0.41131589957744147,
    "ndcg_at_20": 0.41131475004025375,
    "roc_auc_upset": 0.75
  },
  "test_metrics_model_c": {
    "ndcg": 0.05304264223120525,
    "spearman": 0.31568409343715237,
    "mrr_top2": 0.06666666666666667,
    "mrr_top4": 0.2,
    "ndcg10": 0.05304264223120525,
    "ndcg_at_4": 0.0072603807417201014,
    "ndcg_at_12": 0.058691352012581785,
    "ndcg_at_16": 0.17960748008632796,
    "ndcg_at_20": 0.18200519345011773,
    "roc_auc_upset": 0.8169642857142857
  },
  "test_metrics_by_conference": {
    "E": {
      "ndcg": 0.23974617234953713,
      "spearman": 0.17857142857142855
    },
    "W": {
      "ndcg": 0.7723141400583361,
      "spearman": 0.657142857142857
    }
  },
  "by_season": {
    "2023-24": {
      "test_metrics_ensemble": {
        "ndcg": 0.594589186246978,
        "spearman": 0.3864293659621802,
        "mrr_top2": 1.0,
        "mrr_top4": 1.0,
        "ndcg10": 0.594589186246978,
        "ndcg_at_4": 0.35315119534797357,
        "ndcg_at_12": 0.5944813941913403,
        "ndcg_at_16": 0.5957360475891427,
        "ndcg_at_20": 0.59631114176364,
        "roc_auc_upset": 0.7685185185185185,
        "rank_mae_pred_vs_playoff_final_results": 7.733333110809326,
        "rank_rmse_pred_vs_playoff_final_results": 9.588187217712402,
        "rank_mae_eos_standings_vs_playoff_final_results": 3.7333333333333334,
        "rank_rmse_eos_standings_vs_playoff_final_results": 6.093712606722878,
        "playoff_metrics": {
          "spearman_pred_vs_playoff_final_results": 0.4545050055617353,
          "ndcg_at_4_final_four": 0.35315119534797357,
          "ndcg10_pred_vs_playoff_final_results": 0.5945947217433867,
          "brier_championship_odds": 0.03222232684493065,
          "rank_mae_pred_vs_playoff_final_results": 7.733333110809326,
          "rank_rmse_pred_vs_playoff_final_results": 9.588187217712402,
          "rank_mae_eos_standings_vs_playoff_final_results": 3.7333333333333334,
          "rank_rmse_eos_standings_vs_playoff_final_results": 6.093712606722878
        }
      },
      "test_metrics_model_a": {
        "ndcg": 0.40681140170533475,
        "spearman": 0.3757508342602892,
        "mrr_top2": 1.0,
        "mrr_top4": 1.0,
        "ndcg10": 0.40681140170533475,
        "ndcg_at_4": 0.35315119534797357,
        "ndcg_at_12": 0.5822547175878781,
        "ndcg_at_16": 0.5835103088446812,
        "ndcg_at_20": 0.584085456790683,
        "roc_auc_upset": 0.7777777777777778
      },
      "test_metrics_model_b": {
        "ndcg": 0.8062814887710054,
        "spearman": 0.40111234705228027,
        "mrr_top2": 1.0,
        "mrr_top4": 1.0,
        "ndcg10": 0.8062814887710054,
        "ndcg_at_4": 0.7116242168324007,
        "ndcg_at_12": 0.8061775389575584,
        "ndcg_at_16": 0.8061190738706471,
        "ndcg_at_20": 0.8484707310838816,
        "roc_auc_upset": 0.7410714285714286
      },
      "test_metrics_model_c": {
        "ndcg": 0.33348743391404295,
        "spearman": 0.22847608453837595,
        "mrr_top2": 0.16666666666666666,
        "mrr_top4": 0.16666666666666666,
        "ndcg10": 0.33348743391404295,
        "ndcg_at_4": 0.001111095381373398,
        "ndcg_at_12": 0.3389077264996702,
        "ndcg_at_16": 0.3596643455146382,
        "ndcg_at_20": 0.3699901174713633,
        "roc_auc_upset": 0.7678571428571429
      },
      "test_metrics_by_conference": {
        "E": {
          "ndcg": 0.3847269091736578,
          "spearman": 0.24642857142857136
        },
        "W": {
          "ndcg": 0.9416899336630059,
          "spearman": 0.532142857142857
        }
      },
      "notes": {
        "eos_rank_source": "eos_final_rank"
      }
    },
    "2024-25": {
      "test_metrics_ensemble": {
        "ndcg": 0.49205232051312586,
        "spearman": 0.4634037819799778,
        "mrr_top2": 0.5,
        "mrr_top4": 0.5,
        "ndcg10": 0.49205232051312586,
        "ndcg_at_4": 0.5000971133624064,
        "ndcg_at_12": 0.5361631395048128,
        "ndcg_at_16": 0.5361442351808849,
        "ndcg_at_20": 0.5397070959673601,
        "roc_auc_upset": 0.7633928571428572,
        "rank_mae_pred_vs_playoff_final_results": 6.933333396911621,
        "rank_rmse_pred_vs_playoff_final_results": 8.966605186462402,
        "rank_mae_eos_standings_vs_playoff_final_results": 3.1333333333333333,
        "rank_rmse_eos_standings_vs_playoff_final_results": 4.449719092257398,
        "playoff_metrics": {
          "spearman_pred_vs_playoff_final_results": 0.4642936596218019,
          "ndcg_at_4_final_four": 0.5000817963630705,
          "ndcg10_pred_vs_playoff_final_results": 0.4920368887760873,
          "brier_championship_odds": 0.03222232684493065,
          "rank_mae_pred_vs_playoff_final_results": 6.933333396911621,
          "rank_rmse_pred_vs_playoff_final_results": 8.966605186462402,
          "rank_mae_eos_standings_vs_playoff_final_results": 3.1333333333333333,
          "rank_rmse_eos_standings_vs_playoff_final_results": 4.449719092257398
        }
      },
      "test_metrics_model_a": {
        "ndcg": 0.49205232051312586,
        "spearman": 0.4634037819799778,
        "mrr_top2": 0.5,
        "mrr_top4": 0.5,
        "ndcg10": 0.49205232051312586,
        "ndcg_at_4": 0.5000971133624064,
        "ndcg_at_12": 0.5361631395048128,
        "ndcg_at_16": 0.5361442351808849,