{
  "test_metrics_ensemble": {
    "ndcg": 0.49205232051312586,
    "spearman": 0.4634037819799778,
    "mrr_top2": 0.5,
    "mrr_top4": 0.5,
    "ndcg10": 0.49205232051312586,
    "ndcg_at_4": 0.5000971133624064,
    "ndcg_at_12": 0.5361631395048128,
    "ndcg_at_16": 0.5361442351808849,
    "ndcg_at_20": 0.5397070959673601,
    "roc_auc_upset": 0.7633928571428572,
    "rank_mae_pred_vs_playoff_final_results": 6.933333396911621,
    "rank_rmse_pred_vs_playoff_final_results": 8.966605186462402,
    "rank_mae_eos_standings_vs_playoff_final_results": 3.1333333333333333,
    "rank_rmse_eos_standings_vs_playoff_final_results": 4.449719092257398,
    "playoff_metrics": {
      "spearman_pred_vs_playoff_final_results": 0.4642936596218019,
      "ndcg_at_4_final_four": 0.5000817963630705,
      "ndcg10_pred_vs_playoff_final_results": 0.4920368887760873,
      "brier_championship_odds": 0.03222232684493065,
      "rank_mae_pred_vs_playoff_final_results": 6.933333396911621,
      "rank_rmse_pred_vs_playoff_final_results": 8.966605186462402,
      "rank_mae_eos_standings_vs_playoff_final_results": 3.1333333333333333,
      "rank_rmse_eos_standings_vs_playoff_final_results": 4.449719092257398
    }
  },
  "test_metrics_model_a": {
    "ndcg": 0.49205232051312586,
    "spearman": 0.4634037819799778,
    "mrr_top2": 0.5,
    "mrr_top4": 0.5,
    "ndcg10": 0.49205232051312586,
    "ndcg_at_4": 0.5000971133624064,
    "ndcg_at_12": 0.5361631395048128,
    "ndcg_at_16": 0.5361442351808849,
    "ndcg_at_20": 0.5397070959673601,
    "roc_auc_upset": 0.7633928571428572
  },
  "test_metrics_model_b": {
    "ndcg": 0.21870791703700113,
    "spearman": 0.6516129032258065,
    "mrr_top2": 0.2,
    "mrr_top4": 0.2,
    "ndcg10": 0.21870791703700113,
    "ndcg_at_4": 0.04166423104576856,
    "ndcg_at_12": 0.2406820257965805,
    "ndcg_at_16": 0.41131589957744147,
    "ndcg_at_20": 0.41131475004025375,
    "roc_auc_upset": 0.75
  },
  "test_metrics_model_c": {
    "ndcg": 0.05304264223120525,
    "spearman": 0.31568409343715237,
    "mrr_top2": 0.06666666666666667,
    "mrr_top4": 0.2,
    "ndcg10": 0.05304264223120525,
    "ndcg_at_4": 0.0072603807417201014,
    "ndcg_at_12": 0.058691352012581785,
    "ndcg_at_16": 0.17960748008632796,
    "ndcg_at_20": 0.18200519345011773,
    "roc_auc_upset": 0.8169642857142857
  },
  "test_metrics_by_conference": {
    "E": {
      "ndcg": 0.23974617234953713,
      "spearman": 0.17857142857142855
    },
    "W": {
      "ndcg": 0.7723141400583361,
      "spearman": 0.657142857142857
    }
  },
  "notes": {
    "eos_rank_source": "eos_final_rank"
  }
}