{
  "notes": {
    "eval_on": "test",
    "eos_rank_source": "eos_final_rank",
    "upset_definition": "sleeper = EOS_global_rank > predicted_strength",
    "mrr_top2": "1/rank of first team in top 2 (champion+runner-up) in predicted order.",
    "mrr_top4": "1/rank of first team in top 4 (conference finals) in predicted order.",
    "per_conference_relevance": "Within E/W: actual rank derived from EOS_global_rank (1=best in conf); NDCG/Spearman use this relevance.",
    "playoff_metrics": "Spearman (pred global vs playoff_final_results), NDCG@4 (final four), Brier (champion vs odds). rank_mae/rank_rmse: pred vs playoff_final_results; eos_standings vs playoff_final_results (baseline)."
  },
  "split_info": {
    "train_frac": 0.75,
    "n_train_dates": 141,
    "n_test_dates": 36,
    "split_mode": "seasons"
  },
  "test_metrics_ensemble": {
    "ndcg": 0.4837675576892709,
    "spearman": 0.44249165739710794,
    "mrr_top2": 0.5,
    "mrr_top4": 0.5,
    "ndcg10": 0.4837675576892709,
    "ndcg_at_4": 0.4643519436832566,
    "ndcg_at_12": 0.5275273393324527,
    "ndcg_at_16": 0.528749619496192,
    "ndcg_at_20": 0.5287518201440009,
    "roc_auc_upset": 0.7737556561085973,
    "rank_mae_pred_vs_playoff_final_results": 7.133333206176758,
    "rank_rmse_pred_vs_playoff_final_results": 9.139657020568848,
    "rank_mae_eos_standings_vs_playoff_final_results": 3.1333333333333333,
    "rank_rmse_eos_standings_vs_playoff_final_results": 4.449719092257398,
    "playoff_metrics": {
      "spearman_pred_vs_playoff_final_results": 0.4407119021134594,
      "ndcg_at_4_final_four": 0.46433662668392073,
      "ndcg10_pred_vs_playoff_final_results": 0.4837526633199766,
      "brier_championship_odds": 0.03222232684493065,
      "rank_mae_pred_vs_playoff_final_results": 7.133333206176758,
      "rank_rmse_pred_vs_playoff_final_results": 9.139657020568848,
      "rank_mae_eos_standings_vs_playoff_final_results": 3.1333333333333333,
      "rank_rmse_eos_standings_vs_playoff_final_results": 4.449719092257398
    }
  },
  "test_metrics_model_a": {
    "ndcg": 0.4837675576892709,
    "spearman": 0.44249165739710794,
    "mrr_top2": 0.5,
    "mrr_top4": 0.5,
    "ndcg10": 0.4837675576892709,
    "ndcg_at_4": 0.4643519436832566,
    "ndcg_at_12": 0.5275273393324527,
    "ndcg_at_16": 0.528749619496192,
    "ndcg_at_20": 0.5287518201440009,
    "roc_auc_upset": 0.7737556561085973
  },
  "test_metrics_model_b": {
    "ndcg": 0.19710003553644426,
    "spearman": 0.560845383759733,
    "mrr_top2": 0.14285714285714285,
    "mrr_top4": 0.14285714285714285,
    "ndcg10": 0.19710003553644426,
    "ndcg_at_4": 0.04166423104576856,
    "ndcg_at_12": 0.19714745406490428,
    "ndcg_at_16": 0.21849784042463424,
    "ndcg_at_20": 0.36878649354883536,
    "roc_auc_upset": 0.8054298642533936
  },
  "test_metrics_model_c": {
    "ndcg": 0.05139534647930671,
    "spearman": 0.30233592880978866,
    "mrr_top2": 0.06666666666666667,
    "mrr_top4": 0.2,
    "ndcg10": 0.05139534647930671,
    "ndcg_at_4": 0.0072603807417201014,
    "ndcg_at_12": 0.05704448895120833,
    "ndcg_at_16": 0.1779607433491712,
    "ndcg_at_20": 0.18035846395567354,
    "roc_auc_upset": 0.8258928571428571
  },
  "test_metrics_by_conference": {
    "E": {
      "ndcg": 0.24502219013247936,
      "spearman": 0.19999999999999998
    },
    "W": {
      "ndcg": 0.7728975634578972,
      "spearman": 0.6714285714285713
    }
  },
  "by_season": {
    "2023-24": {
      "test_metrics_ensemble": {
        "ndcg": 0.548555748205931,
        "spearman": 0.3842046718576196,
        "mrr_top2": 1.0,
        "mrr_top4": 1.0,
        "ndcg10": 0.548555748205931,
        "ndcg_at_4": 0.35315119534797357,
        "ndcg_at_12": 0.5937168195795904,
        "ndcg_at_16": 0.5949714747938458,
        "ndcg_at_20": 0.5955558610342369,
        "roc_auc_upset": 0.7782805429864252,
        "rank_mae_pred_vs_playoff_final_results": 7.5333333015441895,
        "rank_rmse_pred_vs_playoff_final_results": 9.605554580688477,
        "rank_mae_eos_standings_vs_playoff_final_results": 3.7333333333333334,
        "rank_rmse_eos_standings_vs_playoff_final_results": 6.093712606722878,
        "playoff_metrics": {
          "spearman_pred_vs_playoff_final_results": 0.41090100111234706,
          "ndcg_at_4_final_four": 0.35315119534797357,
          "ndcg10_pred_vs_playoff_final_results": 0.5485616379761847,
          "brier_championship_odds": 0.03222232684493065,
          "rank_mae_pred_vs_playoff_final_results": 7.5333333015441895,
          "rank_rmse_pred_vs_playoff_final_results": 9.605554580688477,
          "rank_mae_eos_standings_vs_playoff_final_results": 3.7333333333333334,
          "rank_rmse_eos_standings_vs_playoff_final_results": 6.093712606722878
        }
      },
      "test_metrics_model_a": {
        "ndcg": 0.548555748205931,
        "spearman": 0.3810901001112347,
        "mrr_top2": 1.0,
        "mrr_top4": 1.0,
        "ndcg10": 0.548555748205931,
        "ndcg_at_4": 0.35315119534797357,
        "ndcg_at_12": 0.5937168195795904,
        "ndcg_at_16": 0.5949714747938458,
        "ndcg_at_20": 0.5955558610342369,
        "roc_auc_upset": 0.7782805429864252
      },
      "test_metrics_model_b": {
        "ndcg": 0.8052810312677013,
        "spearman": 0.4295884315906563,
        "mrr_top2": 1.0,
        "mrr_top4": 1.0,
        "ndcg10": 0.8052810312677013,
        "ndcg_at_4": 0.7261751187226982,
        "ndcg_at_12": 0.80509179649657,
        "ndcg_at_16": 0.810080315351808,
        "ndcg_at_20": 0.8476490964434109,
        "roc_auc_upset": 0.8125
      },
      "test_metrics_model_c": {
        "ndcg": 0.33348743391404295,
        "spearman": 0.22847608453837595,
        "mrr_top2": 0.16666666666666666,
        "mrr_top4": 0.16666666666666666,
        "ndcg10": 0.33348743391404295,
        "ndcg_at_4": 0.001111095381373398,
        "ndcg_at_12": 0.3389077264996702,
        "ndcg_at_16": 0.3596643455146382,
        "ndcg_at_20": 0.3699901174713633,
        "roc_auc_upset": 0.7678571428571429
      },
      "test_metrics_by_conference": {
        "E": {
          "ndcg": 0.38465527253246934,
          "spearman": 0.2321428571428571
        },
        "W": {
          "ndcg": 0.9213634793498956,
          "spearman": 0.5714285714285713
        }
      },
      "notes": {
        "eos_rank_source": "eos_final_rank"
      }
    },
    "2024-25": {
      "test_metrics_ensemble": {
        "ndcg": 0.4837675576892709,
        "spearman": 0.44249165739710794,
        "mrr_top2": 0.5,
        "mrr_top4": 0.5,
        "ndcg10": 0.4837675576892709,
        "ndcg_at_4": 0.4643519436832566,
        "ndcg_at_12": 0.5275273393324527,
        "ndcg_at_16": 0.528749619496192,
        "ndcg_at_20": 0.5287518201440009,
        "roc_auc_upset": 0.7737556561085973,
        "rank_mae_pred_vs_playoff_final_results": 7.133333206176758,
        "rank_rmse_pred_vs_playoff_final_results": 9.139657020568848,
        "rank_mae_eos_standings_vs_playoff_final_results": 3.1333333333333333,
        "rank_rmse_eos_standings_vs_playoff_final_results": 4.449719092257398,
        "playoff_metrics": {
          "spearman_pred_vs_playoff_final_results": 0.4407119021134594,
          "ndcg_at_4_final_four": 0.46433662668392073,
          "ndcg10_pred_vs_playoff_final_results": 0.4837526633199766,
          "brier_championship_odds": 0.03222232684493065,
          "rank_mae_pred_vs_playoff_final_results": 7.133333206176758,
          "rank_rmse_pred_vs_playoff_final_results": 9.139657020568848,
          "rank_mae_eos_standings_vs_playoff_final_results": 3.1333333333333333,
          "rank_rmse_eos_standings_vs_playoff_final_results": 4.449719092257398
        }
      },
      "test_metrics_model_a": {
        "ndcg": 0.4837675576892709,
        "spearman": 0.44249165739710794,
        "mrr_top2": 0.5,
        "mrr_top4": 0.5,
        "ndcg10": 0.4837675576892709,
        "ndcg_at_4": 0.4643519436832566,
        "ndcg_at_12": 0.5275273393324527,