{
  "test_metrics_ensemble": {
    "ndcg": 0.548555748205931,
    "spearman": 0.3842046718576196,
    "mrr_top2": 1.0,
    "mrr_top4": 1.0,
    "ndcg10": 0.548555748205931,
    "ndcg_at_4": 0.35315119534797357,
    "ndcg_at_12": 0.5937168195795904,
    "ndcg_at_16": 0.5949714747938458,
    "ndcg_at_20": 0.5955558610342369,
    "roc_auc_upset": 0.7782805429864252,
    "rank_mae_pred_vs_playoff_final_results": 7.5333333015441895,
    "rank_rmse_pred_vs_playoff_final_results": 9.605554580688477,
    "rank_mae_eos_standings_vs_playoff_final_results": 3.7333333333333334,
    "rank_rmse_eos_standings_vs_playoff_final_results": 6.093712606722878,
    "playoff_metrics": {
      "spearman_pred_vs_playoff_final_results": 0.41090100111234706,
      "ndcg_at_4_final_four": 0.35315119534797357,
      "ndcg10_pred_vs_playoff_final_results": 0.5485616379761847,
      "brier_championship_odds": 0.03222232684493065,
      "rank_mae_pred_vs_playoff_final_results": 7.5333333015441895,
      "rank_rmse_pred_vs_playoff_final_results": 9.605554580688477,
      "rank_mae_eos_standings_vs_playoff_final_results": 3.7333333333333334,
      "rank_rmse_eos_standings_vs_playoff_final_results": 6.093712606722878
    }
  },
  "test_metrics_model_a": {
    "ndcg": 0.548555748205931,
    "spearman": 0.3810901001112347,
    "mrr_top2": 1.0,
    "mrr_top4": 1.0,
    "ndcg10": 0.548555748205931,
    "ndcg_at_4": 0.35315119534797357,
    "ndcg_at_12": 0.5937168195795904,
    "ndcg_at_16": 0.5949714747938458,
    "ndcg_at_20": 0.5955558610342369,
    "roc_auc_upset": 0.7782805429864252
  },
  "test_metrics_model_b": {
    "ndcg": 0.8052810312677013,
    "spearman": 0.4295884315906563,
    "mrr_top2": 1.0,
    "mrr_top4": 1.0,
    "ndcg10": 0.8052810312677013,
    "ndcg_at_4": 0.7261751187226982,
    "ndcg_at_12": 0.80509179649657,
    "ndcg_at_16": 0.810080315351808,
    "ndcg_at_20": 0.8476490964434109,
    "roc_auc_upset": 0.8125
  },
  "test_metrics_model_c": {
    "ndcg": 0.33348743391404295,
    "spearman": 0.22847608453837595,
    "mrr_top2": 0.16666666666666666,
    "mrr_top4": 0.16666666666666666,
    "ndcg10": 0.33348743391404295,
    "ndcg_at_4": 0.001111095381373398,
    "ndcg_at_12": 0.3389077264996702,
    "ndcg_at_16": 0.3596643455146382,
    "ndcg_at_20": 0.3699901174713633,
    "roc_auc_upset": 0.7678571428571429
  },
  "test_metrics_by_conference": {
    "E": {
      "ndcg": 0.38465527253246934,
      "spearman": 0.2321428571428571
    },
    "W": {
      "ndcg": 0.9213634793498956,
      "spearman": 0.5714285714285713
    }
  },
  "notes": {
    "eos_rank_source": "eos_final_rank"
  }
}