{
  "notes": {
    "eval_on": "test",
    "eos_rank_source": "eos_final_rank",
    "upset_definition": "sleeper = EOS_global_rank > predicted_strength",
    "mrr_top2": "1/rank of first team in top 2 (champion+runner-up) in predicted order.",
    "mrr_top4": "1/rank of first team in top 4 (conference finals) in predicted order.",
    "per_conference_relevance": "Within E/W: actual rank derived from EOS_global_rank (1=best in conf); NDCG/Spearman use this relevance.",
    "playoff_metrics": "Spearman (pred global vs playoff_final_results), NDCG@4 (final four), Brier (champion vs odds). rank_mae/rank_rmse: pred vs playoff_final_results; eos_standings vs playoff_final_results (baseline)."
  },
  "split_info": {
    "train_frac": 0.75,
    "n_train_dates": 141,
    "n_test_dates": 36,
    "split_mode": "seasons"
  },
  "test_metrics_ensemble": {
    "ndcg": 0.4770786958382493,
    "spearman": 0.46562847608453833,
    "mrr_top2": 0.5,
    "mrr_top4": 0.5,
    "ndcg10": 0.4770786958382493,
    "ndcg_at_4": 0.4643944167678145,
    "ndcg_at_12": 0.5277389547669045,
    "ndcg_at_16": 0.5277206701247893,
    "ndcg_at_20": 0.531288072111314,
    "roc_auc_upset": 0.8044444444444445,
    "rank_mae_pred_vs_playoff_final_results": 7.199999809265137,
    "rank_rmse_pred_vs_playoff_final_results": 8.947998046875,
    "rank_mae_eos_standings_vs_playoff_final_results": 3.1333333333333333,
    "rank_rmse_eos_standings_vs_playoff_final_results": 4.449719092257398,
    "playoff_metrics": {
      "spearman_pred_vs_playoff_final_results": 0.4771968854282535,
      "ndcg_at_4_final_four": 0.4643812234227066,
      "ndcg10_pred_vs_playoff_final_results": 0.47706532915233474,
      "brier_championship_odds": 0.03222232684493065,
      "rank_mae_pred_vs_playoff_final_results": 7.199999809265137,
      "rank_rmse_pred_vs_playoff_final_results": 8.947998046875,
      "rank_mae_eos_standings_vs_playoff_final_results": 3.1333333333333333,
      "rank_rmse_eos_standings_vs_playoff_final_results": 4.449719092257398
    }
  },
  "test_metrics_model_a": {
    "ndcg": 0.4770786958382493,
    "spearman": 0.4616240266963292,
    "mrr_top2": 0.5,
    "mrr_top4": 0.5,
    "ndcg10": 0.4770786958382493,
    "ndcg_at_4": 0.4643944167678145,
    "ndcg_at_12": 0.5277389547669045,
    "ndcg_at_16": 0.5277206701247893,
    "ndcg_at_20": 0.5312505132672833,
    "roc_auc_upset": 0.8044444444444445
  },
  "test_metrics_model_b": {
    "ndcg": 0.17990396494657288,
    "spearman": 0.539043381535039,
    "mrr_top2": 0.25,
    "mrr_top4": 0.25,
    "ndcg10": 0.17990396494657288,
    "ndcg_at_4": 0.16775742802418675,
    "ndcg_at_12": 0.22515651446197193,
    "ndcg_at_16": 0.24556194509538387,
    "ndcg_at_20": 0.39344179994071,
    "roc_auc_upset": 0.7511111111111111
  },
  "test_metrics_model_c": {
    "ndcg": 0.05124995751403931,
    "spearman": 0.303670745272525,
    "mrr_top2": 0.06666666666666667,
    "mrr_top4": 0.2,
    "ndcg10": 0.05124995751403931,
    "ndcg_at_4": 0.00711064040423231,
    "ndcg_at_12": 0.056899138174850025,
    "ndcg_at_16": 0.17781540372208415,
    "ndcg_at_20": 0.18021312496782235,
    "roc_auc_upset": 0.8258928571428571
  },
  "test_metrics_by_conference": {
    "E": {
      "ndcg": 0.2645021791681749,
      "spearman": 0.23571428571428568
    },
    "W": {
      "ndcg": 0.7524991469189859,
      "spearman": 0.6714285714285713
    }
  },
  "by_season": {
    "2023-24": {
      "test_metrics_ensemble": {
        "ndcg": 0.4002805020340969,
        "spearman": 0.37486095661846497,
        "mrr_top2": 1.0,
        "mrr_top4": 1.0,
        "ndcg10": 0.4002805020340969,
        "ndcg_at_4": 0.35315119534797357,
        "ndcg_at_12": 0.5813799267434743,
        "ndcg_at_16": 0.5832260209790554,
        "ndcg_at_20": 0.5832235121459202,
        "roc_auc_upset": 0.7963800904977376,
        "rank_mae_pred_vs_playoff_final_results": 7.800000190734863,
        "rank_rmse_pred_vs_playoff_final_results": 9.678153991699219,
        "rank_mae_eos_standings_vs_playoff_final_results": 3.7333333333333334,
        "rank_rmse_eos_standings_vs_playoff_final_results": 6.093712606722878,
        "playoff_metrics": {
          "spearman_pred_vs_playoff_final_results": 0.44471635150166855,
          "ndcg_at_4_final_four": 0.35315119534797357,
          "ndcg10_pred_vs_playoff_final_results": 0.40028575133338357,
          "brier_championship_odds": 0.03222232684493065,
          "rank_mae_pred_vs_playoff_final_results": 7.800000190734863,
          "rank_rmse_pred_vs_playoff_final_results": 9.678153991699219,
          "rank_mae_eos_standings_vs_playoff_final_results": 3.7333333333333334,
          "rank_rmse_eos_standings_vs_playoff_final_results": 6.093712606722878
        }
      },
      "test_metrics_model_a": {
        "ndcg": 0.40305175208047683,
        "spearman": 0.37886540600667407,
        "mrr_top2": 1.0,
        "mrr_top4": 1.0,
        "ndcg10": 0.40305175208047683,
        "ndcg_at_4": 0.3560053866302678,
        "ndcg_at_12": 0.5841504488734275,
        "ndcg_at_16": 0.585996330593441,
        "ndcg_at_20": 0.5859938095758712,
        "roc_auc_upset": 0.7731481481481481
      },
      "test_metrics_model_b": {
        "ndcg": 0.818500321620072,
        "spearman": 0.3984427141268076,
        "mrr_top2": 1.0,
        "mrr_top4": 1.0,
        "ndcg10": 0.818500321620072,
        "ndcg_at_4": 0.729074614628521,
        "ndcg_at_12": 0.818307448128337,
        "ndcg_at_16": 0.818330674325478,
        "ndcg_at_20": 0.8231994111724296,
        "roc_auc_upset": 0.8214285714285714
      },
      "test_metrics_model_c": {
        "ndcg": 0.3335099094849099,
        "spearman": 0.23559510567296996,
        "mrr_top2": 0.16666666666666666,
        "mrr_top4": 0.16666666666666666,
        "ndcg10": 0.3335099094849099,
        "ndcg_at_4": 0.0011069724610271625,
        "ndcg_at_12": 0.3389081203242068,
        "ndcg_at_16": 0.3596647393089661,
        "ndcg_at_20": 0.3700007332224158,
        "roc_auc_upset": 0.7633928571428571
      },
      "test_metrics_by_conference": {
        "E": {
          "ndcg": 0.38376048546002806,
          "spearman": 0.2607142857142857
        },
        "W": {
          "ndcg": 0.919205371425252,
          "spearman": 0.4428571428571427
        }
      },
      "notes": {
        "eos_rank_source": "eos_final_rank"
      }
    },
    "2024-25": {
      "test_metrics_ensemble": {
        "ndcg": 0.4770786958382493,
        "spearman": 0.46562847608453833,
        "mrr_top2": 0.5,
        "mrr_top4": 0.5,
        "ndcg10": 0.4770786958382493,
        "ndcg_at_4": 0.4643944167678145,
        "ndcg_at_12": 0.5277389547669045,
        "ndcg_at_16": 0.5277206701247893,
        "ndcg_at_20": 0.531288072111314,
        "roc_auc_upset": 0.8044444444444445,
        "rank_mae_pred_vs_playoff_final_results": 7.199999809265137,
        "rank_rmse_pred_vs_playoff_final_results": 8.947998046875,
        "rank_mae_eos_standings_vs_playoff_final_results": 3.1333333333333333,
        "rank_rmse_eos_standings_vs_playoff_final_results": 4.449719092257398,
        "playoff_metrics": {
          "spearman_pred_vs_playoff_final_results": 0.4771968854282535,
          "ndcg_at_4_final_four": 0.4643812234227066,
          "ndcg10_pred_vs_playoff_final_results": 0.47706532915233474,
          "brier_championship_odds": 0.03222232684493065,
          "rank_mae_pred_vs_playoff_final_results": 7.199999809265137,
          "rank_rmse_pred_vs_playoff_final_results": 8.947998046875,
          "rank_mae_eos_standings_vs_playoff_final_results": 3.1333333333333333,
          "rank_rmse_eos_standings_vs_playoff_final_results": 4.449719092257398
        }
      },
      "test_metrics_model_a": {
        "ndcg": 0.4770786958382493,
        "spearman": 0.4616240266963292,
        "mrr_top2": 0.5,
        "mrr_top4": 0.5,
        "ndcg10": 0.4770786958382493,
        "ndcg_at_4": 0.4643944167678145,
        "ndcg_at_12": 0.5277389547669045,
        "ndcg_at_16": 0.5277206701247893,