{
  "notes": {
    "eval_on": "test",
    "eos_rank_source": "eos_final_rank",
    "upset_definition": "sleeper = EOS_global_rank > predicted_strength",
    "mrr_top2": "1/rank of first team in top 2 (champion+runner-up) in predicted order.",
    "mrr_top4": "1/rank of first team in top 4 (conference finals) in predicted order.",
    "per_conference_relevance": "Within E/W: actual rank derived from EOS_global_rank (1=best in conf); NDCG/Spearman use this relevance.",
    "playoff_metrics": "Spearman (pred global vs playoff_final_results), NDCG@4 (final four), Brier (champion vs odds). rank_mae/rank_rmse: pred vs playoff_final_results; eos_standings vs playoff_final_results (baseline)."
  },
  "split_info": {
    "train_frac": 0.75,
    "n_train_dates": 141,
    "n_test_dates": 36,
    "split_mode": "seasons"
  },
  "test_metrics_ensemble": {
    "ndcg": 0.4900751861702568,
    "spearman": 0.49855394883203563,
    "mrr_top2": 0.5,
    "mrr_top4": 0.5,
    "ndcg10": 0.4900751861702568,
    "ndcg_at_4": 0.4643944167678145,
    "ndcg_at_12": 0.533833311006471,
    "ndcg_at_16": 0.5338136451006511,
    "ndcg_at_20": 0.5374174238678938,
    "roc_auc_upset": 0.7420814479638008,
    "rank_mae_pred_vs_playoff_final_results": 6.666666507720947,
    "rank_rmse_pred_vs_playoff_final_results": 8.667948722839355,
    "rank_mae_eos_standings_vs_playoff_final_results": 3.1333333333333333,
    "rank_rmse_eos_standings_vs_playoff_final_results": 4.449719092257398,
    "playoff_metrics": {
      "spearman_pred_vs_playoff_final_results": 0.4967741935483871,
      "ndcg_at_4_final_four": 0.4643812234227066,
      "ndcg10_pred_vs_playoff_final_results": 0.49006235872869536,
      "brier_championship_odds": 0.03222232684493065,
      "rank_mae_pred_vs_playoff_final_results": 6.666666507720947,
      "rank_rmse_pred_vs_playoff_final_results": 8.667948722839355,
      "rank_mae_eos_standings_vs_playoff_final_results": 3.1333333333333333,
      "rank_rmse_eos_standings_vs_playoff_final_results": 4.449719092257398
    }
  },
  "test_metrics_model_a": {
    "ndcg": 0.4897090596138588,
    "spearman": 0.49454949944382637,
    "mrr_top2": 0.5,
    "mrr_top4": 0.5,
    "ndcg10": 0.4897090596138588,
    "ndcg_at_4": 0.4643944167678145,
    "ndcg_at_12": 0.5338204941032715,
    "ndcg_at_16": 0.5338008291805845,
    "ndcg_at_20": 0.5374046080041944,
    "roc_auc_upset": 0.746606334841629
  },
  "test_metrics_model_b": {
    "ndcg": 0.178654941323456,
    "spearman": 0.5648498331479421,
    "mrr_top2": 0.25,
    "mrr_top4": 0.25,
    "ndcg10": 0.178654941323456,
    "ndcg_at_4": 0.16638837351001265,
    "ndcg_at_12": 0.17861907633990623,
    "ndcg_at_16": 0.24207809039700298,
    "ndcg_at_20": 0.3923666889500086,
    "roc_auc_upset": 0.7633928571428571
  },
  "test_metrics_model_c": {
    "ndcg": 0.05124995751403931,
    "spearman": 0.30189098998887653,
    "mrr_top2": 0.0625,
    "mrr_top4": 0.2,
    "ndcg10": 0.05124995751403931,
    "ndcg_at_4": 0.00711064040423231,
    "ndcg_at_12": 0.056899138174850025,
    "ndcg_at_16": 0.1769467286075223,
    "ndcg_at_20": 0.17934445367388585,
    "roc_auc_upset": 0.8258928571428571
  },
  "test_metrics_by_conference": {
    "E": {
      "ndcg": 0.27745335871982874,
      "spearman": 0.3107142857142856
    },
    "W": {
      "ndcg": 0.7729372505482254,
      "spearman": 0.7178571428571427
    }
  },
  "by_season": {
    "2023-24": {
      "test_metrics_ensemble": {
        "ndcg": 0.6183989487400983,
        "spearman": 0.4402669632925473,
        "mrr_top2": 1.0,
        "mrr_top4": 1.0,
        "ndcg10": 0.6183989487400983,
        "ndcg_at_4": 0.35315119534797357,
        "ndcg_at_12": 0.6182849026413577,
        "ndcg_at_16": 0.619571596587115,
        "ndcg_at_20": 0.6201560505425072,
        "roc_auc_upset": 0.7314814814814815,
        "rank_mae_pred_vs_playoff_final_results": 7.199999809265137,
        "rank_rmse_pred_vs_playoff_final_results": 9.157875061035156,
        "rank_mae_eos_standings_vs_playoff_final_results": 3.7333333333333334,
        "rank_rmse_eos_standings_vs_playoff_final_results": 6.093712606722878,
        "playoff_metrics": {
          "spearman_pred_vs_playoff_final_results": 0.4513904338153503,
          "ndcg_at_4_final_four": 0.35315119534797357,
          "ndcg10_pred_vs_playoff_final_results": 0.6184039608086795,
          "brier_championship_odds": 0.03222232684493065,
          "rank_mae_pred_vs_playoff_final_results": 7.199999809265137,
          "rank_rmse_pred_vs_playoff_final_results": 9.157875061035156,
          "rank_mae_eos_standings_vs_playoff_final_results": 3.7333333333333334,
          "rank_rmse_eos_standings_vs_playoff_final_results": 6.093712606722878
        }
      },
      "test_metrics_model_a": {
        "ndcg": 0.6183989487400983,
        "spearman": 0.41357063403781974,
        "mrr_top2": 1.0,
        "mrr_top4": 1.0,
        "ndcg10": 0.6183989487400983,
        "ndcg_at_4": 0.35315119534797357,
        "ndcg_at_12": 0.6182849026413577,
        "ndcg_at_16": 0.619571596587115,
        "ndcg_at_20": 0.6201560505425072,
        "roc_auc_upset": 0.75
      },
      "test_metrics_model_b": {
        "ndcg": 0.5658097226030829,
        "spearman": 0.4362625139043382,
        "mrr_top2": 0.5,
        "mrr_top4": 0.5,
        "ndcg10": 0.5658097226030829,
        "ndcg_at_4": 0.4589454418134188,
        "ndcg_at_12": 0.5656825320925795,
        "ndcg_at_16": 0.6072829967534684,
        "ndcg_at_20": 0.6072853445802242,
        "roc_auc_upset": 0.7601809954751131
      },
      "test_metrics_model_c": {
        "ndcg": 0.333487026575135,
        "spearman": 0.23159065628476083,
        "mrr_top2": 0.16666666666666666,
        "mrr_top4": 0.16666666666666666,
        "ndcg10": 0.333487026575135,
        "ndcg_at_4": 0.0011069724610271625,
        "ndcg_at_12": 0.33890731926775686,
        "ndcg_at_16": 0.35966393831396193,
        "ndcg_at_20": 0.3699999322309346,
        "roc_auc_upset": 0.7633928571428571
      },
      "test_metrics_by_conference": {
        "E": {
          "ndcg": 0.40788505179928536,
          "spearman": 0.2785714285714285
        },
        "W": {
          "ndcg": 0.9424076408581877,
          "spearman": 0.6357142857142856
        }
      },
      "notes": {
        "eos_rank_source": "eos_final_rank"
      }
    },
    "2024-25": {
      "test_metrics_ensemble": {
        "ndcg": 0.4900751861702568,
        "spearman": 0.49855394883203563,
        "mrr_top2": 0.5,
        "mrr_top4": 0.5,
        "ndcg10": 0.4900751861702568,
        "ndcg_at_4": 0.4643944167678145,
        "ndcg_at_12": 0.533833311006471,
        "ndcg_at_16": 0.5338136451006511,
        "ndcg_at_20": 0.5374174238678938,
        "roc_auc_upset": 0.7420814479638008,
        "rank_mae_pred_vs_playoff_final_results": 6.666666507720947,
        "rank_rmse_pred_vs_playoff_final_results": 8.667948722839355,
        "rank_mae_eos_standings_vs_playoff_final_results": 3.1333333333333333,
        "rank_rmse_eos_standings_vs_playoff_final_results": 4.449719092257398,
        "playoff_metrics": {
          "spearman_pred_vs_playoff_final_results": 0.4967741935483871,
          "ndcg_at_4_final_four": 0.4643812234227066,
          "ndcg10_pred_vs_playoff_final_results": 0.49006235872869536,
          "brier_championship_odds": 0.03222232684493065,
          "rank_mae_pred_vs_playoff_final_results": 6.666666507720947,
          "rank_rmse_pred_vs_playoff_final_results": 8.667948722839355,
          "rank_mae_eos_standings_vs_playoff_final_results": 3.1333333333333333,
          "rank_rmse_eos_standings_vs_playoff_final_results": 4.449719092257398
        }
      },
      "test_metrics_model_a": {
        "ndcg": 0.4897090596138588,
        "spearman": 0.49454949944382637,
        "mrr_top2": 0.5,
        "mrr_top4": 0.5,
        "ndcg10": 0.4897090596138588,
        "ndcg_at_4": 0.4643944167678145,
        "ndcg_at_12": 0.5338204941032715,
        "ndcg_at_16": 0.5338008291805845,