{
  "test_metrics_ensemble": {
    "ndcg": 0.4900751861702568,
    "spearman": 0.49855394883203563,
    "mrr_top2": 0.5,
    "mrr_top4": 0.5,
    "ndcg10": 0.4900751861702568,
    "ndcg_at_4": 0.4643944167678145,
    "ndcg_at_12": 0.533833311006471,
    "ndcg_at_16": 0.5338136451006511,
    "ndcg_at_20": 0.5374174238678938,
    "roc_auc_upset": 0.7420814479638008,
    "rank_mae_pred_vs_playoff_final_results": 6.666666507720947,
    "rank_rmse_pred_vs_playoff_final_results": 8.667948722839355,
    "rank_mae_eos_standings_vs_playoff_final_results": 3.1333333333333333,
    "rank_rmse_eos_standings_vs_playoff_final_results": 4.449719092257398,
    "playoff_metrics": {
      "spearman_pred_vs_playoff_final_results": 0.4967741935483871,
      "ndcg_at_4_final_four": 0.4643812234227066,
      "ndcg10_pred_vs_playoff_final_results": 0.49006235872869536,
      "brier_championship_odds": 0.03222232684493065,
      "rank_mae_pred_vs_playoff_final_results": 6.666666507720947,
      "rank_rmse_pred_vs_playoff_final_results": 8.667948722839355,
      "rank_mae_eos_standings_vs_playoff_final_results": 3.1333333333333333,
      "rank_rmse_eos_standings_vs_playoff_final_results": 4.449719092257398
    }
  },
  "test_metrics_model_a": {
    "ndcg": 0.4897090596138588,
    "spearman": 0.49454949944382637,
    "mrr_top2": 0.5,
    "mrr_top4": 0.5,
    "ndcg10": 0.4897090596138588,
    "ndcg_at_4": 0.4643944167678145,
    "ndcg_at_12": 0.5338204941032715,
    "ndcg_at_16": 0.5338008291805845,
    "ndcg_at_20": 0.5374046080041944,
    "roc_auc_upset": 0.746606334841629
  },
  "test_metrics_model_b": {
    "ndcg": 0.178654941323456,
    "spearman": 0.5648498331479421,
    "mrr_top2": 0.25,
    "mrr_top4": 0.25,
    "ndcg10": 0.178654941323456,
    "ndcg_at_4": 0.16638837351001265,
    "ndcg_at_12": 0.17861907633990623,
    "ndcg_at_16": 0.24207809039700298,
    "ndcg_at_20": 0.3923666889500086,
    "roc_auc_upset": 0.7633928571428571
  },
  "test_metrics_model_c": {
    "ndcg": 0.05124995751403931,
    "spearman": 0.30189098998887653,
    "mrr_top2": 0.0625,
    "mrr_top4": 0.2,
    "ndcg10": 0.05124995751403931,
    "ndcg_at_4": 0.00711064040423231,
    "ndcg_at_12": 0.056899138174850025,
    "ndcg_at_16": 0.1769467286075223,
    "ndcg_at_20": 0.17934445367388585,
    "roc_auc_upset": 0.8258928571428571
  },
  "test_metrics_by_conference": {
    "E": {
      "ndcg": 0.27745335871982874,
      "spearman": 0.3107142857142856
    },
    "W": {
      "ndcg": 0.7729372505482254,
      "spearman": 0.7178571428571427
    }
  },
  "notes": {
    "eos_rank_source": "eos_final_rank"
  }
}