{
  "test_metrics_ensemble": {
    "ndcg": 0.551699738008868,
    "spearman": 0.4384872080088987,
    "mrr_top2": 1.0,
    "mrr_top4": 1.0,
    "ndcg10": 0.551699738008868,
    "ndcg_at_4": 0.3560053866302678,
    "ndcg_at_12": 0.5954409855529023,
    "ndcg_at_16": 0.596729431763314,
    "ndcg_at_20": 0.5973443809897886,
    "roc_auc_upset": 0.7407407407407407,
    "rank_mae_pred_vs_playoff_final_results": 7.333333492279053,
    "rank_rmse_pred_vs_playoff_final_results": 9.172422409057617,
    "rank_mae_eos_standings_vs_playoff_final_results": 3.7333333333333334,
    "rank_rmse_eos_standings_vs_playoff_final_results": 6.093712606722878,
    "playoff_metrics": {
      "spearman_pred_vs_playoff_final_results": 0.44293659621801995,
      "ndcg_at_4_final_four": 0.3560053866302678,
      "ndcg10_pred_vs_playoff_final_results": 0.5516947199125881,
      "brier_championship_odds": 0.03222232684493065,
      "rank_mae_pred_vs_playoff_final_results": 7.333333492279053,
      "rank_rmse_pred_vs_playoff_final_results": 9.172422409057617,
      "rank_mae_eos_standings_vs_playoff_final_results": 3.7333333333333334,
      "rank_rmse_eos_standings_vs_playoff_final_results": 6.093712606722878
    }
  },
  "test_metrics_model_a": {
    "ndcg": 0.551699738008868,
    "spearman": 0.421579532814238,
    "mrr_top2": 1.0,
    "mrr_top4": 1.0,
    "ndcg10": 0.551699738008868,
    "ndcg_at_4": 0.3560053866302678,
    "ndcg_at_12": 0.5954409855529023,
    "ndcg_at_16": 0.596729431763314,
    "ndcg_at_20": 0.5973353903158682,
    "roc_auc_upset": 0.7546296296296297
  },
  "test_metrics_model_b": {
    "ndcg": 0.5639460618676359,
    "spearman": 0.47541713014460507,
    "mrr_top2": 0.5,
    "mrr_top4": 0.5,
    "ndcg10": 0.5639460618676359,
    "ndcg_at_4": 0.44093212795935904,
    "ndcg_at_12": 0.5638207201089159,
    "ndcg_at_16": 0.6035911982007958,
    "ndcg_at_20": 0.6083719447958648,
    "roc_auc_upset": 0.78125
  },
  "test_metrics_model_c": {
    "ndcg": 0.333487026575135,
    "spearman": 0.24048943270300333,
    "mrr_top2": 0.16666666666666666,
    "mrr_top4": 0.16666666666666666,
    "ndcg10": 0.333487026575135,
    "ndcg_at_4": 0.0011069724610271625,
    "ndcg_at_12": 0.33890731926775686,
    "ndcg_at_16": 0.35966393831396193,
    "ndcg_at_20": 0.37116955007129654,
    "roc_auc_upset": 0.7777777777777778
  },
  "test_metrics_by_conference": {
    "E": {
      "ndcg": 0.3870089925370491,
      "spearman": 0.28928571428571426
    },
    "W": {
      "ndcg": 0.9122160794001895,
      "spearman": 0.5499999999999999
    }
  },
  "notes": {
    "eos_rank_source": "eos_final_rank"
  }
}