{
  "notes": {
    "eval_on": "test",
    "eos_rank_source": "eos_final_rank",
    "upset_definition": "sleeper = EOS_global_rank > predicted_strength",
    "mrr_top2": "1/rank of first team in top 2 (champion+runner-up) in predicted order.",
    "mrr_top4": "1/rank of first team in top 4 (conference finals) in predicted order.",
    "per_conference_relevance": "Within E/W: actual rank derived from EOS_global_rank (1=best in conf); NDCG/Spearman use this relevance.",
    "playoff_metrics": "Spearman (pred global vs playoff_final_results), NDCG@4 (final four), Brier (champion vs odds). rank_mae/rank_rmse: pred vs playoff_final_results; eos_standings vs playoff_final_results (baseline)."
  },
  "split_info": {
    "train_frac": 0.75,
    "n_train_dates": 141,
    "n_test_dates": 36,
    "split_mode": "seasons"
  },
  "test_metrics_ensemble": {
    "ndcg": 0.483805102065209,
    "spearman": 0.49855394883203563,
    "mrr_top2": 0.5,
    "mrr_top4": 0.5,
    "ndcg10": 0.483805102065209,
    "ndcg_at_4": 0.4643519436832566,
    "ndcg_at_12": 0.5289784937606361,
    "ndcg_at_16": 0.5289601663768517,
    "ndcg_at_20": 0.5325275629117976,
    "roc_auc_upset": 0.7822222222222223,
    "rank_mae_pred_vs_playoff_final_results": 6.866666793823242,
    "rank_rmse_pred_vs_playoff_final_results": 8.667948722839355,
    "rank_mae_eos_standings_vs_playoff_final_results": 3.1333333333333333,
    "rank_rmse_eos_standings_vs_playoff_final_results": 4.449719092257398,
    "playoff_metrics": {
      "spearman_pred_vs_playoff_final_results": 0.5056729699666296,
      "ndcg_at_4_final_four": 0.46433662668392073,
      "ndcg10_pred_vs_playoff_final_results": 0.4837902133767454,
      "brier_championship_odds": 0.03222232684493065,
      "rank_mae_pred_vs_playoff_final_results": 6.866666793823242,
      "rank_rmse_pred_vs_playoff_final_results": 8.667948722839355,
      "rank_mae_eos_standings_vs_playoff_final_results": 3.1333333333333333,
      "rank_rmse_eos_standings_vs_playoff_final_results": 4.449719092257398
    }
  },
  "test_metrics_model_a": {
    "ndcg": 0.483805102065209,
    "spearman": 0.4905450500556173,
    "mrr_top2": 0.5,
    "mrr_top4": 0.5,
    "ndcg10": 0.483805102065209,
    "ndcg_at_4": 0.4643519436832566,
    "ndcg_at_12": 0.5289784937606361,
    "ndcg_at_16": 0.5289601663768517,
    "ndcg_at_20": 0.5325052170396207,
    "roc_auc_upset": 0.7866666666666666
  },
  "test_metrics_model_b": {
    "ndcg": 0.15627980117372517,
    "spearman": 0.4887652947719689,
    "mrr_top2": 0.16666666666666666,
    "mrr_top4": 0.16666666666666666,
    "ndcg10": 0.15627980117372517,
    "ndcg_at_4": 0.04029517653159447,
    "ndcg_at_12": 0.15628161154606457,
    "ndcg_at_16": 0.21922909270680627,
    "ndcg_at_20": 0.21923304158544443,
    "roc_auc_upset": 0.79
  },
  "test_metrics_model_c": {
    "ndcg": 0.05139534647930671,
    "spearman": 0.3125695216907675,
    "mrr_top2": 0.07142857142857142,
    "mrr_top4": 0.2,
    "ndcg10": 0.05139534647930671,
    "ndcg_at_4": 0.0072603807417201014,
    "ndcg_at_12": 0.05704448895120833,
    "ndcg_at_16": 0.17989573678693135,
    "ndcg_at_20": 0.18229344888290439,
    "roc_auc_upset": 0.8214285714285714
  },
  "test_metrics_by_conference": {
    "E": {
      "ndcg": 0.2535134396955579,
      "spearman": 0.2571428571428571
    },
    "W": {
      "ndcg": 0.752538834009314,
      "spearman": 0.682142857142857
    }
  },
  "by_season": {
    "2023-24": {
      "test_metrics_ensemble": {
        "ndcg": 0.5485685017922983,
        "spearman": 0.4131256952169076,
        "mrr_top2": 1.0,
        "mrr_top4": 1.0,
        "ndcg10": 0.5485685017922983,
        "ndcg_at_4": 0.35315119534797357,
        "ndcg_at_12": 0.5937255519180038,
        "ndcg_at_16": 0.5955693982157446,
        "ndcg_at_20": 0.5955669068981747,
        "roc_auc_upset": 0.7685185185185185,
        "rank_mae_pred_vs_playoff_final_results": 7.733333110809326,
        "rank_rmse_pred_vs_playoff_final_results": 9.377277374267578,
        "rank_mae_eos_standings_vs_playoff_final_results": 3.7333333333333334,
        "rank_rmse_eos_standings_vs_playoff_final_results": 6.093712606722878,
        "playoff_metrics": {
          "spearman_pred_vs_playoff_final_results": 0.4175750834260289,
          "ndcg_at_4_final_four": 0.35315119534797357,
          "ndcg10_pred_vs_playoff_final_results": 0.5485634836960184,
          "brier_championship_odds": 0.03222232684493065,
          "rank_mae_pred_vs_playoff_final_results": 7.733333110809326,
          "rank_rmse_pred_vs_playoff_final_results": 9.377277374267578,
          "rank_mae_eos_standings_vs_playoff_final_results": 3.7333333333333334,
          "rank_rmse_eos_standings_vs_playoff_final_results": 6.093712606722878
        }
      },
      "test_metrics_model_a": {
        "ndcg": 0.5485685017922983,
        "spearman": 0.4153503893214683,
        "mrr_top2": 1.0,
        "mrr_top4": 1.0,
        "ndcg10": 0.5485685017922983,
        "ndcg_at_4": 0.35315119534797357,
        "ndcg_at_12": 0.5937255519180038,
        "ndcg_at_16": 0.5955693982157446,
        "ndcg_at_20": 0.5955669082194421,
        "roc_auc_upset": 0.7685185185185185
      },
      "test_metrics_model_b": {
        "ndcg": 0.5639460618676359,
        "spearman": 0.43492769744160176,
        "mrr_top2": 0.5,
        "mrr_top4": 0.5,
        "ndcg10": 0.5639460618676359,
        "ndcg_at_4": 0.44093212795935904,
        "ndcg_at_12": 0.5638207201089159,
        "ndcg_at_16": 0.5689358143328401,
        "ndcg_at_20": 0.5689384055350822,
        "roc_auc_upset": 0.7991071428571429
      },
      "test_metrics_model_c": {
        "ndcg": 0.33348743391404295,
        "spearman": 0.23337041156840932,
        "mrr_top2": 0.16666666666666666,
        "mrr_top4": 0.16666666666666666,
        "ndcg10": 0.33348743391404295,
        "ndcg_at_4": 0.001111095381373398,
        "ndcg_at_12": 0.3389077264996702,
        "ndcg_at_16": 0.3596643455146382,
        "ndcg_at_20": 0.37000033942981986,
        "roc_auc_upset": 0.7633928571428571
      },
      "test_metrics_by_conference": {
        "E": {
          "ndcg": 0.38369169619137905,
          "spearman": 0.25357142857142856
        },
        "W": {
          "ndcg": 0.9225456510408329,
          "spearman": 0.5678571428571427
        }
      },
      "notes": {
        "eos_rank_source": "eos_final_rank"
      }
    },
    "2024-25": {
      "test_metrics_ensemble": {
        "ndcg": 0.483805102065209,
        "spearman": 0.49855394883203563,
        "mrr_top2": 0.5,
        "mrr_top4": 0.5,
        "ndcg10": 0.483805102065209,
        "ndcg_at_4": 0.4643519436832566,
        "ndcg_at_12": 0.5289784937606361,
        "ndcg_at_16": 0.5289601663768517,
        "ndcg_at_20": 0.5325275629117976,
        "roc_auc_upset": 0.7822222222222223,
        "rank_mae_pred_vs_playoff_final_results": 6.866666793823242,
        "rank_rmse_pred_vs_playoff_final_results": 8.667948722839355,
        "rank_mae_eos_standings_vs_playoff_final_results": 3.1333333333333333,
        "rank_rmse_eos_standings_vs_playoff_final_results": 4.449719092257398,
        "playoff_metrics": {
          "spearman_pred_vs_playoff_final_results": 0.5056729699666296,
          "ndcg_at_4_final_four": 0.46433662668392073,
          "ndcg10_pred_vs_playoff_final_results": 0.4837902133767454,
          "brier_championship_odds": 0.03222232684493065,
          "rank_mae_pred_vs_playoff_final_results": 6.866666793823242,
          "rank_rmse_pred_vs_playoff_final_results": 8.667948722839355,
          "rank_mae_eos_standings_vs_playoff_final_results": 3.1333333333333333,
          "rank_rmse_eos_standings_vs_playoff_final_results": 4.449719092257398
        }
      },
      "test_metrics_model_a": {
        "ndcg": 0.483805102065209,
        "spearman": 0.4905450500556173,
        "mrr_top2": 0.5,
        "mrr_top4": 0.5,
        "ndcg10": 0.483805102065209,
        "ndcg_at_4": 0.4643519436832566,
        "ndcg_at_12": 0.5289784937606361,