{
  "test_metrics_ensemble": {
    "ndcg": 0.5692563492441197,
    "spearman": 0.403781979977753,
    "mrr_top2": 1.0,
    "mrr_top4": 1.0,
    "ndcg10": 0.5692563492441197,
    "ndcg_at_4": 0.35315119534797357,
    "ndcg_at_12": 0.6157780685711884,
    "ndcg_at_16": 0.6157373326827686,
    "ndcg_at_20": 0.6163431646728164,
    "roc_auc_upset": 0.7782805429864252,
    "rank_mae_pred_vs_playoff_final_results": 7.4666666984558105,
    "rank_rmse_pred_vs_playoff_final_results": 9.451631546020508,
    "rank_mae_eos_standings_vs_playoff_final_results": 3.7333333333333334,
    "rank_rmse_eos_standings_vs_playoff_final_results": 6.093712606722878,
    "playoff_metrics": {
      "spearman_pred_vs_playoff_final_results": 0.46206896551724136,
      "ndcg_at_4_final_four": 0.35315119534797357,
      "ndcg10_pred_vs_playoff_final_results": 0.569261361312701,
      "brier_championship_odds": 0.03222232684493065,
      "rank_mae_pred_vs_playoff_final_results": 7.4666666984558105,
      "rank_rmse_pred_vs_playoff_final_results": 9.451631546020508,
      "rank_mae_eos_standings_vs_playoff_final_results": 3.7333333333333334,
      "rank_rmse_eos_standings_vs_playoff_final_results": 6.093712606722878
    }
  },
  "test_metrics_model_a": {
    "ndcg": 0.5576489211580822,
    "spearman": 0.3984427141268076,
    "mrr_top2": 1.0,
    "mrr_top4": 1.0,
    "ndcg10": 0.5576489211580822,
    "ndcg_at_4": 0.35315119534797357,
    "ndcg_at_12": 0.6041736893755203,
    "ndcg_at_16": 0.6041338436121794,
    "ndcg_at_20": 0.6047397266369398,
    "roc_auc_upset": 0.7828054298642534
  },
  "test_metrics_model_b": {
    "ndcg": 0.8051903261342123,
    "spearman": 0.3971078976640712,
    "mrr_top2": 1.0,
    "mrr_top4": 1.0,
    "ndcg10": 0.8051903261342123,
    "ndcg_at_4": 0.7261751187226982,
    "ndcg_at_12": 0.8050866629333748,
    "ndcg_at_16": 0.8050282358549778,
    "ndcg_at_20": 0.8468626534488015,
    "roc_auc_upset": 0.7828054298642533
  },
  "test_metrics_model_c": {
    "ndcg": 0.333487026575135,
    "spearman": 0.2422691879866518,
    "mrr_top2": 0.16666666666666666,
    "mrr_top4": 0.16666666666666666,
    "ndcg10": 0.333487026575135,
    "ndcg_at_4": 0.0011069724610271625,
    "ndcg_at_12": 0.33890731926775686,
    "ndcg_at_16": 0.35966393831396193,
    "ndcg_at_20": 0.37117378097667086,
    "roc_auc_upset": 0.7777777777777778
  },
  "test_metrics_by_conference": {
    "E": {
      "ndcg": 0.4082984176139838,
      "spearman": 0.28928571428571426
    },
    "W": {
      "ndcg": 0.9193429499625502,
      "spearman": 0.4642857142857142
    }
  },
  "notes": {
    "eos_rank_source": "eos_final_rank"
  }
}