{
  "test_metrics_ensemble": {
    "ndcg": 0.48185139166330404,
    "spearman": 0.4785317018909899,
    "mrr_top2": 0.5,
    "mrr_top4": 0.5,
    "ndcg10": 0.48185139166330404,
    "ndcg_at_4": 0.46412046738376733,
    "ndcg_at_12": 0.5259648901041762,
    "ndcg_at_16": 0.5259462964734046,
    "ndcg_at_20": 0.5301595146141864,
    "roc_auc_upset": 0.7601809954751131,
    "rank_mae_pred_vs_playoff_final_results": 6.933333396911621,
    "rank_rmse_pred_vs_playoff_final_results": 8.839305877685547,
    "rank_mae_eos_standings_vs_playoff_final_results": 3.1333333333333333,
    "rank_rmse_eos_standings_vs_playoff_final_results": 4.449719092257398,
    "playoff_metrics": {
      "spearman_pred_vs_playoff_final_results": 0.4776418242491657,
      "ndcg_at_4_final_four": 0.464120437467753,
      "ndcg10_pred_vs_playoff_final_results": 0.48184091065174073,
      "brier_championship_odds": 0.03222232684493065,
      "rank_mae_pred_vs_playoff_final_results": 6.933333396911621,
      "rank_rmse_pred_vs_playoff_final_results": 8.839305877685547,
      "rank_mae_eos_standings_vs_playoff_final_results": 3.1333333333333333,
      "rank_rmse_eos_standings_vs_playoff_final_results": 4.449719092257398
    }
  },
  "test_metrics_model_a": {
    "ndcg": 0.48185139166330404,
    "spearman": 0.4785317018909899,
    "mrr_top2": 0.5,
    "mrr_top4": 0.5,
    "ndcg10": 0.48185139166330404,
    "ndcg_at_4": 0.46412046738376733,
    "ndcg_at_12": 0.5259648901041762,
    "ndcg_at_16": 0.5259462964734046,
    "ndcg_at_20": 0.5301595146141864,
    "roc_auc_upset": 0.7601809954751131
  },
  "test_metrics_model_b": {
    "ndcg": 0.21634548367724132,
    "spearman": 0.6231368186874304,
    "mrr_top2": 0.2,
    "mrr_top4": 0.2,
    "ndcg10": 0.21634548367724132,
    "ndcg_at_4": 0.04166423104576856,
    "ndcg_at_12": 0.21628883190836062,
    "ndcg_at_16": 0.40777432633706395,
    "ndcg_at_20": 0.4077734145656912,
    "roc_auc_upset": 0.7466063348416289
  },
  "test_metrics_model_c": {
    "ndcg": 0.05124270050332162,
    "spearman": 0.29521690767519465,
    "mrr_top2": 0.06666666666666667,
    "mrr_top4": 0.2,
    "ndcg10": 0.05124270050332162,
    "ndcg_at_4": 0.00711064040423231,
    "ndcg_at_12": 0.05689188307031086,
    "ndcg_at_16": 0.17780814917405477,
    "ndcg_at_20": 0.18020587045170006,
    "roc_auc_upset": 0.8258928571428571
  },
  "test_metrics_by_conference": {
    "E": {
      "ndcg": 0.24200950614311126,
      "spearman": 0.2071428571428571
    },
    "W": {
      "ndcg": 0.7622279413946728,
      "spearman": 0.7249999999999999
    }
  },
  "notes": {
    "eos_rank_source": "eos_final_rank"
  }
}