{
  "notes": {
    "eval_on": "test",
    "eos_rank_source": "eos_final_rank",
    "upset_definition": "sleeper = EOS_global_rank > predicted_strength",
    "mrr_top2": "1/rank of first team in top 2 (champion+runner-up) in predicted order.",
    "mrr_top4": "1/rank of first team in top 4 (conference finals) in predicted order.",
    "per_conference_relevance": "Within E/W: actual rank derived from EOS_global_rank (1=best in conf); NDCG/Spearman use this relevance.",
    "playoff_metrics": "Spearman (pred global vs playoff_final_results), NDCG@4 (final four), Brier (champion vs odds). rank_mae/rank_rmse: pred vs playoff_final_results; eos_standings vs playoff_final_results (baseline)."
  },
  "split_info": {
    "train_frac": 0.75,
    "n_train_dates": 141,
    "n_test_dates": 36,
    "split_mode": "seasons"
  },
  "test_metrics_ensemble": {
    "ndcg": 0.4870483127134566,
    "spearman": 0.46206896551724136,
    "mrr_top2": 0.5,
    "mrr_top4": 0.5,
    "ndcg10": 0.4870483127134566,
    "ndcg_at_4": 0.46423103544156546,
    "ndcg_at_12": 0.48694250078526263,
    "ndcg_at_16": 0.5295570580388557,
    "ndcg_at_20": 0.5331199477971935,
    "roc_auc_upset": 0.7544642857142856,
    "rank_mae_pred_vs_playoff_final_results": 6.800000190734863,
    "rank_rmse_pred_vs_playoff_final_results": 8.977749824523926,
    "rank_mae_eos_standings_vs_playoff_final_results": 3.1333333333333333,
    "rank_rmse_eos_standings_vs_playoff_final_results": 4.449719092257398,
    "playoff_metrics": {
      "spearman_pred_vs_playoff_final_results": 0.4513904338153503,
      "ndcg_at_4_final_four": 0.46421784209645756,
      "ndcg10_pred_vs_playoff_final_results": 0.4870354802861611,
      "brier_championship_odds": 0.03222232684493065,
      "rank_mae_pred_vs_playoff_final_results": 6.800000190734863,
      "rank_rmse_pred_vs_playoff_final_results": 8.977749824523926,
      "rank_mae_eos_standings_vs_playoff_final_results": 3.1333333333333333,
      "rank_rmse_eos_standings_vs_playoff_final_results": 4.449719092257398
    }
  },
  "test_metrics_model_a": {
    "ndcg": 0.4870483127134566,
    "spearman": 0.4589543937708565,
    "mrr_top2": 0.5,
    "mrr_top4": 0.5,
    "ndcg10": 0.4870483127134566,
    "ndcg_at_4": 0.46423103544156546,
    "ndcg_at_12": 0.48694250078526263,
    "ndcg_at_16": 0.5295570580388557,
    "ndcg_at_20": 0.5331199477971935,
    "roc_auc_upset": 0.7544642857142856
  },
  "test_metrics_model_b": {
    "ndcg": 0.16611685849583294,
    "spearman": 0.56440489432703,
    "mrr_top2": 0.2,
    "mrr_top4": 0.2,
    "ndcg10": 0.16611685849583294,
    "ndcg_at_4": 0.04029517653159447,
    "ndcg_at_12": 0.1888088409239675,
    "ndcg_at_16": 0.2314845167569891,
    "ndcg_at_20": 0.23148900565009095,
    "roc_auc_upset": 0.746606334841629
  },
  "test_metrics_model_c": {
    "ndcg": 0.05212098780672918,
    "spearman": 0.3125695216907675,
    "mrr_top2": 0.06666666666666667,
    "mrr_top4": 0.2,
    "ndcg10": 0.05212098780672918,
    "ndcg_at_4": 0.0072603807417201014,
    "ndcg_at_12": 0.057769939676471704,
    "ndcg_at_16": 0.17868613842803824,
    "ndcg_at_20": 0.18108385584409248,
    "roc_auc_upset": 0.8214285714285714
  },
  "test_metrics_by_conference": {
    "E": {
      "ndcg": 0.24633248820581846,
      "spearman": 0.16428571428571426
    },
    "W": {
      "ndcg": 0.7510775020335729,
      "spearman": 0.7
    }
  },
  "by_season": {
    "2023-24": {
      "test_metrics_ensemble": {
        "ndcg": 0.5485627705693908,
        "spearman": 0.4202447163515017,
        "mrr_top2": 1.0,
        "mrr_top4": 1.0,
        "ndcg10": 0.5485627705693908,
        "ndcg_at_4": 0.35315119534797357,
        "ndcg_at_12": 0.593723840098506,
        "ndcg_at_16": 0.5955992216682924,
        "ndcg_at_20": 0.595596695490382,
        "roc_auc_upset": 0.8214285714285714,
        "rank_mae_pred_vs_playoff_final_results": 7.333333492279053,
        "rank_rmse_pred_vs_playoff_final_results": 9.320228576660156,
        "rank_mae_eos_standings_vs_playoff_final_results": 3.7333333333333334,
        "rank_rmse_eos_standings_vs_playoff_final_results": 6.093712606722878,
        "playoff_metrics": {
          "spearman_pred_vs_playoff_final_results": 0.4785317018909899,
          "ndcg_at_4_final_four": 0.35315119534797357,
          "ndcg10_pred_vs_playoff_final_results": 0.5485677826379722,
          "brier_championship_odds": 0.03222232684493065,
          "rank_mae_pred_vs_playoff_final_results": 7.333333492279053,
          "rank_rmse_pred_vs_playoff_final_results": 9.320228576660156,
          "rank_mae_eos_standings_vs_playoff_final_results": 3.7333333333333334,
          "rank_rmse_eos_standings_vs_playoff_final_results": 6.093712606722878
        }
      },
      "test_metrics_model_a": {
        "ndcg": 0.5485627705693908,
        "spearman": 0.4175750834260289,
        "mrr_top2": 1.0,
        "mrr_top4": 1.0,
        "ndcg10": 0.5485627705693908,
        "ndcg_at_4": 0.35315119534797357,
        "ndcg_at_12": 0.593723840098506,
        "ndcg_at_16": 0.5955992216682924,
        "ndcg_at_20": 0.595596695490382,
        "roc_auc_upset": 0.7963800904977376
      },
      "test_metrics_model_b": {
        "ndcg": 0.5639489271292408,
        "spearman": 0.4687430478309232,
        "mrr_top2": 0.5,
        "mrr_top4": 0.5,
        "ndcg10": 0.5639489271292408,
        "ndcg_at_4": 0.44093212795935904,
        "ndcg_at_12": 0.5638014662489369,
        "ndcg_at_16": 0.605422242744833,
        "ndcg_at_20": 0.6101211658259299,
        "roc_auc_upset": 0.8144796380090498
      },
      "test_metrics_model_c": {
        "ndcg": 0.33348743391404295,
        "spearman": 0.23337041156840932,
        "mrr_top2": 0.16666666666666666,
        "mrr_top4": 0.16666666666666666,
        "ndcg10": 0.33348743391404295,
        "ndcg_at_4": 0.001111095381373398,
        "ndcg_at_12": 0.3389077264996702,
        "ndcg_at_16": 0.3596643455146382,
        "ndcg_at_20": 0.37000033942981986,
        "roc_auc_upset": 0.7633928571428571
      },
      "test_metrics_by_conference": {
        "E": {
          "ndcg": 0.3851402749883562,
          "spearman": 0.30357142857142855
        },
        "W": {
          "ndcg": 0.9193500683938988,
          "spearman": 0.5
        }
      },
      "notes": {
        "eos_rank_source": "eos_final_rank"
      }
    },
    "2024-25": {
      "test_metrics_ensemble": {
        "ndcg": 0.4870483127134566,
        "spearman": 0.46206896551724136,
        "mrr_top2": 0.5,
        "mrr_top4": 0.5,
        "ndcg10": 0.4870483127134566,
        "ndcg_at_4": 0.46423103544156546,
        "ndcg_at_12": 0.48694250078526263,
        "ndcg_at_16": 0.5295570580388557,
        "ndcg_at_20": 0.5331199477971935,
        "roc_auc_upset": 0.7544642857142856,
        "rank_mae_pred_vs_playoff_final_results": 6.800000190734863,
        "rank_rmse_pred_vs_playoff_final_results": 8.977749824523926,
        "rank_mae_eos_standings_vs_playoff_final_results": 3.1333333333333333,
        "rank_rmse_eos_standings_vs_playoff_final_results": 4.449719092257398,
        "playoff_metrics": {
          "spearman_pred_vs_playoff_final_results": 0.4513904338153503,
          "ndcg_at_4_final_four": 0.46421784209645756,
          "ndcg10_pred_vs_playoff_final_results": 0.4870354802861611,
          "brier_championship_odds": 0.03222232684493065,
          "rank_mae_pred_vs_playoff_final_results": 6.800000190734863,
          "rank_rmse_pred_vs_playoff_final_results": 8.977749824523926,
          "rank_mae_eos_standings_vs_playoff_final_results": 3.1333333333333333,
          "rank_rmse_eos_standings_vs_playoff_final_results": 4.449719092257398
        }
      },
      "test_metrics_model_a": {
        "ndcg": 0.4870483127134566,
        "spearman": 0.4589543937708565,
        "mrr_top2": 0.5,
        "mrr_top4": 0.5,
        "ndcg10": 0.4870483127134566,
        "ndcg_at_4": 0.46423103544156546,
        "ndcg_at_12": 0.48694250078526263,
        "ndcg_at_16": 0.5295570580388557,