{
  "test_metrics_ensemble": {
    "ndcg": 0.4923673652332178,
    "spearman": 0.5101223581757508,
    "mrr_top2": 0.5,
    "mrr_top4": 0.5,
    "ndcg10": 0.4923673652332178,
    "ndcg_at_4": 0.5000971133624064,
    "ndcg_at_12": 0.5378806988832784,
    "ndcg_at_16": 0.539103180026697,
    "ndcg_at_20": 0.5414490928277403,
    "roc_auc_upset": 0.75,
    "rank_mae_pred_vs_playoff_final_results": 6.733333110809326,
    "rank_rmse_pred_vs_playoff_final_results": 8.56737995147705,
    "rank_mae_eos_standings_vs_playoff_final_results": 3.1333333333333333,
    "rank_rmse_eos_standings_vs_playoff_final_results": 4.449719092257398,
    "playoff_metrics": {
      "spearman_pred_vs_playoff_final_results": 0.5012235817575084,
      "ndcg_at_4_final_four": 0.5000817963630705,
      "ndcg10_pred_vs_playoff_final_results": 0.49235193660530435,
      "brier_championship_odds": 0.03222232684493065,
      "rank_mae_pred_vs_playoff_final_results": 6.733333110809326,
      "rank_rmse_pred_vs_playoff_final_results": 8.56737995147705,
      "rank_mae_eos_standings_vs_playoff_final_results": 3.1333333333333333,
      "rank_rmse_eos_standings_vs_playoff_final_results": 4.449719092257398
    }
  },
  "test_metrics_model_a": {
    "ndcg": 0.4923673652332178,
    "spearman": 0.5101223581757508,
    "mrr_top2": 0.5,
    "mrr_top4": 0.5,
    "ndcg10": 0.4923673652332178,
    "ndcg_at_4": 0.5000971133624064,
    "ndcg_at_12": 0.5378806988832784,
    "ndcg_at_16": 0.539103180026697,
    "ndcg_at_20": 0.5414490928277403,
    "roc_auc_upset": 0.75
  },
  "test_metrics_model_b": {
    "ndcg": 0.16753016469221063,
    "spearman": 0.5666295884315907,
    "mrr_top2": 0.2,
    "mrr_top4": 0.2,
    "ndcg10": 0.16753016469221063,
    "ndcg_at_4": 0.04166423104576856,
    "ndcg_at_12": 0.21279667617765533,
    "ndcg_at_16": 0.23312021081819584,
    "ndcg_at_20": 0.38602722908248727,
    "roc_auc_upset": 0.8009049773755655
  },
  "test_metrics_model_c": {
    "ndcg": 0.05124995751403931,
    "spearman": 0.30189098998887653,
    "mrr_top2": 0.0625,
    "mrr_top4": 0.2,
    "ndcg10": 0.05124995751403931,
    "ndcg_at_4": 0.00711064040423231,
    "ndcg_at_12": 0.056899138174850025,
    "ndcg_at_16": 0.1769467286075223,
    "ndcg_at_20": 0.17934445367388585,
    "roc_auc_upset": 0.8258928571428571
  },
  "test_metrics_by_conference": {
    "E": {
      "ndcg": 0.2512516693166079,
      "spearman": 0.24285714285714283
    },
    "W": {
      "ndcg": 0.7723538271486643,
      "spearman": 0.7035714285714285
    }
  },
  "notes": {
    "eos_rank_source": "eos_final_rank"
  }
}