{
  "test_metrics_ensemble": {
    "ndcg": 0.40051044009902026,
    "spearman": 0.40600667408231367,
    "mrr_top2": 1.0,
    "mrr_top4": 1.0,
    "ndcg10": 0.40051044009902026,
    "ndcg_at_4": 0.35315119534797357,
    "ndcg_at_12": 0.5759554110373621,
    "ndcg_at_16": 0.5778660493912244,
    "ndcg_at_20": 0.5778727738606058,
    "roc_auc_upset": 0.7276785714285715,
    "rank_mae_pred_vs_playoff_final_results": 7.333333492279053,
    "rank_rmse_pred_vs_playoff_final_results": 9.433980941772461,
    "rank_mae_eos_standings_vs_playoff_final_results": 3.7333333333333334,
    "rank_rmse_eos_standings_vs_playoff_final_results": 6.093712606722878,
    "playoff_metrics": {
      "spearman_pred_vs_playoff_final_results": 0.46073414905450494,
      "ndcg_at_4_final_four": 0.35315119534797357,
      "ndcg10_pred_vs_playoff_final_results": 0.40051597559542895,
      "brier_championship_odds": 0.03222232684493065,
      "rank_mae_pred_vs_playoff_final_results": 7.333333492279053,
      "rank_rmse_pred_vs_playoff_final_results": 9.433980941772461,
      "rank_mae_eos_standings_vs_playoff_final_results": 3.7333333333333334,
      "rank_rmse_eos_standings_vs_playoff_final_results": 6.093712606722878
    }
  },
  "test_metrics_model_a": {
    "ndcg": 0.40051044009902026,
    "spearman": 0.4006674082313682,
    "mrr_top2": 1.0,
    "mrr_top4": 1.0,
    "ndcg10": 0.40051044009902026,
    "ndcg_at_4": 0.35315119534797357,
    "ndcg_at_12": 0.5759554110373621,
    "ndcg_at_16": 0.5778660493912244,
    "ndcg_at_20": 0.5778726268951483,
    "roc_auc_upset": 0.7321428571428571
  },
  "test_metrics_model_b": {
    "ndcg": 0.5639460609698026,
    "spearman": 0.43359288097886545,
    "mrr_top2": 0.5,
    "mrr_top4": 0.5,
    "ndcg10": 0.5639460609698026,
    "ndcg_at_4": 0.44093212795935904,
    "ndcg_at_12": 0.5638200505271448,
    "ndcg_at_16": 0.5638637027263753,
    "ndcg_at_20": 0.6063013053955906,
    "roc_auc_upset": 0.8035714285714286
  },
  "test_metrics_model_c": {
    "ndcg": 0.333487026575135,
    "spearman": 0.23159065628476083,
    "mrr_top2": 0.16666666666666666,
    "mrr_top4": 0.16666666666666666,
    "ndcg10": 0.333487026575135,
    "ndcg_at_4": 0.0011069724610271625,
    "ndcg_at_12": 0.33890731926775686,
    "ndcg_at_16": 0.35966393831396193,
    "ndcg_at_20": 0.3699999322309346,
    "roc_auc_upset": 0.7633928571428571
  },
  "test_metrics_by_conference": {
    "E": {
      "ndcg": 0.38689768138590575,
      "spearman": 0.2678571428571428
    },
    "W": {
      "ndcg": 0.9213871629856155,
      "spearman": 0.5
    }
  },
  "notes": {
    "eos_rank_source": "eos_final_rank"
  }
}