{
  "test_metrics_ensemble": {
    "ndcg": 0.5407831214906897,
    "spearman": 0.38776418242491656,
    "mrr_top2": 1.0,
    "mrr_top4": 1.0,
    "ndcg10": 0.5407831214906897,
    "ndcg_at_4": 0.35315119534797357,
    "ndcg_at_12": 0.585942216580262,
    "ndcg_at_16": 0.5878220998179234,
    "ndcg_at_20": 0.5878286681481344,
    "roc_auc_upset": 0.7546296296296297,
    "rank_mae_pred_vs_playoff_final_results": 7.5333333015441895,
    "rank_rmse_pred_vs_playoff_final_results": 9.577752113342285,
    "rank_mae_eos_standings_vs_playoff_final_results": 3.7333333333333334,
    "rank_rmse_eos_standings_vs_playoff_final_results": 6.093712606722878,
    "playoff_metrics": {
      "spearman_pred_vs_playoff_final_results": 0.4211345939933259,
      "ndcg_at_4_final_four": 0.35315119534797357,
      "ndcg10_pred_vs_playoff_final_results": 0.5407890112609435,
      "brier_championship_odds": 0.03222232684493065,
      "rank_mae_pred_vs_playoff_final_results": 7.5333333015441895,
      "rank_rmse_pred_vs_playoff_final_results": 9.577752113342285,
      "rank_mae_eos_standings_vs_playoff_final_results": 3.7333333333333334,
      "rank_rmse_eos_standings_vs_playoff_final_results": 6.093712606722878
    }
  },
  "test_metrics_model_a": {
    "ndcg": 0.5407831214906897,
    "spearman": 0.37664071190211346,
    "mrr_top2": 1.0,
    "mrr_top4": 1.0,
    "ndcg10": 0.5407831214906897,
    "ndcg_at_4": 0.35315119534797357,
    "ndcg_at_12": 0.585942216580262,
    "ndcg_at_16": 0.5878220998179234,
    "ndcg_at_20": 0.5878196444202658,
    "roc_auc_upset": 0.763888888888889
  },
  "test_metrics_model_b": {
    "ndcg": 0.8055193198870861,
    "spearman": 0.3979977753058954,
    "mrr_top2": 1.0,
    "mrr_top4": 1.0,
    "ndcg10": 0.8055193198870861,
    "ndcg_at_4": 0.705915834267812,
    "ndcg_at_12": 0.8053941424465199,
    "ndcg_at_16": 0.8053558899398645,
    "ndcg_at_20": 0.810135219952863,
    "roc_auc_upset": 0.7692307692307692
  },
  "test_metrics_model_c": {
    "ndcg": 0.33348743391404295,
    "spearman": 0.22847608453837595,
    "mrr_top2": 0.16666666666666666,
    "mrr_top4": 0.16666666666666666,
    "ndcg10": 0.33348743391404295,
    "ndcg_at_4": 0.001111095381373398,
    "ndcg_at_12": 0.3389077264996702,
    "ndcg_at_16": 0.3596643455146382,
    "ndcg_at_20": 0.3699901174713633,
    "roc_auc_upset": 0.7678571428571429
  },
  "test_metrics_by_conference": {
    "E": {
      "ndcg": 0.38520906425700524,
      "spearman": 0.3071428571428571
    },
    "W": {
      "ndcg": 0.9213917431112483,
      "spearman": 0.5
    }
  },
  "notes": {
    "eos_rank_source": "eos_final_rank"
  }
}