{
  "test_metrics_ensemble": {
    "ndcg": 0.482344905441914,
    "spearman": 0.4625139043381535,
    "mrr_top2": 0.5,
    "mrr_top4": 0.5,
    "ndcg10": 0.482344905441914,
    "ndcg_at_4": 0.4643519436832566,
    "ndcg_at_12": 0.48257228105125494,
    "ndcg_at_16": 0.5252073098491972,
    "ndcg_at_20": 0.5288157084564414,
    "roc_auc_upset": 0.8035714285714286,
    "rank_mae_pred_vs_playoff_final_results": 7.0,
    "rank_rmse_pred_vs_playoff_final_results": 8.97403621673584,
    "rank_mae_eos_standings_vs_playoff_final_results": 3.1333333333333333,
    "rank_rmse_eos_standings_vs_playoff_final_results": 4.449719092257398,
    "playoff_metrics": {
      "spearman_pred_vs_playoff_final_results": 0.4625139043381535,
      "ndcg_at_4_final_four": 0.46433662668392073,
      "ndcg10_pred_vs_playoff_final_results": 0.4823294532420881,
      "brier_championship_odds": 0.03222232684493065,
      "rank_mae_pred_vs_playoff_final_results": 7.0,
      "rank_rmse_pred_vs_playoff_final_results": 8.97403621673584,
      "rank_mae_eos_standings_vs_playoff_final_results": 3.1333333333333333,
      "rank_rmse_eos_standings_vs_playoff_final_results": 4.449719092257398
    }
  },
  "test_metrics_model_a": {
    "ndcg": 0.482344905441914,
    "spearman": 0.46073414905450494,
    "mrr_top2": 0.5,
    "mrr_top4": 0.5,
    "ndcg10": 0.482344905441914,
    "ndcg_at_4": 0.4643519436832566,
    "ndcg_at_12": 0.4825935424282004,
    "ndcg_at_16": 0.5241218322811144,
    "ndcg_at_20": 0.5277302356625293,
    "roc_auc_upset": 0.8133333333333334
  },
  "test_metrics_model_b": {
    "ndcg": 0.15752882479684202,
    "spearman": 0.5279199110122358,
    "mrr_top2": 0.16666666666666666,
    "mrr_top4": 0.16666666666666666,
    "ndcg10": 0.15752882479684202,
    "ndcg_at_4": 0.04166423104576856,
    "ndcg_at_12": 0.20141784551493264,
    "ndcg_at_16": 0.2217839038697774,
    "ndcg_at_20": 0.22178388036508054,
    "roc_auc_upset": 0.8055555555555555
  },
  "test_metrics_model_c": {
    "ndcg": 0.05304264223120525,
    "spearman": 0.31790878754171303,
    "mrr_top2": 0.0625,
    "mrr_top4": 0.2,
    "ndcg10": 0.05304264223120525,
    "ndcg_at_4": 0.0072603807417201014,
    "ndcg_at_12": 0.058691352012581785,
    "ndcg_at_16": 0.17873880497176609,
    "ndcg_at_20": 0.18113652215618123,
    "roc_auc_upset": 0.8169642857142857
  },
  "test_metrics_by_conference": {
    "E": {
      "ndcg": 0.263461645385468,
      "spearman": 0.27499999999999997
    },
    "W": {
      "ndcg": 0.7377325343055607,
      "spearman": 0.6285714285714286
    }
  },
  "notes": {
    "eos_rank_source": "eos_final_rank"
  }
}