{
  "test_metrics_ensemble": {
    "ndcg": 0.5674725791534398,
    "spearman": 0.3819799777530589,
    "mrr_top2": 1.0,
    "mrr_top4": 1.0,
    "ndcg10": 0.5674725791534398,
    "ndcg_at_4": 0.33513898093933947,
    "ndcg_at_12": 0.6126246637985082,
    "ndcg_at_16": 0.6139155975182775,
    "ndcg_at_20": 0.614521439874076,
    "roc_auc_upset": 0.7455357142857143,
    "rank_mae_pred_vs_playoff_final_results": 7.599999904632568,
    "rank_rmse_pred_vs_playoff_final_results": 9.622889518737793,
    "rank_mae_eos_standings_vs_playoff_final_results": 3.7333333333333334,
    "rank_rmse_eos_standings_vs_playoff_final_results": 6.093712606722878,
    "playoff_metrics": {
      "spearman_pred_vs_playoff_final_results": 0.44160177975528364,
      "ndcg_at_4_final_four": 0.33513815635527017,
      "ndcg10_pred_vs_playoff_final_results": 0.5674780331820669,
      "brier_championship_odds": 0.03222232684493065,
      "rank_mae_pred_vs_playoff_final_results": 7.599999904632568,
      "rank_rmse_pred_vs_playoff_final_results": 9.622889518737793,
      "rank_mae_eos_standings_vs_playoff_final_results": 3.7333333333333334,
      "rank_rmse_eos_standings_vs_playoff_final_results": 6.093712606722878
    }
  },
  "test_metrics_model_a": {
    "ndcg": 0.5674725791534398,
    "spearman": 0.37263626251390436,
    "mrr_top2": 1.0,
    "mrr_top4": 1.0,
    "ndcg10": 0.5674725791534398,
    "ndcg_at_4": 0.33513898093933947,
    "ndcg_at_12": 0.6126246637985082,
    "ndcg_at_16": 0.6139155975182775,
    "ndcg_at_20": 0.614521439874076,
    "roc_auc_upset": 0.7544642857142856
  },
  "test_metrics_model_b": {
    "ndcg": 0.5723877499527062,
    "spearman": 0.4794215795328142,
    "mrr_top2": 0.5,
    "mrr_top4": 0.5,
    "ndcg10": 0.5723877499527062,
    "ndcg_at_4": 0.4437410146181249,
    "ndcg_at_12": 0.5722601908396066,
    "ndcg_at_16": 0.5772661987076622,
    "ndcg_at_20": 0.6162067271602015,
    "roc_auc_upset": 0.755656108597285
  },
  "test_metrics_model_c": {
    "ndcg": 0.33348743391404295,
    "spearman": 0.24093437152391545,
    "mrr_top2": 0.16666666666666666,
    "mrr_top4": 0.16666666666666666,
    "ndcg10": 0.33348743391404295,
    "ndcg_at_4": 0.001111095381373398,
    "ndcg_at_12": 0.3389077264996702,
    "ndcg_at_16": 0.3596643455146382,
    "ndcg_at_20": 0.3699901174713633,
    "roc_auc_upset": 0.8133333333333332
  },
  "test_metrics_by_conference": {
    "E": {
      "ndcg": 0.40649848933393984,
      "spearman": 0.2714285714285714
    },
    "W": {
      "ndcg": 0.9184636190680323,
      "spearman": 0.5
    }
  },
  "notes": {
    "eos_rank_source": "eos_final_rank"
  }
}