{
  "test_metrics_ensemble": {
    "ndcg": 0.5329049440610145,
    "spearman": 0.4981090100111235,
    "mrr_top2": 0.5,
    "mrr_top4": 0.5,
    "ndcg10": 0.5329049440610145,
    "ndcg_at_4": 0.4643944167678145,
    "ndcg_at_12": 0.5331195414449853,
    "ndcg_at_16": 0.5331003441593323,
    "ndcg_at_20": 0.5366678801409862,
    "roc_auc_upset": 0.746606334841629,
    "rank_mae_pred_vs_playoff_final_results": 6.733333110809326,
    "rank_rmse_pred_vs_playoff_final_results": 8.671792984008789,
    "rank_mae_eos_standings_vs_playoff_final_results": 3.1333333333333333,
    "rank_rmse_eos_standings_vs_playoff_final_results": 4.449719092257398,
    "playoff_metrics": {
      "spearman_pred_vs_playoff_final_results": 0.49543937708565067,
      "ndcg_at_4_final_four": 0.4643812234227066,
      "ndcg10_pred_vs_playoff_final_results": 0.5328921116337191,
      "brier_championship_odds": 0.03222232684493065,
      "rank_mae_pred_vs_playoff_final_results": 6.733333110809326,
      "rank_rmse_pred_vs_playoff_final_results": 8.671792984008789,
      "rank_mae_eos_standings_vs_playoff_final_results": 3.1333333333333333,
      "rank_rmse_eos_standings_vs_playoff_final_results": 4.449719092257398
    }
  },
  "test_metrics_model_a": {
    "ndcg": 0.5329049440610145,
    "spearman": 0.49365962180200224,
    "mrr_top2": 0.5,
    "mrr_top4": 0.5,
    "ndcg10": 0.5329049440610145,
    "ndcg_at_4": 0.4643944167678145,
    "ndcg_at_12": 0.5331085189413459,
    "ndcg_at_16": 0.5330893225011846,
    "ndcg_at_20": 0.536656854124121,
    "roc_auc_upset": 0.751131221719457
  },
  "test_metrics_model_b": {
    "ndcg": 0.2288210633515751,
    "spearman": 0.6453837597330366,
    "mrr_top2": 0.25,
    "mrr_top4": 0.25,
    "ndcg10": 0.2288210633515751,
    "ndcg_at_4": 0.16775742802418675,
    "ndcg_at_12": 0.4319032479374054,
    "ndcg_at_16": 0.4319639673657033,
    "ndcg_at_20": 0.4319997032866511,
    "roc_auc_upset": 0.7053571428571429
  },
  "test_metrics_model_c": {
    "ndcg": 0.05304264223120525,
    "spearman": 0.31523915461624025,
    "mrr_top2": 0.0625,
    "mrr_top4": 0.2,
    "ndcg10": 0.05304264223120525,
    "ndcg_at_4": 0.0072603807417201014,
    "ndcg_at_12": 0.058691352012581785,
    "ndcg_at_16": 0.17873880497176609,
    "ndcg_at_20": 0.18113652215618123,
    "roc_auc_upset": 0.8169642857142857
  },
  "test_metrics_by_conference": {
    "E": {
      "ndcg": 0.26408643421126676,
      "spearman": 0.24642857142857136
    },
    "W": {
      "ndcg": 0.7524991469189859,
      "spearman": 0.7071428571428571
    }
  },
  "notes": {
    "eos_rank_source": "eos_final_rank"
  }
}