{
  "test_metrics_ensemble": {
    "ndcg": 0.40305175208047683,
    "spearman": 0.43359288097886545,
    "mrr_top2": 1.0,
    "mrr_top4": 1.0,
    "ndcg10": 0.40305175208047683,
    "ndcg_at_4": 0.3560053866302678,
    "ndcg_at_12": 0.5784919081788255,
    "ndcg_at_16": 0.5797854597738152,
    "ndcg_at_20": 0.5806803153652297,
    "roc_auc_upset": 0.7828054298642534,
    "rank_mae_pred_vs_playoff_final_results": 7.400000095367432,
    "rank_rmse_pred_vs_playoff_final_results": 9.212310791015625,
    "rank_mae_eos_standings_vs_playoff_final_results": 3.7333333333333334,
    "rank_rmse_eos_standings_vs_playoff_final_results": 6.093712606722878,
    "playoff_metrics": {
      "spearman_pred_vs_playoff_final_results": 0.4540600667408231,
      "ndcg_at_4_final_four": 0.3560053866302678,
      "ndcg10_pred_vs_playoff_final_results": 0.4030570013797636,
      "brier_championship_odds": 0.03222232684493065,
      "rank_mae_pred_vs_playoff_final_results": 7.400000095367432,
      "rank_rmse_pred_vs_playoff_final_results": 9.212310791015625,
      "rank_mae_eos_standings_vs_playoff_final_results": 3.7333333333333334,
      "rank_rmse_eos_standings_vs_playoff_final_results": 6.093712606722878
    }
  },
  "test_metrics_model_a": {
    "ndcg": 0.40305175208047683,
    "spearman": 0.4282536151279199,
    "mrr_top2": 1.0,
    "mrr_top4": 1.0,
    "ndcg10": 0.40305175208047683,
    "ndcg_at_4": 0.3560053866302678,
    "ndcg_at_12": 0.5784919081788255,
    "ndcg_at_16": 0.5797854597738152,
    "ndcg_at_20": 0.5806803153652297,
    "roc_auc_upset": 0.7873303167420814
  },
  "test_metrics_model_b": {
    "ndcg": 0.818729891175923,
    "spearman": 0.4629588431590656,
    "mrr_top2": 1.0,
    "mrr_top4": 1.0,
    "ndcg10": 0.818729891175923,
    "ndcg_at_4": 0.705915834267812,
    "ndcg_at_12": 0.8185176127180886,
    "ndcg_at_16": 0.8185557069802756,
    "ndcg_at_20": 0.8622772603362457,
    "roc_auc_upset": 0.7239819004524887
  },
  "test_metrics_model_c": {
    "ndcg": 0.33348743391404295,
    "spearman": 0.24582869855394882,
    "mrr_top2": 0.16666666666666666,
    "mrr_top4": 0.16666666666666666,
    "ndcg10": 0.33348743391404295,
    "ndcg_at_4": 0.001111095381373398,
    "ndcg_at_12": 0.3389077264996702,
    "ndcg_at_16": 0.3596643455146382,
    "ndcg_at_20": 0.37000033942981986,
    "roc_auc_upset": 0.8088888888888889
  },
  "test_metrics_by_conference": {
    "E": {
      "ndcg": 0.36537266867192947,
      "spearman": 0.2642857142857143
    },
    "W": {
      "ndcg": 0.931078638698556,
      "spearman": 0.6357142857142856
    }
  },
  "notes": {
    "eos_rank_source": "eos_final_rank"
  }
}