{
  "notes": {
    "eval_on": "test",
    "eos_rank_source": "eos_final_rank",
    "upset_definition": "sleeper = EOS_global_rank > predicted_strength",
    "mrr_top2": "1/rank of first team in top 2 (champion+runner-up) in predicted order.",
    "mrr_top4": "1/rank of first team in top 4 (conference finals) in predicted order.",
    "per_conference_relevance": "Within E/W: actual rank derived from EOS_global_rank (1=best in conf); NDCG/Spearman use this relevance.",
    "playoff_metrics": "Spearman (pred global vs playoff_final_results), NDCG@4 (final four), Brier (champion vs odds). rank_mae/rank_rmse: pred vs playoff_final_results; eos_standings vs playoff_final_results (baseline)."
  },
  "split_info": {
    "train_frac": 0.75,
    "n_train_dates": 141,
    "n_test_dates": 36,
    "split_mode": "seasons"
  },
  "test_metrics_ensemble": {
    "ndcg": 0.5329049440610145,
    "spearman": 0.4981090100111235,
    "mrr_top2": 0.5,
    "mrr_top4": 0.5,
    "ndcg10": 0.5329049440610145,
    "ndcg_at_4": 0.4643944167678145,
    "ndcg_at_12": 0.5331195414449853,
    "ndcg_at_16": 0.5331003441593323,
    "ndcg_at_20": 0.5366678801409862,
    "roc_auc_upset": 0.746606334841629,
    "rank_mae_pred_vs_playoff_final_results": 6.733333110809326,
    "rank_rmse_pred_vs_playoff_final_results": 8.671792984008789,
    "rank_mae_eos_standings_vs_playoff_final_results": 3.1333333333333333,
    "rank_rmse_eos_standings_vs_playoff_final_results": 4.449719092257398,
    "playoff_metrics": {
      "spearman_pred_vs_playoff_final_results": 0.49543937708565067,
      "ndcg_at_4_final_four": 0.4643812234227066,
      "ndcg10_pred_vs_playoff_final_results": 0.5328921116337191,
      "brier_championship_odds": 0.03222232684493065,
      "rank_mae_pred_vs_playoff_final_results": 6.733333110809326,
      "rank_rmse_pred_vs_playoff_final_results": 8.671792984008789,
      "rank_mae_eos_standings_vs_playoff_final_results": 3.1333333333333333,
      "rank_rmse_eos_standings_vs_playoff_final_results": 4.449719092257398
    }
  },
  "test_metrics_model_a": {
    "ndcg": 0.5329049440610145,
    "spearman": 0.49365962180200224,
    "mrr_top2": 0.5,
    "mrr_top4": 0.5,
    "ndcg10": 0.5329049440610145,
    "ndcg_at_4": 0.4643944167678145,
    "ndcg_at_12": 0.5331085189413459,
    "ndcg_at_16": 0.5330893225011846,
    "ndcg_at_20": 0.536656854124121,
    "roc_auc_upset": 0.751131221719457
  },
  "test_metrics_model_b": {
    "ndcg": 0.2288210633515751,
    "spearman": 0.6453837597330366,
    "mrr_top2": 0.25,
    "mrr_top4": 0.25,
    "ndcg10": 0.2288210633515751,
    "ndcg_at_4": 0.16775742802418675,
    "ndcg_at_12": 0.4319032479374054,
    "ndcg_at_16": 0.4319639673657033,
    "ndcg_at_20": 0.4319997032866511,
    "roc_auc_upset": 0.7053571428571429
  },
  "test_metrics_model_c": {
    "ndcg": 0.05304264223120525,
    "spearman": 0.31523915461624025,
    "mrr_top2": 0.0625,
    "mrr_top4": 0.2,
    "ndcg10": 0.05304264223120525,
    "ndcg_at_4": 0.0072603807417201014,
    "ndcg_at_12": 0.058691352012581785,
    "ndcg_at_16": 0.17873880497176609,
    "ndcg_at_20": 0.18113652215618123,
    "roc_auc_upset": 0.8169642857142857
  },
  "test_metrics_by_conference": {
    "E": {
      "ndcg": 0.26408643421126676,
      "spearman": 0.24642857142857136
    },
    "W": {
      "ndcg": 0.7524991469189859,
      "spearman": 0.7071428571428571
    }
  },
  "by_season": {
    "2023-24": {
      "test_metrics_ensemble": {
        "ndcg": 0.40305175208047683,
        "spearman": 0.43359288097886545,
        "mrr_top2": 1.0,
        "mrr_top4": 1.0,
        "ndcg10": 0.40305175208047683,
        "ndcg_at_4": 0.3560053866302678,
        "ndcg_at_12": 0.5784919081788255,
        "ndcg_at_16": 0.5797854597738152,
        "ndcg_at_20": 0.5806803153652297,
        "roc_auc_upset": 0.7828054298642534,
        "rank_mae_pred_vs_playoff_final_results": 7.400000095367432,
        "rank_rmse_pred_vs_playoff_final_results": 9.212310791015625,
        "rank_mae_eos_standings_vs_playoff_final_results": 3.7333333333333334,
        "rank_rmse_eos_standings_vs_playoff_final_results": 6.093712606722878,
        "playoff_metrics": {
          "spearman_pred_vs_playoff_final_results": 0.4540600667408231,
          "ndcg_at_4_final_four": 0.3560053866302678,
          "ndcg10_pred_vs_playoff_final_results": 0.4030570013797636,
          "brier_championship_odds": 0.03222232684493065,
          "rank_mae_pred_vs_playoff_final_results": 7.400000095367432,
          "rank_rmse_pred_vs_playoff_final_results": 9.212310791015625,
          "rank_mae_eos_standings_vs_playoff_final_results": 3.7333333333333334,
          "rank_rmse_eos_standings_vs_playoff_final_results": 6.093712606722878
        }
      },
      "test_metrics_model_a": {
        "ndcg": 0.40305175208047683,
        "spearman": 0.4282536151279199,
        "mrr_top2": 1.0,
        "mrr_top4": 1.0,
        "ndcg10": 0.40305175208047683,
        "ndcg_at_4": 0.3560053866302678,
        "ndcg_at_12": 0.5784919081788255,
        "ndcg_at_16": 0.5797854597738152,
        "ndcg_at_20": 0.5806803153652297,
        "roc_auc_upset": 0.7873303167420814
      },
      "test_metrics_model_b": {
        "ndcg": 0.818729891175923,
        "spearman": 0.4629588431590656,
        "mrr_top2": 1.0,
        "mrr_top4": 1.0,
        "ndcg10": 0.818729891175923,
        "ndcg_at_4": 0.705915834267812,
        "ndcg_at_12": 0.8185176127180886,
        "ndcg_at_16": 0.8185557069802756,
        "ndcg_at_20": 0.8622772603362457,
        "roc_auc_upset": 0.7239819004524887
      },
      "test_metrics_model_c": {
        "ndcg": 0.33348743391404295,
        "spearman": 0.24582869855394882,
        "mrr_top2": 0.16666666666666666,
        "mrr_top4": 0.16666666666666666,
        "ndcg10": 0.33348743391404295,
        "ndcg_at_4": 0.001111095381373398,
        "ndcg_at_12": 0.3389077264996702,
        "ndcg_at_16": 0.3596643455146382,
        "ndcg_at_20": 0.37000033942981986,
        "roc_auc_upset": 0.8088888888888889
      },
      "test_metrics_by_conference": {
        "E": {
          "ndcg": 0.36537266867192947,
          "spearman": 0.2642857142857143
        },
        "W": {
          "ndcg": 0.931078638698556,
          "spearman": 0.6357142857142856
        }
      },
      "notes": {
        "eos_rank_source": "eos_final_rank"
      }
    },
    "2024-25": {
      "test_metrics_ensemble": {
        "ndcg": 0.5329049440610145,
        "spearman": 0.4981090100111235,
        "mrr_top2": 0.5,
        "mrr_top4": 0.5,
        "ndcg10": 0.5329049440610145,
        "ndcg_at_4": 0.4643944167678145,
        "ndcg_at_12": 0.5331195414449853,
        "ndcg_at_16": 0.5331003441593323,
        "ndcg_at_20": 0.5366678801409862,
        "roc_auc_upset": 0.746606334841629,
        "rank_mae_pred_vs_playoff_final_results": 6.733333110809326,
        "rank_rmse_pred_vs_playoff_final_results": 8.671792984008789,
        "rank_mae_eos_standings_vs_playoff_final_results": 3.1333333333333333,
        "rank_rmse_eos_standings_vs_playoff_final_results": 4.449719092257398,
        "playoff_metrics": {
          "spearman_pred_vs_playoff_final_results": 0.49543937708565067,
          "ndcg_at_4_final_four": 0.4643812234227066,
          "ndcg10_pred_vs_playoff_final_results": 0.5328921116337191,
          "brier_championship_odds": 0.03222232684493065,
          "rank_mae_pred_vs_playoff_final_results": 6.733333110809326,
          "rank_rmse_pred_vs_playoff_final_results": 8.671792984008789,
          "rank_mae_eos_standings_vs_playoff_final_results": 3.1333333333333333,
          "rank_rmse_eos_standings_vs_playoff_final_results": 4.449719092257398
        }
      },
      "test_metrics_model_a": {
        "ndcg": 0.5329049440610145,
        "spearman": 0.49365962180200224,
        "mrr_top2": 0.5,
        "mrr_top4": 0.5,
        "ndcg10": 0.5329049440610145,
        "ndcg_at_4": 0.4643944167678145,
        "ndcg_at_12": 0.5331085189413459,
        "ndcg_at_16": 0.5330893225011846,