{
  "notes": {
    "eval_on": "test",
    "eos_rank_source": "eos_final_rank",
    "upset_definition": "sleeper = EOS_global_rank > predicted_strength",
    "mrr_top2": "1/rank of first team in top 2 (champion+runner-up) in predicted order.",
    "mrr_top4": "1/rank of first team in top 4 (conference finals) in predicted order.",
    "per_conference_relevance": "Within E/W: actual rank derived from EOS_global_rank (1=best in conf); NDCG/Spearman use this relevance.",
    "playoff_metrics": "Spearman (pred global vs playoff_final_results), NDCG@4 (final four), Brier (champion vs odds). rank_mae/rank_rmse: pred vs playoff_final_results; eos_standings vs playoff_final_results (baseline)."
  },
  "split_info": {
    "train_frac": 0.75,
    "n_train_dates": 141,
    "n_test_dates": 36,
    "split_mode": "seasons"
  },
  "test_metrics_ensemble": {
    "ndcg": 0.48211808063496436,
    "spearman": 0.48075639599555064,
    "mrr_top2": 0.5,
    "mrr_top4": 0.5,
    "ndcg10": 0.48211808063496436,
    "ndcg_at_4": 0.4643519436832566,
    "ndcg_at_12": 0.5272919154555483,
    "ndcg_at_16": 0.5285152088217947,
    "ndcg_at_20": 0.5290905571486284,
    "roc_auc_upset": 0.7955555555555556,
    "rank_mae_pred_vs_playoff_final_results": 7.066666603088379,
    "rank_rmse_pred_vs_playoff_final_results": 8.820430755615234,
    "rank_mae_eos_standings_vs_playoff_final_results": 3.1333333333333333,
    "rank_rmse_eos_standings_vs_playoff_final_results": 4.449719092257398,
    "playoff_metrics": {
      "spearman_pred_vs_playoff_final_results": 0.48787541713014465,
      "ndcg_at_4_final_four": 0.46433662668392073,
      "ndcg10_pred_vs_playoff_final_results": 0.48210319041283356,
      "brier_championship_odds": 0.03222232684493065,
      "rank_mae_pred_vs_playoff_final_results": 7.066666603088379,
      "rank_rmse_pred_vs_playoff_final_results": 8.820430755615234,
      "rank_mae_eos_standings_vs_playoff_final_results": 3.1333333333333333,
      "rank_rmse_eos_standings_vs_playoff_final_results": 4.449719092257398
    }
  },
  "test_metrics_model_a": {
    "ndcg": 0.48211808063496436,
    "spearman": 0.48075639599555064,
    "mrr_top2": 0.5,
    "mrr_top4": 0.5,
    "ndcg10": 0.48211808063496436,
    "ndcg_at_4": 0.4643519436832566,
    "ndcg_at_12": 0.5272919154555483,
    "ndcg_at_16": 0.5285152088217947,
    "ndcg_at_20": 0.5290905571486284,
    "roc_auc_upset": 0.7955555555555556
  },
  "test_metrics_model_b": {
    "ndcg": 0.2143905751708314,
    "spearman": 0.5911012235817574,
    "mrr_top2": 0.2,
    "mrr_top4": 0.2,
    "ndcg10": 0.2143905751708314,
    "ndcg_at_4": 0.04166423104576856,
    "ndcg_at_12": 0.21434532360921518,
    "ndcg_at_16": 0.3941447157799995,
    "ndcg_at_20": 0.39414384847556283,
    "roc_auc_upset": 0.7866666666666666
  },
  "test_metrics_model_c": {
    "ndcg": 0.05304264223120525,
    "spearman": 0.31835372636262516,
    "mrr_top2": 0.06666666666666667,
    "mrr_top4": 0.2,
    "ndcg10": 0.05304264223120525,
    "ndcg_at_4": 0.0072603807417201014,
    "ndcg_at_12": 0.058691352012581785,
    "ndcg_at_16": 0.17960748008632796,
    "ndcg_at_20": 0.18200519345011773,
    "roc_auc_upset": 0.8169642857142857
  },
  "test_metrics_by_conference": {
    "E": {
      "ndcg": 0.2535134396955579,
      "spearman": 0.2785714285714285
    },
    "W": {
      "ndcg": 0.7377683051579114,
      "spearman": 0.6714285714285713
    }
  },
  "by_season": {
    "2023-24": {
      "test_metrics_ensemble": {
        "ndcg": 0.5841756198195105,
        "spearman": 0.4042269187986652,
        "mrr_top2": 1.0,
        "mrr_top4": 1.0,
        "ndcg10": 0.5841756198195105,
        "ndcg_at_4": 0.35315119534797357,
        "ndcg_at_12": 0.6279138661013227,
        "ndcg_at_16": 0.6291356453645707,
        "ndcg_at_20": 0.6297506979495467,
        "roc_auc_upset": 0.7946428571428571,
        "rank_mae_pred_vs_playoff_final_results": 7.266666889190674,
        "rank_rmse_pred_vs_playoff_final_results": 9.448103904724121,
        "rank_mae_eos_standings_vs_playoff_final_results": 3.7333333333333334,
        "rank_rmse_eos_standings_vs_playoff_final_results": 6.093712606722878,
        "playoff_metrics": {
          "spearman_pred_vs_playoff_final_results": 0.4883203559510568,
          "ndcg_at_4_final_four": 0.35315119534797357,
          "ndcg10_pred_vs_playoff_final_results": 0.5841808691187972,
          "brier_championship_odds": 0.03222232684493065,
          "rank_mae_pred_vs_playoff_final_results": 7.266666889190674,
          "rank_rmse_pred_vs_playoff_final_results": 9.448103904724121,
          "rank_mae_eos_standings_vs_playoff_final_results": 3.7333333333333334,
          "rank_rmse_eos_standings_vs_playoff_final_results": 6.093712606722878
        }
      },
      "test_metrics_model_a": {
        "ndcg": 0.5695452629711343,
        "spearman": 0.39621802002224693,
        "mrr_top2": 1.0,
        "mrr_top4": 1.0,
        "ndcg10": 0.5695452629711343,
        "ndcg_at_4": 0.35315119534797357,
        "ndcg_at_12": 0.6132873521674806,
        "ndcg_at_16": 0.6145102533715624,
        "ndcg_at_20": 0.6151252105251352,
        "roc_auc_upset": 0.84
      },
      "test_metrics_model_b": {
        "ndcg": 0.8080055642765666,
        "spearman": 0.31345939933259176,
        "mrr_top2": 1.0,
        "mrr_top4": 1.0,
        "ndcg10": 0.8080055642765666,
        "ndcg_at_4": 0.729074614628521,
        "ndcg_at_12": 0.8078181250462941,
        "ndcg_at_16": 0.8077569447947492,
        "ndcg_at_20": 0.8078344073724005,
        "roc_auc_upset": 0.8571428571428572
      },
      "test_metrics_model_c": {
        "ndcg": 0.33348743391404295,
        "spearman": 0.2525027808676307,
        "mrr_top2": 0.16666666666666666,
        "mrr_top4": 0.16666666666666666,
        "ndcg10": 0.33348743391404295,
        "ndcg_at_4": 0.001111095381373398,
        "ndcg_at_12": 0.3389077264996702,
        "ndcg_at_16": 0.360207631502753,
        "ndcg_at_20": 0.3705436230284426,
        "roc_auc_upset": 0.8044444444444445
      },
      "test_metrics_by_conference": {
        "E": {
          "ndcg": 0.4050499105369627,
          "spearman": 0.2285714285714285
        },
        "W": {
          "ndcg": 0.9140059176456735,
          "spearman": 0.4928571428571427
        }
      },
      "notes": {
        "eos_rank_source": "eos_final_rank"
      }
    },
    "2024-25": {
      "test_metrics_ensemble": {
        "ndcg": 0.48211808063496436,
        "spearman": 0.48075639599555064,
        "mrr_top2": 0.5,
        "mrr_top4": 0.5,
        "ndcg10": 0.48211808063496436,
        "ndcg_at_4": 0.4643519436832566,
        "ndcg_at_12": 0.5272919154555483,
        "ndcg_at_16": 0.5285152088217947,
        "ndcg_at_20": 0.5290905571486284,
        "roc_auc_upset": 0.7955555555555556,
        "rank_mae_pred_vs_playoff_final_results": 7.066666603088379,
        "rank_rmse_pred_vs_playoff_final_results": 8.820430755615234,
        "rank_mae_eos_standings_vs_playoff_final_results": 3.1333333333333333,
        "rank_rmse_eos_standings_vs_playoff_final_results": 4.449719092257398,
        "playoff_metrics": {
          "spearman_pred_vs_playoff_final_results": 0.48787541713014465,
          "ndcg_at_4_final_four": 0.46433662668392073,
          "ndcg10_pred_vs_playoff_final_results": 0.48210319041283356,
          "brier_championship_odds": 0.03222232684493065,
          "rank_mae_pred_vs_playoff_final_results": 7.066666603088379,
          "rank_rmse_pred_vs_playoff_final_results": 8.820430755615234,
          "rank_mae_eos_standings_vs_playoff_final_results": 3.1333333333333333,
          "rank_rmse_eos_standings_vs_playoff_final_results": 4.449719092257398
        }
      },
      "test_metrics_model_a": {
        "ndcg": 0.48211808063496436,
        "spearman": 0.48075639599555064,
        "mrr_top2": 0.5,
        "mrr_top4": 0.5,
        "ndcg10": 0.48211808063496436,
        "ndcg_at_4": 0.4643519436832566,
        "ndcg_at_12": 0.5272919154555483,
        "ndcg_at_16": 0.5285152088217947,