{
  "test_metrics_ensemble": {
    "ndcg": 0.5516940067859606,
    "spearman": 0.4068965517241379,
    "mrr_top2": 1.0,
    "mrr_top4": 1.0,
    "ndcg10": 0.5516940067859606,
    "ndcg_at_4": 0.3560053866302678,
    "ndcg_at_12": 0.5529260668264905,
    "ndcg_at_16": 0.5955354572062201,
    "ndcg_at_20": 0.5961392324835879,
    "roc_auc_upset": 0.7828054298642534,
    "rank_mae_pred_vs_playoff_final_results": 7.5333333015441895,
    "rank_rmse_pred_vs_playoff_final_results": 9.426912307739258,
    "rank_mae_eos_standings_vs_playoff_final_results": 3.7333333333333334,
    "rank_rmse_eos_standings_vs_playoff_final_results": 6.093712606722878,
    "playoff_metrics": {
      "spearman_pred_vs_playoff_final_results": 0.4642936596218019,
      "ndcg_at_4_final_four": 0.3560053866302678,
      "ndcg10_pred_vs_playoff_final_results": 0.5516990188545419,
      "brier_championship_odds": 0.03222232684493065,
      "rank_mae_pred_vs_playoff_final_results": 7.5333333015441895,
      "rank_rmse_pred_vs_playoff_final_results": 9.426912307739258,
      "rank_mae_eos_standings_vs_playoff_final_results": 3.7333333333333334,
      "rank_rmse_eos_standings_vs_playoff_final_results": 6.093712606722878
    }
  },
  "test_metrics_model_a": {
    "ndcg": 0.5516940067859606,
    "spearman": 0.40333704115684094,
    "mrr_top2": 1.0,
    "mrr_top4": 1.0,
    "ndcg10": 0.5516940067859606,
    "ndcg_at_4": 0.3560053866302678,
    "ndcg_at_12": 0.5954407849213776,
    "ndcg_at_16": 0.596729231147179,
    "ndcg_at_20": 0.5973330011740648,
    "roc_auc_upset": 0.7592592592592592
  },
  "test_metrics_model_b": {
    "ndcg": 0.8121813171277064,
    "spearman": 0.4887652947719689,
    "mrr_top2": 1.0,
    "mrr_top4": 1.0,
    "ndcg10": 0.8121813171277064,
    "ndcg_at_4": 0.6907114070725182,
    "ndcg_at_12": 0.8119907721152174,
    "ndcg_at_16": 0.8170890282483545,
    "ndcg_at_20": 0.8553170545614279,
    "roc_auc_upset": 0.7420814479638009
  },
  "test_metrics_model_c": {
    "ndcg": 0.333487026575135,
    "spearman": 0.23159065628476083,
    "mrr_top2": 0.16666666666666666,
    "mrr_top4": 0.16666666666666666,
    "ndcg10": 0.333487026575135,
    "ndcg_at_4": 0.0011069724610271625,
    "ndcg_at_12": 0.33890731926775686,
    "ndcg_at_16": 0.35966393831396193,
    "ndcg_at_20": 0.3699999322309346,
    "roc_auc_upset": 0.7633928571428571
  },
  "test_metrics_by_conference": {
    "E": {
      "ndcg": 0.3869402032684001,
      "spearman": 0.2821428571428571
    },
    "W": {
      "ndcg": 0.9120342308685592,
      "spearman": 0.5071428571428571
    }
  },
  "notes": {
    "eos_rank_source": "eos_final_rank"
  }
}