{
  "notes": {
    "eval_on": "test",
    "eos_rank_source": "eos_final_rank",
    "upset_definition": "sleeper = EOS_global_rank > predicted_strength",
    "mrr_top2": "1/rank of first team in top 2 (champion+runner-up) in predicted order.",
    "mrr_top4": "1/rank of first team in top 4 (conference finals) in predicted order.",
    "per_conference_relevance": "Within E/W: actual rank derived from EOS_global_rank (1=best in conf); NDCG/Spearman use this relevance.",
    "playoff_metrics": "Spearman (pred global vs playoff_final_results), NDCG@4 (final four), Brier (champion vs odds). rank_mae/rank_rmse: pred vs playoff_final_results; eos_standings vs playoff_final_results (baseline)."
  },
  "split_info": {
    "train_frac": 0.75,
    "n_train_dates": 141,
    "n_test_dates": 36,
    "split_mode": "seasons"
  },
  "test_metrics_ensemble": {
    "ndcg": 0.4887541285863987,
    "spearman": 0.49766407119021133,
    "mrr_top2": 0.5,
    "mrr_top4": 0.5,
    "ndcg10": 0.4887541285863987,
    "ndcg_at_4": 0.46449490234372454,
    "ndcg_at_12": 0.5325126004210793,
    "ndcg_at_16": 0.5337354674946847,
    "ndcg_at_20": 0.5361223116344321,
    "roc_auc_upset": 0.7822222222222223,
    "rank_mae_pred_vs_playoff_final_results": 6.866666793823242,
    "rank_rmse_pred_vs_playoff_final_results": 8.675636291503906,
    "rank_mae_eos_standings_vs_playoff_final_results": 3.1333333333333333,
    "rank_rmse_eos_standings_vs_playoff_final_results": 4.449719092257398,
    "playoff_metrics": {
      "spearman_pred_vs_playoff_final_results": 0.4994438264738598,
      "ndcg_at_4_final_four": 0.46449490234372454,
      "ndcg10_pred_vs_playoff_final_results": 0.48874351614627615,
      "brier_championship_odds": 0.03222232684493065,
      "rank_mae_pred_vs_playoff_final_results": 6.866666793823242,
      "rank_rmse_pred_vs_playoff_final_results": 8.675636291503906,
      "rank_mae_eos_standings_vs_playoff_final_results": 3.1333333333333333,
      "rank_rmse_eos_standings_vs_playoff_final_results": 4.449719092257398
    }
  },
  "test_metrics_model_a": {
    "ndcg": 0.48877612263438586,
    "spearman": 0.4981090100111235,
    "mrr_top2": 0.5,
    "mrr_top4": 0.5,
    "ndcg10": 0.48877612263438586,
    "ndcg_at_4": 0.4645175546554888,
    "ndcg_at_12": 0.532534588691952,
    "ndcg_at_16": 0.5337574540789258,
    "ndcg_at_20": 0.5361442981219714,
    "roc_auc_upset": 0.7822222222222223
  },
  "test_metrics_model_b": {
    "ndcg": 0.2088295560881458,
    "spearman": 0.6240266963292548,
    "mrr_top2": 0.16666666666666666,
    "mrr_top4": 0.16666666666666666,
    "ndcg10": 0.2088295560881458,
    "ndcg_at_4": 0.04166423104576856,
    "ndcg_at_12": 0.23143531852980698,
    "ndcg_at_16": 0.23154206559735965,
    "ndcg_at_20": 0.3873088344352123,
    "roc_auc_upset": 0.7285067873303168
  },
  "test_metrics_model_c": {
    "ndcg": 0.05139534647930671,
    "spearman": 0.2961067853170189,
    "mrr_top2": 0.06666666666666667,
    "mrr_top4": 0.2,
    "ndcg10": 0.05139534647930671,
    "ndcg_at_4": 0.0072603807417201014,
    "ndcg_at_12": 0.05704448895120833,
    "ndcg_at_16": 0.1779607433491712,
    "ndcg_at_20": 0.18031755618634426,
    "roc_auc_upset": 0.8303571428571428
  },
  "test_metrics_by_conference": {
    "E": {
      "ndcg": 0.26049363773702766,
      "spearman": 0.2571428571428571
    },
    "W": {
      "ndcg": 0.7510775020335729,
      "spearman": 0.6535714285714285
    }
  },
  "by_season": {
    "2023-24": {
      "test_metrics_ensemble": {
        "ndcg": 0.4024125731894161,
        "spearman": 0.3890989988876529,
        "mrr_top2": 1.0,
        "mrr_top4": 1.0,
        "ndcg10": 0.4024125731894161,
        "ndcg_at_4": 0.35315119534797357,
        "ndcg_at_12": 0.5835489382550658,
        "ndcg_at_16": 0.5848043734064478,
        "ndcg_at_20": 0.5854103494259524,
        "roc_auc_upset": 0.7455357142857143,
        "rank_mae_pred_vs_playoff_final_results": 7.599999904632568,
        "rank_rmse_pred_vs_playoff_final_results": 9.567305564880371,
        "rank_mae_eos_standings_vs_playoff_final_results": 3.7333333333333334,
        "rank_rmse_eos_standings_vs_playoff_final_results": 6.093712606722878,
        "playoff_metrics": {
          "spearman_pred_vs_playoff_final_results": 0.43270300333704115,
          "ndcg_at_4_final_four": 0.35315119534797357,
          "ndcg10_pred_vs_playoff_final_results": 0.402412893697246,
          "brier_championship_odds": 0.03222232684493065,
          "rank_mae_pred_vs_playoff_final_results": 7.599999904632568,
          "rank_rmse_pred_vs_playoff_final_results": 9.567305564880371,
          "rank_mae_eos_standings_vs_playoff_final_results": 3.7333333333333334,
          "rank_rmse_eos_standings_vs_playoff_final_results": 6.093712606722878
        }
      },
      "test_metrics_model_a": {
        "ndcg": 0.4024125731894161,
        "spearman": 0.3837597330367074,
        "mrr_top2": 1.0,
        "mrr_top4": 1.0,
        "ndcg10": 0.4024125731894161,
        "ndcg_at_4": 0.35315119534797357,
        "ndcg_at_12": 0.5778957528268169,
        "ndcg_at_16": 0.5791516216112301,
        "ndcg_at_20": 0.579757622492788,
        "roc_auc_upset": 0.75
      },
      "test_metrics_model_b": {
        "ndcg": 0.8121080417546735,
        "spearman": 0.4269187986651835,
        "mrr_top2": 1.0,
        "mrr_top4": 1.0,
        "ndcg10": 0.8121080417546735,
        "ndcg_at_4": 0.6907114070725182,
        "ndcg_at_12": 0.8119195249382226,
        "ndcg_at_16": 0.8119356305465383,
        "ndcg_at_20": 0.8550266932220292,
        "roc_auc_upset": 0.7544642857142857
      },
      "test_metrics_model_c": {
        "ndcg": 0.333487026575135,
        "spearman": 0.23159065628476083,
        "mrr_top2": 0.16666666666666666,
        "mrr_top4": 0.16666666666666666,
        "ndcg10": 0.333487026575135,
        "ndcg_at_4": 0.0011069724610271625,
        "ndcg_at_12": 0.33890731926775686,
        "ndcg_at_16": 0.35966393831396193,
        "ndcg_at_20": 0.3699999322309346,
        "roc_auc_upset": 0.7633928571428571
      },
      "test_metrics_by_conference": {
        "E": {
          "ndcg": 0.3851402749883562,
          "spearman": 0.28571428571428564
        },
        "W": {
          "ndcg": 0.9278508739047142,
          "spearman": 0.48571428571428565
        }
      },
      "notes": {
        "eos_rank_source": "eos_final_rank"
      }
    },
    "2024-25": {
      "test_metrics_ensemble": {
        "ndcg": 0.4887541285863987,
        "spearman": 0.49766407119021133,
        "mrr_top2": 0.5,
        "mrr_top4": 0.5,
        "ndcg10": 0.4887541285863987,
        "ndcg_at_4": 0.46449490234372454,
        "ndcg_at_12": 0.5325126004210793,
        "ndcg_at_16": 0.5337354674946847,
        "ndcg_at_20": 0.5361223116344321,
        "roc_auc_upset": 0.7822222222222223,
        "rank_mae_pred_vs_playoff_final_results": 6.866666793823242,
        "rank_rmse_pred_vs_playoff_final_results": 8.675636291503906,
        "rank_mae_eos_standings_vs_playoff_final_results": 3.1333333333333333,
        "rank_rmse_eos_standings_vs_playoff_final_results": 4.449719092257398,
        "playoff_metrics": {
          "spearman_pred_vs_playoff_final_results": 0.4994438264738598,
          "ndcg_at_4_final_four": 0.46449490234372454,
          "ndcg10_pred_vs_playoff_final_results": 0.48874351614627615,
          "brier_championship_odds": 0.03222232684493065,
          "rank_mae_pred_vs_playoff_final_results": 6.866666793823242,
          "rank_rmse_pred_vs_playoff_final_results": 8.675636291503906,
          "rank_mae_eos_standings_vs_playoff_final_results": 3.1333333333333333,
          "rank_rmse_eos_standings_vs_playoff_final_results": 4.449719092257398
        }
      },
      "test_metrics_model_a": {
        "ndcg": 0.48877612263438586,
        "spearman": 0.4981090100111235,
        "mrr_top2": 0.5,
        "mrr_top4": 0.5,
        "ndcg10": 0.48877612263438586,
        "ndcg_at_4": 0.4645175546554888,
        "ndcg_at_12": 0.532534588691952,