{
  "test_metrics_ensemble": {
    "ndcg": 0.4024125731894161,
    "spearman": 0.3890989988876529,
    "mrr_top2": 1.0,
    "mrr_top4": 1.0,
    "ndcg10": 0.4024125731894161,
    "ndcg_at_4": 0.35315119534797357,
    "ndcg_at_12": 0.5835489382550658,
    "ndcg_at_16": 0.5848043734064478,
    "ndcg_at_20": 0.5854103494259524,
    "roc_auc_upset": 0.7455357142857143,
    "rank_mae_pred_vs_playoff_final_results": 7.599999904632568,
    "rank_rmse_pred_vs_playoff_final_results": 9.567305564880371,
    "rank_mae_eos_standings_vs_playoff_final_results": 3.7333333333333334,
    "rank_rmse_eos_standings_vs_playoff_final_results": 6.093712606722878,
    "playoff_metrics": {
      "spearman_pred_vs_playoff_final_results": 0.43270300333704115,
      "ndcg_at_4_final_four": 0.35315119534797357,
      "ndcg10_pred_vs_playoff_final_results": 0.402412893697246,
      "brier_championship_odds": 0.03222232684493065,
      "rank_mae_pred_vs_playoff_final_results": 7.599999904632568,
      "rank_rmse_pred_vs_playoff_final_results": 9.567305564880371,
      "rank_mae_eos_standings_vs_playoff_final_results": 3.7333333333333334,
      "rank_rmse_eos_standings_vs_playoff_final_results": 6.093712606722878
    }
  },
  "test_metrics_model_a": {
    "ndcg": 0.4024125731894161,
    "spearman": 0.3837597330367074,
    "mrr_top2": 1.0,
    "mrr_top4": 1.0,
    "ndcg10": 0.4024125731894161,
    "ndcg_at_4": 0.35315119534797357,
    "ndcg_at_12": 0.5778957528268169,
    "ndcg_at_16": 0.5791516216112301,
    "ndcg_at_20": 0.579757622492788,
    "roc_auc_upset": 0.75
  },
  "test_metrics_model_b": {
    "ndcg": 0.8121080417546735,
    "spearman": 0.4269187986651835,
    "mrr_top2": 1.0,
    "mrr_top4": 1.0,
    "ndcg10": 0.8121080417546735,
    "ndcg_at_4": 0.6907114070725182,
    "ndcg_at_12": 0.8119195249382226,
    "ndcg_at_16": 0.8119356305465383,
    "ndcg_at_20": 0.8550266932220292,
    "roc_auc_upset": 0.7544642857142857
  },
  "test_metrics_model_c": {
    "ndcg": 0.333487026575135,
    "spearman": 0.23159065628476083,
    "mrr_top2": 0.16666666666666666,
    "mrr_top4": 0.16666666666666666,
    "ndcg10": 0.333487026575135,
    "ndcg_at_4": 0.0011069724610271625,
    "ndcg_at_12": 0.33890731926775686,
    "ndcg_at_16": 0.35966393831396193,
    "ndcg_at_20": 0.3699999322309346,
    "roc_auc_upset": 0.7633928571428571
  },
  "test_metrics_by_conference": {
    "E": {
      "ndcg": 0.3851402749883562,
      "spearman": 0.28571428571428564
    },
    "W": {
      "ndcg": 0.9278508739047142,
      "spearman": 0.48571428571428565
    }
  },
  "notes": {
    "eos_rank_source": "eos_final_rank"
  }
}