{
  "test_metrics_ensemble": {
    "ndcg": 0.4887541285863987,
    "spearman": 0.49766407119021133,
    "mrr_top2": 0.5,
    "mrr_top4": 0.5,
    "ndcg10": 0.4887541285863987,
    "ndcg_at_4": 0.46449490234372454,
    "ndcg_at_12": 0.5325126004210793,
    "ndcg_at_16": 0.5337354674946847,
    "ndcg_at_20": 0.5361223116344321,
    "roc_auc_upset": 0.7822222222222223,
    "rank_mae_pred_vs_playoff_final_results": 6.866666793823242,
    "rank_rmse_pred_vs_playoff_final_results": 8.675636291503906,
    "rank_mae_eos_standings_vs_playoff_final_results": 3.1333333333333333,
    "rank_rmse_eos_standings_vs_playoff_final_results": 4.449719092257398,
    "playoff_metrics": {
      "spearman_pred_vs_playoff_final_results": 0.4994438264738598,
      "ndcg_at_4_final_four": 0.46449490234372454,
      "ndcg10_pred_vs_playoff_final_results": 0.48874351614627615,
      "brier_championship_odds": 0.03222232684493065,
      "rank_mae_pred_vs_playoff_final_results": 6.866666793823242,
      "rank_rmse_pred_vs_playoff_final_results": 8.675636291503906,
      "rank_mae_eos_standings_vs_playoff_final_results": 3.1333333333333333,
      "rank_rmse_eos_standings_vs_playoff_final_results": 4.449719092257398
    }
  },
  "test_metrics_model_a": {
    "ndcg": 0.48877612263438586,
    "spearman": 0.4981090100111235,
    "mrr_top2": 0.5,
    "mrr_top4": 0.5,
    "ndcg10": 0.48877612263438586,
    "ndcg_at_4": 0.4645175546554888,
    "ndcg_at_12": 0.532534588691952,
    "ndcg_at_16": 0.5337574540789258,
    "ndcg_at_20": 0.5361442981219714,
    "roc_auc_upset": 0.7822222222222223
  },
  "test_metrics_model_b": {
    "ndcg": 0.2088295560881458,
    "spearman": 0.6240266963292548,
    "mrr_top2": 0.16666666666666666,
    "mrr_top4": 0.16666666666666666,
    "ndcg10": 0.2088295560881458,
    "ndcg_at_4": 0.04166423104576856,
    "ndcg_at_12": 0.23143531852980698,
    "ndcg_at_16": 0.23154206559735965,
    "ndcg_at_20": 0.3873088344352123,
    "roc_auc_upset": 0.7285067873303168
  },
  "test_metrics_model_c": {
    "ndcg": 0.05139534647930671,
    "spearman": 0.2961067853170189,
    "mrr_top2": 0.06666666666666667,
    "mrr_top4": 0.2,
    "ndcg10": 0.05139534647930671,
    "ndcg_at_4": 0.0072603807417201014,
    "ndcg_at_12": 0.05704448895120833,
    "ndcg_at_16": 0.1779607433491712,
    "ndcg_at_20": 0.18031755618634426,
    "roc_auc_upset": 0.8303571428571428
  },
  "test_metrics_by_conference": {
    "E": {
      "ndcg": 0.26049363773702766,
      "spearman": 0.2571428571428571
    },
    "W": {
      "ndcg": 0.7510775020335729,
      "spearman": 0.6535714285714285
    }
  },
  "notes": {
    "eos_rank_source": "eos_final_rank"
  }
}