{
  "test_metrics_ensemble": {
    "ndcg": 0.5955186798503143,
    "spearman": 0.4496106785317019,
    "mrr_top2": 1.0,
    "mrr_top4": 1.0,
    "ndcg10": 0.5955186798503143,
    "ndcg_at_4": 0.35315119534797357,
    "ndcg_at_12": 0.5953676141798527,
    "ndcg_at_16": 0.597276792912333,
    "ndcg_at_20": 0.5972832850435115,
    "roc_auc_upset": 0.7692307692307693,
    "rank_mae_pred_vs_playoff_final_results": 7.199999809265137,
    "rank_rmse_pred_vs_playoff_final_results": 9.08111572265625,
    "rank_mae_eos_standings_vs_playoff_final_results": 3.7333333333333334,
    "rank_rmse_eos_standings_vs_playoff_final_results": 6.093712606722878,
    "playoff_metrics": {
      "spearman_pred_vs_playoff_final_results": 0.4567296996662959,
      "ndcg_at_4_final_four": 0.35315119534797357,
      "ndcg10_pred_vs_playoff_final_results": 0.5955179606959881,
      "brier_championship_odds": 0.03222232684493065,
      "rank_mae_pred_vs_playoff_final_results": 7.199999809265137,
      "rank_rmse_pred_vs_playoff_final_results": 9.08111572265625,
      "rank_mae_eos_standings_vs_playoff_final_results": 3.7333333333333334,
      "rank_rmse_eos_standings_vs_playoff_final_results": 6.093712606722878
    }
  },
  "test_metrics_model_a": {
    "ndcg": 0.5955186798503143,
    "spearman": 0.4384872080088987,
    "mrr_top2": 1.0,
    "mrr_top4": 1.0,
    "ndcg10": 0.5955186798503143,
    "ndcg_at_4": 0.35315119534797357,
    "ndcg_at_12": 0.5953676141798527,
    "ndcg_at_16": 0.597276792912333,
    "ndcg_at_20": 0.5972832850435115,
    "roc_auc_upset": 0.8035714285714286
  },
  "test_metrics_model_b": {
    "ndcg": 0.5716240108383397,
    "spearman": 0.4705228031145718,
    "mrr_top2": 0.5,
    "mrr_top4": 0.5,
    "ndcg10": 0.5716240108383397,
    "ndcg_at_4": 0.4589454418134188,
    "ndcg_at_12": 0.5714966523344372,
    "ndcg_at_16": 0.613096020858019,
    "ndcg_at_20": 0.6130981761740453,
    "roc_auc_upset": 0.7232142857142857
  },
  "test_metrics_model_c": {
    "ndcg": 0.33348743391404295,
    "spearman": 0.24004449388209118,
    "mrr_top2": 0.16666666666666666,
    "mrr_top4": 0.16666666666666666,
    "ndcg10": 0.33348743391404295,
    "ndcg_at_4": 0.001111095381373398,
    "ndcg_at_12": 0.3389077264996702,
    "ndcg_at_16": 0.360207631502753,
    "ndcg_at_20": 0.3705436230284426,
    "roc_auc_upset": 0.7589285714285714
  },
  "test_metrics_by_conference": {
    "E": {
      "ndcg": 0.3869402032684001,
      "spearman": 0.2821428571428571
    },
    "W": {
      "ndcg": 0.9322282740664924,
      "spearman": 0.657142857142857
    }
  },
  "notes": {
    "eos_rank_source": "eos_final_rank"
  }
}