{
  "test_metrics_ensemble": {
    "ndcg": 0.4867847007580845,
    "spearman": 0.5105672969966629,
    "mrr_top2": 0.5,
    "mrr_top4": 0.5,
    "ndcg10": 0.4867847007580845,
    "ndcg_at_4": 0.4645175546554888,
    "ndcg_at_12": 0.5308969033805828,
    "ndcg_at_16": 0.5308784030083672,
    "ndcg_at_20": 0.5344867766728889,
    "roc_auc_upset": 0.7455357142857143,
    "rank_mae_pred_vs_playoff_final_results": 6.666666507720947,
    "rank_rmse_pred_vs_playoff_final_results": 8.563488960266113,
    "rank_mae_eos_standings_vs_playoff_final_results": 3.1333333333333333,
    "rank_rmse_eos_standings_vs_playoff_final_results": 4.449719092257398,
    "playoff_metrics": {
      "spearman_pred_vs_playoff_final_results": 0.5114571746384872,
      "ndcg_at_4_final_four": 0.4645175546554888,
      "ndcg10_pred_vs_playoff_final_results": 0.4867726394332839,
      "brier_championship_odds": 0.03222232684493065,
      "rank_mae_pred_vs_playoff_final_results": 6.666666507720947,
      "rank_rmse_pred_vs_playoff_final_results": 8.563488960266113,
      "rank_mae_eos_standings_vs_playoff_final_results": 3.1333333333333333,
      "rank_rmse_eos_standings_vs_playoff_final_results": 4.449719092257398
    }
  },
  "test_metrics_model_a": {
    "ndcg": 0.4867847007580845,
    "spearman": 0.5105672969966629,
    "mrr_top2": 0.5,
    "mrr_top4": 0.5,
    "ndcg10": 0.4867847007580845,
    "ndcg_at_4": 0.4645175546554888,
    "ndcg_at_12": 0.5308969033805828,
    "ndcg_at_16": 0.5308784030083672,
    "ndcg_at_20": 0.5344867766728889,
    "roc_auc_upset": 0.7455357142857143
  },
  "test_metrics_model_b": {
    "ndcg": 0.16619710541230373,
    "spearman": 0.5697441601779756,
    "mrr_top2": 0.2,
    "mrr_top4": 0.2,
    "ndcg10": 0.16619710541230373,
    "ndcg_at_4": 0.04029517653159447,
    "ndcg_at_12": 0.18810759038456568,
    "ndcg_at_16": 0.230783622810244,
    "ndcg_at_20": 0.3786640877495416,
    "roc_auc_upset": 0.725
  },
  "test_metrics_model_c": {
    "ndcg": 0.05139534647930671,
    "spearman": 0.3050055617352614,
    "mrr_top2": 0.06666666666666667,
    "mrr_top4": 0.2,
    "ndcg10": 0.05139534647930671,
    "ndcg_at_4": 0.0072603807417201014,
    "ndcg_at_12": 0.05704448895120833,
    "ndcg_at_16": 0.1779607433491712,
    "ndcg_at_20": 0.18035846395567354,
    "roc_auc_upset": 0.8258928571428571
  },
  "test_metrics_by_conference": {
    "E": {
      "ndcg": 0.27745335871982874,
      "spearman": 0.3
    },
    "W": {
      "ndcg": 0.7519157235194247,
      "spearman": 0.6928571428571427
    }
  },
  "notes": {
    "eos_rank_source": "eos_final_rank"
  }
}