{
  "notes": {
    "eval_on": "test",
    "eos_rank_source": "eos_final_rank",
    "upset_definition": "sleeper = EOS_global_rank > predicted_strength",
    "mrr_top2": "1/rank of first team in top 2 (champion+runner-up) in predicted order.",
    "mrr_top4": "1/rank of first team in top 4 (conference finals) in predicted order.",
    "per_conference_relevance": "Within E/W: actual rank derived from EOS_global_rank (1=best in conf); NDCG/Spearman use this relevance.",
    "playoff_metrics": "Spearman (pred global vs playoff_final_results), NDCG@4 (final four), Brier (champion vs odds). rank_mae/rank_rmse: pred vs playoff_final_results; eos_standings vs playoff_final_results (baseline)."
  },
  "split_info": {
    "train_frac": 0.75,
    "n_train_dates": 141,
    "n_test_dates": 36,
    "split_mode": "seasons"
  },
  "test_metrics_ensemble": {
    "ndcg": 0.48914786540089034,
    "spearman": 0.47185761957730815,
    "mrr_top2": 0.5,
    "mrr_top4": 0.5,
    "ndcg10": 0.48914786540089034,
    "ndcg_at_4": 0.46421121466877174,
    "ndcg_at_12": 0.48939471547288804,
    "ndcg_at_16": 0.532009058123604,
    "ndcg_at_20": 0.5356128448278195,
    "roc_auc_upset": 0.7544642857142857,
    "rank_mae_pred_vs_playoff_final_results": 6.800000190734863,
    "rank_rmse_pred_vs_playoff_final_results": 8.895691871643066,
    "rank_mae_eos_standings_vs_playoff_final_results": 3.1333333333333333,
    "rank_rmse_eos_standings_vs_playoff_final_results": 4.449719092257398,
    "playoff_metrics": {
      "spearman_pred_vs_playoff_final_results": 0.47363737486095664,
      "ndcg_at_4_final_four": 0.46419589766943586,
      "ndcg10_pred_vs_playoff_final_results": 0.4891323863668086,
      "brier_championship_odds": 0.03222232684493065,
      "rank_mae_pred_vs_playoff_final_results": 6.800000190734863,
      "rank_rmse_pred_vs_playoff_final_results": 8.895691871643066,
      "rank_mae_eos_standings_vs_playoff_final_results": 3.1333333333333333,
      "rank_rmse_eos_standings_vs_playoff_final_results": 4.449719092257398
    }
  },
  "test_metrics_model_a": {
    "ndcg": 0.48914786540089034,
    "spearman": 0.4634037819799778,
    "mrr_top2": 0.5,
    "mrr_top4": 0.5,
    "ndcg10": 0.48914786540089034,
    "ndcg_at_4": 0.46421121466877174,
    "ndcg_at_12": 0.48939471547288804,
    "ndcg_at_16": 0.532009058123604,
    "ndcg_at_20": 0.535571937097503,
    "roc_auc_upset": 0.7589285714285714
  },
  "test_metrics_model_b": {
    "ndcg": 0.15752882479684202,
    "spearman": 0.5265850945494994,
    "mrr_top2": 0.16666666666666666,
    "mrr_top4": 0.16666666666666666,
    "ndcg10": 0.15752882479684202,
    "ndcg_at_4": 0.04166423104576856,
    "ndcg_at_12": 0.15757592560466138,
    "ndcg_at_16": 0.22103655379689569,
    "ndcg_at_20": 0.2210359099355365,
    "roc_auc_upset": 0.8101851851851851
  },
  "test_metrics_model_c": {
    "ndcg": 0.05212098780672918,
    "spearman": 0.30856507230255836,
    "mrr_top2": 0.0625,
    "mrr_top4": 0.2,
    "ndcg10": 0.05212098780672918,
    "ndcg_at_4": 0.0072603807417201014,
    "ndcg_at_12": 0.057769939676471704,
    "ndcg_at_16": 0.1778174633134764,
    "ndcg_at_20": 0.18021518455015603,
    "roc_auc_upset": 0.8214285714285714
  },
  "test_metrics_by_conference": {
    "E": {
      "ndcg": 0.24819241871532483,
      "spearman": 0.2071428571428571
    },
    "W": {
      "ndcg": 0.7504940786340119,
      "spearman": 0.6749999999999999
    }
  },
  "by_season": {
    "2023-24": {
      "test_metrics_ensemble": {
        "ndcg": 0.6305256198240247,
        "spearman": 0.46562847608453833,
        "mrr_top2": 1.0,
        "mrr_top4": 1.0,
        "ndcg10": 0.6305256198240247,
        "ndcg_at_4": 0.3560053866302678,
        "ndcg_at_12": 0.6345626812574426,
        "ndcg_at_16": 0.6351412019609174,
        "ndcg_at_20": 0.6354365912484575,
        "roc_auc_upset": 0.6696832579185521,
        "rank_mae_pred_vs_playoff_final_results": 6.933333396911621,
        "rank_rmse_pred_vs_playoff_final_results": 8.947998046875,
        "rank_mae_eos_standings_vs_playoff_final_results": 3.7333333333333334,
        "rank_rmse_eos_standings_vs_playoff_final_results": 6.093712606722878,
        "playoff_metrics": {
          "spearman_pred_vs_playoff_final_results": 0.49632925472747497,
          "ndcg_at_4_final_four": 0.3560053866302678,
          "ndcg10_pred_vs_playoff_final_results": 0.6305308691233114,
          "brier_championship_odds": 0.03222232684493065,
          "rank_mae_pred_vs_playoff_final_results": 6.933333396911621,
          "rank_rmse_pred_vs_playoff_final_results": 8.947998046875,
          "rank_mae_eos_standings_vs_playoff_final_results": 3.7333333333333334,
          "rank_rmse_eos_standings_vs_playoff_final_results": 6.093712606722878
        }
      },
      "test_metrics_model_a": {
        "ndcg": 0.617610294819076,
        "spearman": 0.46607341490545046,
        "mrr_top2": 1.0,
        "mrr_top4": 1.0,
        "ndcg10": 0.617610294819076,
        "ndcg_at_4": 0.3560053866302678,
        "ndcg_at_12": 0.6202846633626058,
        "ndcg_at_16": 0.6221919013984881,
        "ndcg_at_20": 0.6224873476399178,
        "roc_auc_upset": 0.6742081447963801
      },
      "test_metrics_model_b": {
        "ndcg": 0.5657257527120861,
        "spearman": 0.43359288097886545,
        "mrr_top2": 0.5,
        "mrr_top4": 0.5,
        "ndcg10": 0.5657257527120861,
        "ndcg_at_4": 0.4589454418134188,
        "ndcg_at_12": 0.56558052461213,
        "ndcg_at_16": 0.605367034026405,
        "ndcg_at_20": 0.6053692508849359,
        "roc_auc_upset": 0.7601809954751131
      },
      "test_metrics_model_c": {
        "ndcg": 0.33348743391404295,
        "spearman": 0.22847608453837595,
        "mrr_top2": 0.16666666666666666,
        "mrr_top4": 0.16666666666666666,
        "ndcg10": 0.33348743391404295,
        "ndcg_at_4": 0.001111095381373398,
        "ndcg_at_12": 0.3389077264996702,
        "ndcg_at_16": 0.3596643455146382,
        "ndcg_at_20": 0.3699901174713633,
        "roc_auc_upset": 0.7678571428571429
      },
      "test_metrics_by_conference": {
        "E": {
          "ndcg": 0.4082558957314894,
          "spearman": 0.3107142857142856
        },
        "W": {
          "ndcg": 0.9336324600463815,
          "spearman": 0.6
        }
      },
      "notes": {
        "eos_rank_source": "eos_final_rank"
      }
    },
    "2024-25": {
      "test_metrics_ensemble": {
        "ndcg": 0.48914786540089034,
        "spearman": 0.47185761957730815,
        "mrr_top2": 0.5,
        "mrr_top4": 0.5,
        "ndcg10": 0.48914786540089034,
        "ndcg_at_4": 0.46421121466877174,
        "ndcg_at_12": 0.48939471547288804,
        "ndcg_at_16": 0.532009058123604,
        "ndcg_at_20": 0.5356128448278195,
        "roc_auc_upset": 0.7544642857142857,
        "rank_mae_pred_vs_playoff_final_results": 6.800000190734863,
        "rank_rmse_pred_vs_playoff_final_results": 8.895691871643066,
        "rank_mae_eos_standings_vs_playoff_final_results": 3.1333333333333333,
        "rank_rmse_eos_standings_vs_playoff_final_results": 4.449719092257398,
        "playoff_metrics": {
          "spearman_pred_vs_playoff_final_results": 0.47363737486095664,
          "ndcg_at_4_final_four": 0.46419589766943586,
          "ndcg10_pred_vs_playoff_final_results": 0.4891323863668086,
          "brier_championship_odds": 0.03222232684493065,
          "rank_mae_pred_vs_playoff_final_results": 6.800000190734863,
          "rank_rmse_pred_vs_playoff_final_results": 8.895691871643066,
          "rank_mae_eos_standings_vs_playoff_final_results": 3.1333333333333333,
          "rank_rmse_eos_standings_vs_playoff_final_results": 4.449719092257398
        }
      },
      "test_metrics_model_a": {
        "ndcg": 0.48914786540089034,
        "spearman": 0.4634037819799778,
        "mrr_top2": 0.5,
        "mrr_top4": 0.5,
        "ndcg10": 0.48914786540089034,
        "ndcg_at_4": 0.46421121466877174,
        "ndcg_at_12": 0.48939471547288804,