{
  "test_metrics_ensemble": {
    "ndcg": 0.6305256198240247,
    "spearman": 0.46562847608453833,
    "mrr_top2": 1.0,
    "mrr_top4": 1.0,
    "ndcg10": 0.6305256198240247,
    "ndcg_at_4": 0.3560053866302678,
    "ndcg_at_12": 0.6345626812574426,
    "ndcg_at_16": 0.6351412019609174,
    "ndcg_at_20": 0.6354365912484575,
    "roc_auc_upset": 0.6696832579185521,
    "rank_mae_pred_vs_playoff_final_results": 6.933333396911621,
    "rank_rmse_pred_vs_playoff_final_results": 8.947998046875,
    "rank_mae_eos_standings_vs_playoff_final_results": 3.7333333333333334,
    "rank_rmse_eos_standings_vs_playoff_final_results": 6.093712606722878,
    "playoff_metrics": {
      "spearman_pred_vs_playoff_final_results": 0.49632925472747497,
      "ndcg_at_4_final_four": 0.3560053866302678,
      "ndcg10_pred_vs_playoff_final_results": 0.6305308691233114,
      "brier_championship_odds": 0.03222232684493065,
      "rank_mae_pred_vs_playoff_final_results": 6.933333396911621,
      "rank_rmse_pred_vs_playoff_final_results": 8.947998046875,
      "rank_mae_eos_standings_vs_playoff_final_results": 3.7333333333333334,
      "rank_rmse_eos_standings_vs_playoff_final_results": 6.093712606722878
    }
  },
  "test_metrics_model_a": {
    "ndcg": 0.617610294819076,
    "spearman": 0.46607341490545046,
    "mrr_top2": 1.0,
    "mrr_top4": 1.0,
    "ndcg10": 0.617610294819076,
    "ndcg_at_4": 0.3560053866302678,
    "ndcg_at_12": 0.6202846633626058,
    "ndcg_at_16": 0.6221919013984881,
    "ndcg_at_20": 0.6224873476399178,
    "roc_auc_upset": 0.6742081447963801
  },
  "test_metrics_model_b": {
    "ndcg": 0.5657257527120861,
    "spearman": 0.43359288097886545,
    "mrr_top2": 0.5,
    "mrr_top4": 0.5,
    "ndcg10": 0.5657257527120861,
    "ndcg_at_4": 0.4589454418134188,
    "ndcg_at_12": 0.56558052461213,
    "ndcg_at_16": 0.605367034026405,
    "ndcg_at_20": 0.6053692508849359,
    "roc_auc_upset": 0.7601809954751131
  },
  "test_metrics_model_c": {
    "ndcg": 0.33348743391404295,
    "spearman": 0.22847608453837595,
    "mrr_top2": 0.16666666666666666,
    "mrr_top4": 0.16666666666666666,
    "ndcg10": 0.33348743391404295,
    "ndcg_at_4": 0.001111095381373398,
    "ndcg_at_12": 0.3389077264996702,
    "ndcg_at_16": 0.3596643455146382,
    "ndcg_at_20": 0.3699901174713633,
    "roc_auc_upset": 0.7678571428571429
  },
  "test_metrics_by_conference": {
    "E": {
      "ndcg": 0.4082558957314894,
      "spearman": 0.3107142857142856
    },
    "W": {
      "ndcg": 0.9336324600463815,
      "spearman": 0.6
    }
  },
  "notes": {
    "eos_rank_source": "eos_final_rank"
  }
}