{
  "notes": {
    "eval_on": "test",
    "eos_rank_source": "eos_final_rank",
    "upset_definition": "sleeper = EOS_global_rank > predicted_strength",
    "mrr_top2": "1/rank of first team in top 2 (champion+runner-up) in predicted order.",
    "mrr_top4": "1/rank of first team in top 4 (conference finals) in predicted order.",
    "per_conference_relevance": "Within E/W: actual rank derived from EOS_global_rank (1=best in conf); NDCG/Spearman use this relevance.",
    "playoff_metrics": "Spearman (pred global vs playoff_final_results), NDCG@4 (final four), Brier (champion vs odds). rank_mae/rank_rmse: pred vs playoff_final_results; eos_standings vs playoff_final_results (baseline)."
  },
  "split_info": {
    "train_frac": 0.75,
    "n_train_dates": 141,
    "n_test_dates": 36,
    "split_mode": "seasons"
  },
  "test_metrics_ensemble": {
    "ndcg": 0.4829376615554048,
    "spearman": 0.4220244716351501,
    "mrr_top2": 0.5,
    "mrr_top4": 0.5,
    "ndcg10": 0.4829376615554048,
    "ndcg_at_4": 0.46449490234372454,
    "ndcg_at_12": 0.48281283987031953,
    "ndcg_at_16": 0.5246346890355991,
    "ndcg_at_20": 0.5246370610307157,
    "roc_auc_upset": 0.8088888888888889,
    "rank_mae_pred_vs_playoff_final_results": 7.266666889190674,
    "rank_rmse_pred_vs_playoff_final_results": 9.305912017822266,
    "rank_mae_eos_standings_vs_playoff_final_results": 3.1333333333333333,
    "rank_rmse_eos_standings_vs_playoff_final_results": 4.449719092257398,
    "playoff_metrics": {
      "spearman_pred_vs_playoff_final_results": 0.4131256952169076,
      "ndcg_at_4_final_four": 0.46449490234372454,
      "ndcg10_pred_vs_playoff_final_results": 0.4829270441295482,
      "brier_championship_odds": 0.03222232684493065,
      "rank_mae_pred_vs_playoff_final_results": 7.266666889190674,
      "rank_rmse_pred_vs_playoff_final_results": 9.305912017822266,
      "rank_mae_eos_standings_vs_playoff_final_results": 3.1333333333333333,
      "rank_rmse_eos_standings_vs_playoff_final_results": 4.449719092257398
    }
  },
  "test_metrics_model_a": {
    "ndcg": 0.4829376615554048,
    "spearman": 0.4024471635150167,
    "mrr_top2": 0.5,
    "mrr_top4": 0.5,
    "ndcg10": 0.4829376615554048,
    "ndcg_at_4": 0.46449490234372454,
    "ndcg_at_12": 0.48281283987031953,
    "ndcg_at_16": 0.5233931976561811,
    "ndcg_at_20": 0.5246125100829891,
    "roc_auc_upset": 0.8177777777777777
  },
  "test_metrics_model_b": {
    "ndcg": 0.16619710541230373,
    "spearman": 0.5292547274749722,
    "mrr_top2": 0.2,
    "mrr_top4": 0.2,
    "ndcg10": 0.16619710541230373,
    "ndcg_at_4": 0.04029517653159447,
    "ndcg_at_12": 0.2333963329610238,
    "ndcg_at_16": 0.23343023050158593,
    "ndcg_at_20": 0.2334347053814521,
    "roc_auc_upset": 0.7368421052631579
  },
  "test_metrics_model_c": {
    "ndcg": 0.05139534647930671,
    "spearman": 0.3050055617352614,
    "mrr_top2": 0.06666666666666667,
    "mrr_top4": 0.2,
    "ndcg10": 0.05139534647930671,
    "ndcg_at_4": 0.0072603807417201014,
    "ndcg_at_12": 0.05704448895120833,
    "ndcg_at_16": 0.1779607433491712,
    "ndcg_at_20": 0.18035846395567354,
    "roc_auc_upset": 0.8258928571428571
  },
  "test_metrics_by_conference": {
    "E": {
      "ndcg": 0.2503150181297498,
      "spearman": 0.17857142857142855
    },
    "W": {
      "ndcg": 0.752538834009314,
      "spearman": 0.682142857142857
    }
  },
  "by_season": {
    "2023-24": {
      "test_metrics_ensemble": {
        "ndcg": 0.4024631665845313,
        "spearman": 0.40155728587319245,
        "mrr_top2": 1.0,
        "mrr_top4": 1.0,
        "ndcg10": 0.4024631665845313,
        "ndcg_at_4": 0.3560053866302678,
        "ndcg_at_12": 0.5835580000815672,
        "ndcg_at_16": 0.5854380662028507,
        "ndcg_at_20": 0.585435619158009,
        "roc_auc_upset": 0.7455357142857143,
        "rank_mae_pred_vs_playoff_final_results": 7.4666666984558105,
        "rank_rmse_pred_vs_playoff_final_results": 9.46924877166748,
        "rank_mae_eos_standings_vs_playoff_final_results": 3.7333333333333334,
        "rank_rmse_eos_standings_vs_playoff_final_results": 6.093712606722878,
        "playoff_metrics": {
          "spearman_pred_vs_playoff_final_results": 0.4420467185761958,
          "ndcg_at_4_final_four": 0.3560053866302678,
          "ndcg10_pred_vs_playoff_final_results": 0.40246841588381804,
          "brier_championship_odds": 0.03222232684493065,
          "rank_mae_pred_vs_playoff_final_results": 7.4666666984558105,
          "rank_rmse_pred_vs_playoff_final_results": 9.46924877166748,
          "rank_mae_eos_standings_vs_playoff_final_results": 3.7333333333333334,
          "rank_rmse_eos_standings_vs_playoff_final_results": 6.093712606722878
        }
      },
      "test_metrics_model_a": {
        "ndcg": 0.4024631665845313,
        "spearman": 0.3882091212458286,
        "mrr_top2": 1.0,
        "mrr_top4": 1.0,
        "ndcg10": 0.4024631665845313,
        "ndcg_at_4": 0.3560053866302678,
        "ndcg_at_12": 0.5835580000815672,
        "ndcg_at_16": 0.5854380662028507,
        "ndcg_at_20": 0.585435619158009,
        "roc_auc_upset": 0.7149321266968326
      },
      "test_metrics_model_b": {
        "ndcg": 0.5771566331564726,
        "spearman": 0.44783092324805335,
        "mrr_top2": 0.5,
        "mrr_top4": 0.5,
        "ndcg10": 0.5771566331564726,
        "ndcg_at_4": 0.44093212795935904,
        "ndcg_at_12": 0.5770298303632864,
        "ndcg_at_16": 0.6186294246187363,
        "ndcg_at_20": 0.6186314407564827,
        "roc_auc_upset": 0.8035714285714286
      },
      "test_metrics_model_c": {
        "ndcg": 0.333487026575135,
        "spearman": 0.23159065628476083,
        "mrr_top2": 0.16666666666666666,
        "mrr_top4": 0.16666666666666666,
        "ndcg10": 0.333487026575135,
        "ndcg_at_4": 0.0011069724610271625,
        "ndcg_at_12": 0.33890731926775686,
        "ndcg_at_16": 0.35966393831396193,
        "ndcg_at_20": 0.3699999322309346,
        "roc_auc_upset": 0.7633928571428571
      },
      "test_metrics_by_conference": {
        "E": {
          "ndcg": 0.3851402749883562,
          "spearman": 0.2785714285714285
        },
        "W": {
          "ndcg": 0.9180549547420842,
          "spearman": 0.5535714285714285
        }
      },
      "notes": {
        "eos_rank_source": "eos_final_rank"
      }
    },
    "2024-25": {
      "test_metrics_ensemble": {
        "ndcg": 0.4829376615554048,
        "spearman": 0.4220244716351501,
        "mrr_top2": 0.5,
        "mrr_top4": 0.5,
        "ndcg10": 0.4829376615554048,
        "ndcg_at_4": 0.46449490234372454,
        "ndcg_at_12": 0.48281283987031953,
        "ndcg_at_16": 0.5246346890355991,
        "ndcg_at_20": 0.5246370610307157,
        "roc_auc_upset": 0.8088888888888889,
        "rank_mae_pred_vs_playoff_final_results": 7.266666889190674,
        "rank_rmse_pred_vs_playoff_final_results": 9.305912017822266,
        "rank_mae_eos_standings_vs_playoff_final_results": 3.1333333333333333,
        "rank_rmse_eos_standings_vs_playoff_final_results": 4.449719092257398,
        "playoff_metrics": {
          "spearman_pred_vs_playoff_final_results": 0.4131256952169076,
          "ndcg_at_4_final_four": 0.46449490234372454,
          "ndcg10_pred_vs_playoff_final_results": 0.4829270441295482,
          "brier_championship_odds": 0.03222232684493065,
          "rank_mae_pred_vs_playoff_final_results": 7.266666889190674,
          "rank_rmse_pred_vs_playoff_final_results": 9.305912017822266,
          "rank_mae_eos_standings_vs_playoff_final_results": 3.1333333333333333,
          "rank_rmse_eos_standings_vs_playoff_final_results": 4.449719092257398
        }
      },
      "test_metrics_model_a": {
        "ndcg": 0.4829376615554048,
        "spearman": 0.4024471635150167,
        "mrr_top2": 0.5,
        "mrr_top4": 0.5,
        "ndcg10": 0.4829376615554048,
        "ndcg_at_4": 0.46449490234372454,
        "ndcg_at_12": 0.48281283987031953,