{
  "test_metrics_ensemble": {
    "ndcg": 0.5312297874325247,
    "spearman": 0.4767519466073415,
    "mrr_top2": 0.5,
    "mrr_top4": 0.5,
    "ndcg10": 0.5312297874325247,
    "ndcg_at_4": 0.4645175546554888,
    "ndcg_at_12": 0.5314338023215189,
    "ndcg_at_16": 0.5314152305790625,
    "ndcg_at_20": 0.5355334170919507,
    "roc_auc_upset": 0.7633928571428572,
    "rank_mae_pred_vs_playoff_final_results": 6.933333396911621,
    "rank_rmse_pred_vs_playoff_final_results": 8.854377746582031,
    "rank_mae_eos_standings_vs_playoff_final_results": 3.1333333333333333,
    "rank_rmse_eos_standings_vs_playoff_final_results": 4.449719092257398,
    "playoff_metrics": {
      "spearman_pred_vs_playoff_final_results": 0.49187986651835364,
      "ndcg_at_4_final_four": 0.4645175546554888,
      "ndcg10_pred_vs_playoff_final_results": 0.5312203818374492,
      "brier_championship_odds": 0.03222232684493065,
      "rank_mae_pred_vs_playoff_final_results": 6.933333396911621,
      "rank_rmse_pred_vs_playoff_final_results": 8.854377746582031,
      "rank_mae_eos_standings_vs_playoff_final_results": 3.1333333333333333,
      "rank_rmse_eos_standings_vs_playoff_final_results": 4.449719092257398
    }
  },
  "test_metrics_model_a": {
    "ndcg": 0.5329304647309023,
    "spearman": 0.4780867630700778,
    "mrr_top2": 0.5,
    "mrr_top4": 0.5,
    "ndcg10": 0.5329304647309023,
    "ndcg_at_4": 0.4645175546554888,
    "ndcg_at_12": 0.5331340329077913,
    "ndcg_at_16": 0.5331153307475107,
    "ndcg_at_20": 0.5372335097829821,
    "roc_auc_upset": 0.7633928571428572
  },
  "test_metrics_model_b": {
    "ndcg": 0.20272054033653994,
    "spearman": 0.560845383759733,
    "mrr_top2": 0.14285714285714285,
    "mrr_top4": 0.14285714285714285,
    "ndcg10": 0.20272054033653994,
    "ndcg_at_4": 0.047452952934463374,
    "ndcg_at_12": 0.20267800906697506,
    "ndcg_at_16": 0.22356713287403773,
    "ndcg_at_20": 0.3764738680206864,
    "roc_auc_upset": 0.7991071428571429
  },
  "test_metrics_model_c": {
    "ndcg": 0.05124995751403931,
    "spearman": 0.3076751946607342,
    "mrr_top2": 0.06666666666666667,
    "mrr_top4": 0.2,
    "ndcg10": 0.05124995751403931,
    "ndcg_at_4": 0.00711064040423231,
    "ndcg_at_12": 0.056899138174850025,
    "ndcg_at_16": 0.17781540372208415,
    "ndcg_at_20": 0.18021327193327982,
    "roc_auc_upset": 0.8214285714285714
  },
  "test_metrics_by_conference": {
    "E": {
      "ndcg": 0.25857054067368296,
      "spearman": 0.20357142857142854
    },
    "W": {
      "ndcg": 0.7621882543043447,
      "spearman": 0.7321428571428571
    }
  },
  "notes": {
    "eos_rank_source": "eos_final_rank"
  }
}