{
  "test_metrics_ensemble": {
    "ndcg": 0.5420026461294316,
    "spearman": 0.3899888765294772,
    "mrr_top2": 1.0,
    "mrr_top4": 1.0,
    "ndcg10": 0.5420026461294316,
    "ndcg_at_4": 0.35315119534797357,
    "ndcg_at_12": 0.587165438787915,
    "ndcg_at_16": 0.5890413234261885,
    "ndcg_at_20": 0.589038825268703,
    "roc_auc_upset": 0.7731481481481481,
    "rank_mae_pred_vs_playoff_final_results": 7.733333110809326,
    "rank_rmse_pred_vs_playoff_final_results": 9.560335159301758,
    "rank_mae_eos_standings_vs_playoff_final_results": 3.7333333333333334,
    "rank_rmse_eos_standings_vs_playoff_final_results": 6.093712606722878,
    "playoff_metrics": {
      "spearman_pred_vs_playoff_final_results": 0.4567296996662959,
      "ndcg_at_4_final_four": 0.35315119534797357,
      "ndcg10_pred_vs_playoff_final_results": 0.5420079523985267,
      "brier_championship_odds": 0.03222232684493065,
      "rank_mae_pred_vs_playoff_final_results": 7.733333110809326,
      "rank_rmse_pred_vs_playoff_final_results": 9.560335159301758,
      "rank_mae_eos_standings_vs_playoff_final_results": 3.7333333333333334,
      "rank_rmse_eos_standings_vs_playoff_final_results": 6.093712606722878
    }
  },
  "test_metrics_model_a": {
    "ndcg": 0.5422348173196525,
    "spearman": 0.39443826473859844,
    "mrr_top2": 1.0,
    "mrr_top4": 1.0,
    "ndcg10": 0.5422348173196525,
    "ndcg_at_4": 0.35315119534797357,
    "ndcg_at_12": 0.5873975489943848,
    "ndcg_at_16": 0.5892734158284213,
    "ndcg_at_20": 0.5892709179714095,
    "roc_auc_upset": 0.8229665071770335
  },
  "test_metrics_model_b": {
    "ndcg": 0.8064668909930417,
    "spearman": 0.3899888765294772,
    "mrr_top2": 1.0,
    "mrr_top4": 1.0,
    "ndcg10": 0.8064668909930417,
    "ndcg_at_4": 0.6907114070725182,
    "ndcg_at_12": 0.8062559007337726,
    "ndcg_at_16": 0.8062950206989304,
    "ndcg_at_20": 0.8481294327552903,
    "roc_auc_upset": 0.8303571428571428
  },
  "test_metrics_model_c": {
    "ndcg": 0.333487026575135,
    "spearman": 0.23159065628476083,
    "mrr_top2": 0.16666666666666666,
    "mrr_top4": 0.16666666666666666,
    "ndcg10": 0.333487026575135,
    "ndcg_at_4": 0.0011069724610271625,
    "ndcg_at_12": 0.33890731926775686,
    "ndcg_at_16": 0.35966393831396193,
    "ndcg_at_20": 0.3699999322309346,
    "roc_auc_upset": 0.7633928571428571
  },
  "test_metrics_by_conference": {
    "E": {
      "ndcg": 0.3963142580564577,
      "spearman": 0.3
    },
    "W": {
      "ndcg": 0.919351326584902,
      "spearman": 0.47142857142857136
    }
  },
  "notes": {
    "eos_rank_source": "eos_final_rank"
  }
}