{
  "test_metrics_ensemble": {
    "ndcg": 0.6210567039004041,
    "spearman": 0.4780867630700778,
    "mrr_top2": 1.0,
    "mrr_top4": 1.0,
    "ndcg10": 0.6210567039004041,
    "ndcg_at_4": 0.35315119534797357,
    "ndcg_at_12": 0.6208989302292554,
    "ndcg_at_16": 0.6221854236635097,
    "ndcg_at_20": 0.6228004022682558,
    "roc_auc_upset": 0.665158371040724,
    "rank_mae_pred_vs_playoff_final_results": 6.866666793823242,
    "rank_rmse_pred_vs_playoff_final_results": 8.8430757522583,
    "rank_mae_eos_standings_vs_playoff_final_results": 3.7333333333333334,
    "rank_rmse_eos_standings_vs_playoff_final_results": 6.093712606722878,
    "playoff_metrics": {
      "spearman_pred_vs_playoff_final_results": 0.49543937708565067,
      "ndcg_at_4_final_four": 0.35315119534797357,
      "ndcg10_pred_vs_playoff_final_results": 0.621055984746078,
      "brier_championship_odds": 0.03222232684493065,
      "rank_mae_pred_vs_playoff_final_results": 6.866666793823242,
      "rank_rmse_pred_vs_playoff_final_results": 8.8430757522583,
      "rank_mae_eos_standings_vs_playoff_final_results": 3.7333333333333334,
      "rank_rmse_eos_standings_vs_playoff_final_results": 6.093712606722878
    }
  },
  "test_metrics_model_a": {
    "ndcg": 0.6210567039004041,
    "spearman": 0.4780867630700778,
    "mrr_top2": 1.0,
    "mrr_top4": 1.0,
    "ndcg10": 0.6210567039004041,
    "ndcg_at_4": 0.35315119534797357,
    "ndcg_at_12": 0.6208989302292554,
    "ndcg_at_16": 0.6221854236635097,
    "ndcg_at_20": 0.6228004022682558,
    "roc_auc_upset": 0.665158371040724
  },
  "test_metrics_model_b": {
    "ndcg": 0.5639689662699002,
    "spearman": 0.48565072302558404,
    "mrr_top2": 0.5,
    "mrr_top4": 0.5,
    "ndcg10": 0.5639689662699002,
    "ndcg_at_4": 0.44093212795935904,
    "ndcg_at_12": 0.5638241996200797,
    "ndcg_at_16": 0.5688303934932029,
    "ndcg_at_20": 0.607059797937834,
    "roc_auc_upset": 0.76
  },
  "test_metrics_model_c": {
    "ndcg": 0.333487026575135,
    "spearman": 0.23159065628476083,
    "mrr_top2": 0.16666666666666666,
    "mrr_top4": 0.16666666666666666,
    "ndcg10": 0.333487026575135,
    "ndcg_at_4": 0.0011069724610271625,
    "ndcg_at_12": 0.33890731926775686,
    "ndcg_at_16": 0.35966393831396193,
    "ndcg_at_20": 0.3699999322309346,
    "roc_auc_upset": 0.7633928571428571
  },
  "test_metrics_by_conference": {
    "E": {
      "ndcg": 0.3869402032684001,
      "spearman": 0.2964285714285714
    },
    "W": {
      "ndcg": 0.9624701088126042,
      "spearman": 0.6642857142857141
    }
  },
  "notes": {
    "eos_rank_source": "eos_final_rank"
  }
}