{
  "test_metrics_ensemble": {
    "ndcg": 0.49320532186164506,
    "spearman": 0.4896551724137932,
    "mrr_top2": 0.5,
    "mrr_top4": 0.5,
    "ndcg10": 0.49320532186164506,
    "ndcg_at_4": 0.5002400720228743,
    "ndcg_at_12": 0.5373158379977224,
    "ndcg_at_16": 0.5372958759458293,
    "ndcg_at_20": 0.540899631133963,
    "roc_auc_upset": 0.746606334841629,
    "rank_mae_pred_vs_playoff_final_results": 6.733333110809326,
    "rank_rmse_pred_vs_playoff_final_results": 8.744522094726562,
    "rank_mae_eos_standings_vs_playoff_final_results": 3.1333333333333333,
    "rank_rmse_eos_standings_vs_playoff_final_results": 4.449719092257398,
    "playoff_metrics": {
      "spearman_pred_vs_playoff_final_results": 0.5101223581757508,
      "ndcg_at_4_final_four": 0.5002400720228743,
      "ndcg10_pred_vs_playoff_final_results": 0.4931932605368445,
      "brier_championship_odds": 0.03222232684493065,
      "rank_mae_pred_vs_playoff_final_results": 6.733333110809326,
      "rank_rmse_pred_vs_playoff_final_results": 8.744522094726562,
      "rank_mae_eos_standings_vs_playoff_final_results": 3.1333333333333333,
      "rank_rmse_eos_standings_vs_playoff_final_results": 4.449719092257398
    }
  },
  "test_metrics_model_a": {
    "ndcg": 0.49320532186164506,
    "spearman": 0.4896551724137932,
    "mrr_top2": 0.5,
    "mrr_top4": 0.5,
    "ndcg10": 0.49320532186164506,
    "ndcg_at_4": 0.5002400720228743,
    "ndcg_at_12": 0.5373158379977224,
    "ndcg_at_16": 0.5372958759458293,
    "ndcg_at_20": 0.540899631133963,
    "roc_auc_upset": 0.746606334841629
  },
  "test_metrics_model_b": {
    "ndcg": 0.15629487463667316,
    "spearman": 0.511012235817575,
    "mrr_top2": 0.16666666666666666,
    "mrr_top4": 0.16666666666666666,
    "ndcg10": 0.15629487463667316,
    "ndcg_at_4": 0.04029517653159447,
    "ndcg_at_12": 0.20155362548517905,
    "ndcg_at_16": 0.22187712161830664,
    "ndcg_at_20": 0.2218770448173003,
    "roc_auc_upset": 0.8101851851851852
  },
  "test_metrics_model_c": {
    "ndcg": 0.05124995751403931,
    "spearman": 0.30233592880978866,
    "mrr_top2": 0.06666666666666667,
    "mrr_top4": 0.2,
    "ndcg10": 0.05124995751403931,
    "ndcg_at_4": 0.00711064040423231,
    "ndcg_at_12": 0.056899138174850025,
    "ndcg_at_16": 0.17781540372208415,
    "ndcg_at_20": 0.18021312496782235,
    "roc_auc_upset": 0.8258928571428571
  },
  "test_metrics_by_conference": {
    "E": {
      "ndcg": 0.2788826036875486,
      "spearman": 0.3
    },
    "W": {
      "ndcg": 0.7504596839996873,
      "spearman": 0.6464285714285712
    }
  },
  "notes": {
    "eos_rank_source": "eos_final_rank"
  }
}