{
  "test_metrics_ensemble": {
    "ndcg": 0.5480267151016321,
    "spearman": 0.3530589543937709,
    "mrr_top2": 1.0,
    "mrr_top4": 1.0,
    "ndcg10": 0.5480267151016321,
    "ndcg_at_4": 0.35315119534797357,
    "ndcg_at_12": 0.5478881287366263,
    "ndcg_at_16": 0.5917665384895211,
    "ndcg_at_20": 0.5926500957849853,
    "roc_auc_upset": 0.7824074074074074,
    "rank_mae_pred_vs_playoff_final_results": 7.933333396911621,
    "rank_rmse_pred_vs_playoff_final_results": 9.84547233581543,
    "rank_mae_eos_standings_vs_playoff_final_results": 3.7333333333333334,
    "rank_rmse_eos_standings_vs_playoff_final_results": 6.093712606722878,
    "playoff_metrics": {
      "spearman_pred_vs_playoff_final_results": 0.43715239154616237,
      "ndcg_at_4_final_four": 0.35315119534797357,
      "ndcg10_pred_vs_playoff_final_results": 0.5480322505980408,
      "brier_championship_odds": 0.03222232684493065,
      "rank_mae_pred_vs_playoff_final_results": 7.933333396911621,
      "rank_rmse_pred_vs_playoff_final_results": 9.84547233581543,
      "rank_mae_eos_standings_vs_playoff_final_results": 3.7333333333333334,
      "rank_rmse_eos_standings_vs_playoff_final_results": 6.093712606722878
    }
  },
  "test_metrics_model_a": {
    "ndcg": 0.5404951442088172,
    "spearman": 0.3508342602892102,
    "mrr_top2": 1.0,
    "mrr_top4": 1.0,
    "ndcg10": 0.5404951442088172,
    "ndcg_at_4": 0.35315119534797357,
    "ndcg_at_12": 0.5403585361402772,
    "ndcg_at_16": 0.5842375234578217,
    "ndcg_at_20": 0.58512111386756,
    "roc_auc_upset": 0.7824074074074074
  },
  "test_metrics_model_b": {
    "ndcg": 0.8167762461145109,
    "spearman": 0.44649610678531704,
    "mrr_top2": 1.0,
    "mrr_top4": 1.0,
    "ndcg10": 0.8167762461145109,
    "ndcg_at_4": 0.7116242168324007,
    "ndcg_at_12": 0.8165858991411964,
    "ndcg_at_16": 0.8166073442118453,
    "ndcg_at_20": 0.8584462951051085,
    "roc_auc_upset": 0.7232142857142857
  },
  "test_metrics_model_c": {
    "ndcg": 0.3335103168238178,
    "spearman": 0.23737486095661847,
    "mrr_top2": 0.16666666666666666,
    "mrr_top4": 0.16666666666666666,
    "ndcg10": 0.3335103168238178,
    "ndcg_at_4": 0.001111095381373398,
    "ndcg_at_12": 0.33890852755612016,
    "ndcg_at_16": 0.3596651465096424,
    "ndcg_at_20": 0.37000114042130106,
    "roc_auc_upset": 0.7633928571428571
  },
  "test_metrics_by_conference": {
    "E": {
      "ndcg": 0.40506426649069116,
      "spearman": 0.2321428571428571
    },
    "W": {
      "ndcg": 0.9235837095702454,
      "spearman": 0.5071428571428571
    }
  },
  "notes": {
    "eos_rank_source": "eos_final_rank"
  }
}