{
  "test_metrics_ensemble": {
    "ndcg": 0.48385140251554926,
    "spearman": 0.4887652947719689,
    "mrr_top2": 0.5,
    "mrr_top4": 0.5,
    "ndcg10": 0.48385140251554926,
    "ndcg_at_4": 0.4641493447784409,
    "ndcg_at_12": 0.5279643756192166,
    "ndcg_at_16": 0.5279461001893665,
    "ndcg_at_20": 0.5320643019602578,
    "roc_auc_upset": 0.7589285714285714,
    "rank_mae_pred_vs_playoff_final_results": 6.866666793823242,
    "rank_rmse_pred_vs_playoff_final_results": 8.752142906188965,
    "rank_mae_eos_standings_vs_playoff_final_results": 3.1333333333333333,
    "rank_rmse_eos_standings_vs_playoff_final_results": 4.449719092257398,
    "playoff_metrics": {
      "spearman_pred_vs_playoff_final_results": 0.4958843159065628,
      "ndcg_at_4_final_four": 0.464136151433333,
      "ndcg10_pred_vs_playoff_final_results": 0.48383803770624356,
      "brier_championship_odds": 0.03222232684493065,
      "rank_mae_pred_vs_playoff_final_results": 6.866666793823242,
      "rank_rmse_pred_vs_playoff_final_results": 8.752142906188965,
      "rank_mae_eos_standings_vs_playoff_final_results": 3.1333333333333333,
      "rank_rmse_eos_standings_vs_playoff_final_results": 4.449719092257398
    }
  },
  "test_metrics_model_a": {
    "ndcg": 0.48385140251554926,
    "spearman": 0.4887652947719689,
    "mrr_top2": 0.5,
    "mrr_top4": 0.5,
    "ndcg10": 0.48385140251554926,
    "ndcg_at_4": 0.4641493447784409,
    "ndcg_at_12": 0.5279643756192166,
    "ndcg_at_16": 0.5279461001893665,
    "ndcg_at_20": 0.5320643019602578,
    "roc_auc_upset": 0.7589285714285714
  },
  "test_metrics_model_b": {
    "ndcg": 0.21451943219104314,
    "spearman": 0.6645161290322581,
    "mrr_top2": 0.2,
    "mrr_top4": 0.2,
    "ndcg10": 0.21451943219104314,
    "ndcg_at_4": 0.04166423104576856,
    "ndcg_at_12": 0.23640633775717118,
    "ndcg_at_16": 0.4026938876826707,
    "ndcg_at_20": 0.4026930696350806,
    "roc_auc_upset": 0.7546296296296295
  },
  "test_metrics_model_c": {
    "ndcg": 0.05124995751403931,
    "spearman": 0.31123470522803115,
    "mrr_top2": 0.07142857142857142,
    "mrr_top4": 0.2,
    "ndcg10": 0.05124995751403931,
    "ndcg_at_4": 0.00711064040423231,
    "ndcg_at_12": 0.056899138174850025,
    "ndcg_at_16": 0.17975039715984434,
    "ndcg_at_20": 0.18214810989505317,
    "roc_auc_upset": 0.8214285714285714
  },
  "test_metrics_by_conference": {
    "E": {
      "ndcg": 0.26492214568091826,
      "spearman": 0.2571428571428571
    },
    "W": {
      "ndcg": 0.7621882543043447,
      "spearman": 0.7249999999999999
    }
  },
  "notes": {
    "eos_rank_source": "eos_final_rank"
  }
}