{
  "notes": {
    "eval_on": "test",
    "eos_rank_source": "eos_final_rank",
    "upset_definition": "sleeper = EOS_global_rank > predicted_strength",
    "mrr_top2": "1/rank of first team in top 2 (champion+runner-up) in predicted order.",
    "mrr_top4": "1/rank of first team in top 4 (conference finals) in predicted order.",
    "per_conference_relevance": "Within E/W: actual rank derived from EOS_global_rank (1=best in conf); NDCG/Spearman use this relevance.",
    "playoff_metrics": "Spearman (pred global vs playoff_final_results), NDCG@4 (final four), Brier (champion vs odds). rank_mae/rank_rmse: pred vs playoff_final_results; eos_standings vs playoff_final_results (baseline)."
  },
  "split_info": {
    "train_frac": 0.75,
    "n_train_dates": 141,
    "n_test_dates": 36,
    "split_mode": "seasons"
  },
  "test_metrics_ensemble": {
    "ndcg": 0.493185045922749,
    "spearman": 0.5141268075639599,
    "mrr_top2": 0.5,
    "mrr_top4": 0.5,
    "ndcg10": 0.493185045922749,
    "ndcg_at_4": 0.5004034533491234,
    "ndcg_at_12": 0.5369416842813848,
    "ndcg_at_16": 0.5369227460734045,
    "ndcg_at_20": 0.5404856034358165,
    "roc_auc_upset": 0.7688888888888888,
    "rank_mae_pred_vs_playoff_final_results": 6.666666507720947,
    "rank_rmse_pred_vs_playoff_final_results": 8.532291412353516,
    "rank_mae_eos_standings_vs_playoff_final_results": 3.1333333333333333,
    "rank_rmse_eos_standings_vs_playoff_final_results": 4.449719092257398,
    "playoff_metrics": {
      "spearman_pred_vs_playoff_final_results": 0.5159065628476084,
      "ndcg_at_4_final_four": 0.5004034533491234,
      "ndcg10_pred_vs_playoff_final_results": 0.493173002085787,
      "brier_championship_odds": 0.03222232684493065,
      "rank_mae_pred_vs_playoff_final_results": 6.666666507720947,
      "rank_rmse_pred_vs_playoff_final_results": 8.532291412353516,
      "rank_mae_eos_standings_vs_playoff_final_results": 3.1333333333333333,
      "rank_rmse_eos_standings_vs_playoff_final_results": 4.449719092257398
    }
  },
  "test_metrics_model_a": {
    "ndcg": 0.49282789428933244,
    "spearman": 0.5114571746384872,
    "mrr_top2": 0.5,
    "mrr_top4": 0.5,
    "ndcg10": 0.49282789428933244,
    "ndcg_at_4": 0.5004034533491234,
    "ndcg_at_12": 0.5365846264599796,
    "ndcg_at_16": 0.5365657156404633,
    "ndcg_at_20": 0.5401285745731742,
    "roc_auc_upset": 0.7733333333333333
  },
  "test_metrics_model_b": {
    "ndcg": 0.22684841108198367,
    "spearman": 0.6040044493882092,
    "mrr_top2": 0.25,
    "mrr_top4": 0.25,
    "ndcg10": 0.22684841108198367,
    "ndcg_at_4": 0.16775742802418675,
    "ndcg_at_12": 0.22679988725577524,
    "ndcg_at_16": 0.4060755645509665,
    "ndcg_at_20": 0.4061166760141019,
    "roc_auc_upset": 0.7410714285714286
  },
  "test_metrics_model_c": {
    "ndcg": 0.05139534647930671,
    "spearman": 0.3050055617352614,
    "mrr_top2": 0.06666666666666667,
    "mrr_top4": 0.2,
    "ndcg10": 0.05139534647930671,
    "ndcg_at_4": 0.0072603807417201014,
    "ndcg_at_12": 0.05704448895120833,
    "ndcg_at_16": 0.1779607433491712,
    "ndcg_at_20": 0.18035846395567354,
    "roc_auc_upset": 0.8258928571428571
  },
  "test_metrics_by_conference": {
    "E": {
      "ndcg": 0.2666291325196506,
      "spearman": 0.2571428571428571
    },
    "W": {
      "ndcg": 0.7729372505482254,
      "spearman": 0.7178571428571427
    }
  },
  "by_season": {
    "2023-24": {
      "test_metrics_ensemble": {
        "ndcg": 0.40028446686327296,
        "spearman": 0.3913236929922136,
        "mrr_top2": 1.0,
        "mrr_top4": 1.0,
        "ndcg10": 0.40028446686327296,
        "ndcg_at_4": 0.35315119534797357,
        "ndcg_at_12": 0.5757239680713879,
        "ndcg_at_16": 0.5776006678973147,
        "ndcg_at_20": 0.5775982558945247,
        "roc_auc_upset": 0.7685185185185185,
        "rank_mae_pred_vs_playoff_final_results": 7.733333110809326,
        "rank_rmse_pred_vs_playoff_final_results": 9.5498685836792,
        "rank_mae_eos_standings_vs_playoff_final_results": 3.7333333333333334,
        "rank_rmse_eos_standings_vs_playoff_final_results": 6.093712606722878,
        "playoff_metrics": {
          "spearman_pred_vs_playoff_final_results": 0.4242491657397108,
          "ndcg_at_4_final_four": 0.35315119534797357,
          "ndcg10_pred_vs_playoff_final_results": 0.4002790561481954,
          "brier_championship_odds": 0.03222232684493065,
          "rank_mae_pred_vs_playoff_final_results": 7.733333110809326,
          "rank_rmse_pred_vs_playoff_final_results": 9.5498685836792,
          "rank_mae_eos_standings_vs_playoff_final_results": 3.7333333333333334,
          "rank_rmse_eos_standings_vs_playoff_final_results": 6.093712606722878
        }
      },
      "test_metrics_model_a": {
        "ndcg": 0.40028446686327296,
        "spearman": 0.3882091212458286,
        "mrr_top2": 1.0,
        "mrr_top4": 1.0,
        "ndcg10": 0.40028446686327296,
        "ndcg_at_4": 0.35315119534797357,
        "ndcg_at_12": 0.5757239680713879,
        "ndcg_at_16": 0.5776006678973147,
        "ndcg_at_20": 0.5775982558945247,
        "roc_auc_upset": 0.7685185185185185
      },
      "test_metrics_model_b": {
        "ndcg": 0.8259964667742442,
        "spearman": 0.44382647385984425,
        "mrr_top2": 1.0,
        "mrr_top4": 1.0,
        "ndcg10": 0.8259964667742442,
        "ndcg_at_4": 0.729074614628521,
        "ndcg_at_12": 0.8258686501073759,
        "ndcg_at_16": 0.8309033653893058,
        "ndcg_at_20": 0.8309042350080464,
        "roc_auc_upset": 0.8571428571428571
      },
      "test_metrics_model_c": {
        "ndcg": 0.333487026575135,
        "spearman": 0.23159065628476083,
        "mrr_top2": 0.16666666666666666,
        "mrr_top4": 0.16666666666666666,
        "ndcg10": 0.333487026575135,
        "ndcg_at_4": 0.0011069724610271625,
        "ndcg_at_12": 0.33890731926775686,
        "ndcg_at_16": 0.35966393831396193,
        "ndcg_at_20": 0.3699999322309346,
        "roc_auc_upset": 0.7633928571428571
      },
      "test_metrics_by_conference": {
        "E": {
          "ndcg": 0.38504331979094114,
          "spearman": 0.23571428571428568
        },
        "W": {
          "ndcg": 0.9189500827993174,
          "spearman": 0.5357142857142856
        }
      },
      "notes": {
        "eos_rank_source": "eos_final_rank"
      }
    },
    "2024-25": {
      "test_metrics_ensemble": {
        "ndcg": 0.493185045922749,
        "spearman": 0.5141268075639599,
        "mrr_top2": 0.5,
        "mrr_top4": 0.5,
        "ndcg10": 0.493185045922749,
        "ndcg_at_4": 0.5004034533491234,
        "ndcg_at_12": 0.5369416842813848,
        "ndcg_at_16": 0.5369227460734045,
        "ndcg_at_20": 0.5404856034358165,
        "roc_auc_upset": 0.7688888888888888,
        "rank_mae_pred_vs_playoff_final_results": 6.666666507720947,
        "rank_rmse_pred_vs_playoff_final_results": 8.532291412353516,
        "rank_mae_eos_standings_vs_playoff_final_results": 3.1333333333333333,
        "rank_rmse_eos_standings_vs_playoff_final_results": 4.449719092257398,
        "playoff_metrics": {
          "spearman_pred_vs_playoff_final_results": 0.5159065628476084,
          "ndcg_at_4_final_four": 0.5004034533491234,
          "ndcg10_pred_vs_playoff_final_results": 0.493173002085787,
          "brier_championship_odds": 0.03222232684493065,
          "rank_mae_pred_vs_playoff_final_results": 6.666666507720947,
          "rank_rmse_pred_vs_playoff_final_results": 8.532291412353516,
          "rank_mae_eos_standings_vs_playoff_final_results": 3.1333333333333333,
          "rank_rmse_eos_standings_vs_playoff_final_results": 4.449719092257398
        }
      },
      "test_metrics_model_a": {
        "ndcg": 0.49282789428933244,
        "spearman": 0.5114571746384872,
        "mrr_top2": 0.5,
        "mrr_top4": 0.5,
        "ndcg10": 0.49282789428933244,
        "ndcg_at_4": 0.5004034533491234,
        "ndcg_at_12": 0.5365846264599796,
        "ndcg_at_16": 0.5365657156404633,