{
  "test_metrics_ensemble": {
    "ndcg": 0.4931722342815395,
    "spearman": 0.48031145717463847,
    "mrr_top2": 0.5,
    "mrr_top4": 0.5,
    "ndcg10": 0.4931722342815395,
    "ndcg_at_4": 0.5004034533491234,
    "ndcg_at_12": 0.5369295456248688,
    "ndcg_at_16": 0.536909613203904,
    "ndcg_at_20": 0.5405133783543938,
    "roc_auc_upset": 0.751131221719457,
    "rank_mae_pred_vs_playoff_final_results": 6.800000190734863,
    "rank_rmse_pred_vs_playoff_final_results": 8.824209213256836,
    "rank_mae_eos_standings_vs_playoff_final_results": 3.1333333333333333,
    "rank_rmse_eos_standings_vs_playoff_final_results": 4.449719092257398,
    "playoff_metrics": {
      "spearman_pred_vs_playoff_final_results": 0.49454949944382637,
      "ndcg_at_4_final_four": 0.5004034533491234,
      "ndcg10_pred_vs_playoff_final_results": 0.49316325803455763,
      "brier_championship_odds": 0.03222232684493065,
      "rank_mae_pred_vs_playoff_final_results": 6.800000190734863,
      "rank_rmse_pred_vs_playoff_final_results": 8.824209213256836,
      "rank_mae_eos_standings_vs_playoff_final_results": 3.1333333333333333,
      "rank_rmse_eos_standings_vs_playoff_final_results": 4.449719092257398
    }
  },
  "test_metrics_model_a": {
    "ndcg": 0.4931705168891652,
    "spearman": 0.4709677419354839,
    "mrr_top2": 0.5,
    "mrr_top4": 0.5,
    "ndcg10": 0.4931705168891652,
    "ndcg_at_4": 0.5004034533491234,
    "ndcg_at_12": 0.5369278286835971,
    "ndcg_at_16": 0.5369078963943319,
    "ndcg_at_20": 0.540470753822056,
    "roc_auc_upset": 0.755656108597285
  },
  "test_metrics_model_b": {
    "ndcg": 0.15627980117372517,
    "spearman": 0.48609566184649605,
    "mrr_top2": 0.16666666666666666,
    "mrr_top4": 0.16666666666666666,
    "ndcg10": 0.15627980117372517,
    "ndcg_at_4": 0.04029517653159447,
    "ndcg_at_12": 0.15624946836202103,
    "ndcg_at_16": 0.219227394302572,
    "ndcg_at_20": 0.2192268283858119,
    "roc_auc_upset": 0.76
  },
  "test_metrics_model_c": {
    "ndcg": 0.05139534647930671,
    "spearman": 0.30233592880978866,
    "mrr_top2": 0.06666666666666667,
    "mrr_top4": 0.2,
    "ndcg10": 0.05139534647930671,
    "ndcg_at_4": 0.0072603807417201014,
    "ndcg_at_12": 0.05704448895120833,
    "ndcg_at_16": 0.1779607433491712,
    "ndcg_at_20": 0.18035846395567354,
    "roc_auc_upset": 0.8258928571428571
  },
  "test_metrics_by_conference": {
    "E": {
      "ndcg": 0.2762916902562892,
      "spearman": 0.2571428571428571
    },
    "W": {
      "ndcg": 0.7728975634578972,
      "spearman": 0.657142857142857
    }
  },
  "notes": {
    "eos_rank_source": "eos_final_rank"
  }
}