{
  "test_metrics_ensemble": {
    "ndcg": 0.6004739774935774,
    "spearman": 0.4251390433815351,
    "mrr_top2": 1.0,
    "mrr_top4": 1.0,
    "ndcg10": 0.6004739774935774,
    "ndcg_at_4": 0.35315119534797357,
    "ndcg_at_12": 0.6003217827716649,
    "ndcg_at_16": 0.6016098251854766,
    "ndcg_at_20": 0.6016166236473034,
    "roc_auc_upset": 0.7873303167420814,
    "rank_mae_pred_vs_playoff_final_results": 7.4666666984558105,
    "rank_rmse_pred_vs_playoff_final_results": 9.280804634094238,
    "rank_mae_eos_standings_vs_playoff_final_results": 3.7333333333333334,
    "rank_rmse_eos_standings_vs_playoff_final_results": 6.093712606722878,
    "playoff_metrics": {
      "spearman_pred_vs_playoff_final_results": 0.43715239154616237,
      "ndcg_at_4_final_four": 0.35315119534797357,
      "ndcg10_pred_vs_playoff_final_results": 0.6004733153090598,
      "brier_championship_odds": 0.03222232684493065,
      "rank_mae_pred_vs_playoff_final_results": 7.4666666984558105,
      "rank_rmse_pred_vs_playoff_final_results": 9.280804634094238,
      "rank_mae_eos_standings_vs_playoff_final_results": 3.7333333333333334,
      "rank_rmse_eos_standings_vs_playoff_final_results": 6.093712606722878
    }
  },
  "test_metrics_model_a": {
    "ndcg": 0.6004739774935774,
    "spearman": 0.41357063403781974,
    "mrr_top2": 1.0,
    "mrr_top4": 1.0,
    "ndcg10": 0.6004739774935774,
    "ndcg_at_4": 0.35315119534797357,
    "ndcg_at_12": 0.6003217827716649,
    "ndcg_at_16": 0.6016098251854766,
    "ndcg_at_20": 0.6016164644753808,
    "roc_auc_upset": 0.7963800904977376
  },
  "test_metrics_model_b": {
    "ndcg": 0.5696604880023005,
    "spearman": 0.453615127919911,
    "mrr_top2": 0.5,
    "mrr_top4": 0.5,
    "ndcg10": 0.5696604880023005,
    "ndcg_at_4": 0.44093212795935904,
    "ndcg_at_12": 0.5695356542004015,
    "ndcg_at_16": 0.5746531977743556,
    "ndcg_at_20": 0.6116210421413202,
    "roc_auc_upset": 0.755656108597285
  },
  "test_metrics_model_c": {
    "ndcg": 0.33348743391404295,
    "spearman": 0.22847608453837595,
    "mrr_top2": 0.16666666666666666,
    "mrr_top4": 0.16666666666666666,
    "ndcg10": 0.33348743391404295,
    "ndcg_at_4": 0.001111095381373398,
    "ndcg_at_12": 0.3389077264996702,
    "ndcg_at_16": 0.3596643455146382,
    "ndcg_at_20": 0.3699901174713633,
    "roc_auc_upset": 0.7678571428571429
  },
  "test_metrics_by_conference": {
    "E": {
      "ndcg": 0.3747672101446582,
      "spearman": 0.20357142857142854
    },
    "W": {
      "ndcg": 0.9456914679938158,
      "spearman": 0.6714285714285713
    }
  },
  "notes": {
    "eos_rank_source": "eos_final_rank"
  }
}