{
  "notes": {
    "eval_on": "test",
    "eos_rank_source": "eos_final_rank",
    "upset_definition": "sleeper = EOS_global_rank > predicted_strength",
    "mrr_top2": "1/rank of first team in top 2 (champion+runner-up) in predicted order.",
    "mrr_top4": "1/rank of first team in top 4 (conference finals) in predicted order.",
    "per_conference_relevance": "Within E/W: actual rank derived from EOS_global_rank (1=best in conf); NDCG/Spearman use this relevance.",
    "playoff_metrics": "Spearman (pred global vs playoff_final_results), NDCG@4 (final four), Brier (champion vs odds). rank_mae/rank_rmse: pred vs playoff_final_results; eos_standings vs playoff_final_results (baseline)."
  },
  "split_info": {
    "train_frac": 0.75,
    "n_train_dates": 141,
    "n_test_dates": 36,
    "split_mode": "seasons"
  },
  "test_metrics_ensemble": {
    "ndcg": 0.5337466519979127,
    "spearman": 0.47141268075639603,
    "mrr_top2": 0.5,
    "mrr_top4": 0.5,
    "ndcg10": 0.5337466519979127,
    "ndcg_at_4": 0.4730771425813168,
    "ndcg_at_12": 0.5336285739487612,
    "ndcg_at_16": 0.5339222715521691,
    "ndcg_at_20": 0.5351368720060137,
    "roc_auc_upset": 0.8177777777777778,
    "rank_mae_pred_vs_playoff_final_results": 7.133333206176758,
    "rank_rmse_pred_vs_playoff_final_results": 8.89943790435791,
    "rank_mae_eos_standings_vs_playoff_final_results": 3.1333333333333333,
    "rank_rmse_eos_standings_vs_playoff_final_results": 4.449719092257398,
    "playoff_metrics": {
      "spearman_pred_vs_playoff_final_results": 0.489210233592881,
      "ndcg_at_4_final_four": 0.47306182558198095,
      "ndcg10_pred_vs_playoff_final_results": 0.5337317626143524,
      "brier_championship_odds": 0.03222232684493065,
      "rank_mae_pred_vs_playoff_final_results": 7.133333206176758,
      "rank_rmse_pred_vs_playoff_final_results": 8.89943790435791,
      "rank_mae_eos_standings_vs_playoff_final_results": 3.1333333333333333,
      "rank_rmse_eos_standings_vs_playoff_final_results": 4.449719092257398
    }
  },
  "test_metrics_model_a": {
    "ndcg": 0.5337466519979127,
    "spearman": 0.47141268075639603,
    "mrr_top2": 0.5,
    "mrr_top4": 0.5,
    "ndcg10": 0.5337466519979127,
    "ndcg_at_4": 0.4730771425813168,
    "ndcg_at_12": 0.5336285739487612,
    "ndcg_at_16": 0.5339222715521691,
    "ndcg_at_20": 0.5351368720060137,
    "roc_auc_upset": 0.8177777777777778
  },
  "test_metrics_model_b": {
    "ndcg": 0.22684841108198367,
    "spearman": 0.6026696329254727,
    "mrr_top2": 0.25,
    "mrr_top4": 0.25,
    "ndcg10": 0.22684841108198367,
    "ndcg_at_4": 0.16775742802418675,
    "ndcg_at_12": 0.2268855997974056,
    "ndcg_at_16": 0.4091582897182175,
    "ndcg_at_20": 0.4091593416784398,
    "roc_auc_upset": 0.7410714285714286
  },
  "test_metrics_model_c": {
    "ndcg": 0.05124995751403931,
    "spearman": 0.3210233592880979,
    "mrr_top2": 0.07142857142857142,
    "mrr_top4": 0.2,
    "ndcg10": 0.05124995751403931,
    "ndcg_at_4": 0.00711064040423231,
    "ndcg_at_12": 0.056899138174850025,
    "ndcg_at_16": 0.18061907061753987,
    "ndcg_at_20": 0.18301677953213064,
    "roc_auc_upset": 0.8169642857142857
  },
  "test_metrics_by_conference": {
    "E": {
      "ndcg": 0.2779125987757749,
      "spearman": 0.2678571428571428
    },
    "W": {
      "ndcg": 0.7723538271486643,
      "spearman": 0.6535714285714285
    }
  },
  "by_season": {
    "2023-24": {
      "test_metrics_ensemble": {
        "ndcg": 0.5565201368829245,
        "spearman": 0.40778642936596216,
        "mrr_top2": 1.0,
        "mrr_top4": 1.0,
        "ndcg10": 0.5565201368829245,
        "ndcg_at_4": 0.33513898093933947,
        "ndcg_at_12": 0.6016791162730925,
        "ndcg_at_16": 0.6035236534397965,
        "ndcg_at_20": 0.6035210934628011,
        "roc_auc_upset": 0.7276785714285715,
        "rank_mae_pred_vs_playoff_final_results": 7.4666666984558105,
        "rank_rmse_pred_vs_playoff_final_results": 9.41983699798584,
        "rank_mae_eos_standings_vs_playoff_final_results": 3.7333333333333334,
        "rank_rmse_eos_standings_vs_playoff_final_results": 6.093712606722878,
        "playoff_metrics": {
          "spearman_pred_vs_playoff_final_results": 0.4558398220244716,
          "ndcg_at_4_final_four": 0.33513815635527017,
          "ndcg10_pred_vs_playoff_final_results": 0.5565250674837241,
          "brier_championship_odds": 0.03222232684493065,
          "rank_mae_pred_vs_playoff_final_results": 7.4666666984558105,
          "rank_rmse_pred_vs_playoff_final_results": 9.41983699798584,
          "rank_mae_eos_standings_vs_playoff_final_results": 3.7333333333333334,
          "rank_rmse_eos_standings_vs_playoff_final_results": 6.093712606722878
        }
      },
      "test_metrics_model_a": {
        "ndcg": 0.5565201368829245,
        "spearman": 0.3984427141268076,
        "mrr_top2": 1.0,
        "mrr_top4": 1.0,
        "ndcg10": 0.5565201368829245,
        "ndcg_at_4": 0.33513898093933947,
        "ndcg_at_12": 0.6016791162730925,
        "ndcg_at_16": 0.6035236204087727,
        "ndcg_at_20": 0.6035210604319228,
        "roc_auc_upset": 0.7276785714285715
      },
      "test_metrics_model_b": {
        "ndcg": 0.5712682519070129,
        "spearman": 0.4251390433815351,
        "mrr_top2": 0.5,
        "mrr_top4": 0.5,
        "ndcg10": 0.5712682519070129,
        "ndcg_at_4": 0.4646538243780074,
        "ndcg_at_12": 0.5711409868493048,
        "ndcg_at_16": 0.5762556616425676,
        "ndcg_at_20": 0.5762543045126082,
        "roc_auc_upset": 0.8080357142857143
      },
      "test_metrics_model_c": {
        "ndcg": 0.3335099094849099,
        "spearman": 0.23559510567296996,
        "mrr_top2": 0.16666666666666666,
        "mrr_top4": 0.16666666666666666,
        "ndcg10": 0.3335099094849099,
        "ndcg_at_4": 0.0011069724610271625,
        "ndcg_at_12": 0.3389081203242068,
        "ndcg_at_16": 0.3596647393089661,
        "ndcg_at_20": 0.3700007332224158,
        "roc_auc_upset": 0.7633928571428571
      },
      "test_metrics_by_conference": {
        "E": {
          "ndcg": 0.38369169619137905,
          "spearman": 0.2321428571428571
        },
        "W": {
          "ndcg": 0.9193546485195315,
          "spearman": 0.4892857142857142
        }
      },
      "notes": {
        "eos_rank_source": "eos_final_rank"
      }
    },
    "2024-25": {
      "test_metrics_ensemble": {
        "ndcg": 0.5337466519979127,
        "spearman": 0.47141268075639603,
        "mrr_top2": 0.5,
        "mrr_top4": 0.5,
        "ndcg10": 0.5337466519979127,
        "ndcg_at_4": 0.4730771425813168,
        "ndcg_at_12": 0.5336285739487612,
        "ndcg_at_16": 0.5339222715521691,
        "ndcg_at_20": 0.5351368720060137,
        "roc_auc_upset": 0.8177777777777778,
        "rank_mae_pred_vs_playoff_final_results": 7.133333206176758,
        "rank_rmse_pred_vs_playoff_final_results": 8.89943790435791,
        "rank_mae_eos_standings_vs_playoff_final_results": 3.1333333333333333,
        "rank_rmse_eos_standings_vs_playoff_final_results": 4.449719092257398,
        "playoff_metrics": {
          "spearman_pred_vs_playoff_final_results": 0.489210233592881,
          "ndcg_at_4_final_four": 0.47306182558198095,
          "ndcg10_pred_vs_playoff_final_results": 0.5337317626143524,
          "brier_championship_odds": 0.03222232684493065,
          "rank_mae_pred_vs_playoff_final_results": 7.133333206176758,
          "rank_rmse_pred_vs_playoff_final_results": 8.89943790435791,
          "rank_mae_eos_standings_vs_playoff_final_results": 3.1333333333333333,
          "rank_rmse_eos_standings_vs_playoff_final_results": 4.449719092257398
        }
      },
      "test_metrics_model_a": {
        "ndcg": 0.5337466519979127,
        "spearman": 0.47141268075639603,
        "mrr_top2": 0.5,
        "mrr_top4": 0.5,
        "ndcg10": 0.5337466519979127,
        "ndcg_at_4": 0.4730771425813168,
        "ndcg_at_12": 0.5336285739487612,
        "ndcg_at_16": 0.5339222715521691,