{
  "test_metrics_ensemble": {
    "ndcg": 0.5574203218323263,
    "spearman": 0.42335928809788653,
    "mrr_top2": 1.0,
    "mrr_top4": 1.0,
    "ndcg10": 0.5574203218323263,
    "ndcg_at_4": 0.35315119534797357,
    "ndcg_at_12": 0.6025790647734547,
    "ndcg_at_16": 0.6038669634506273,
    "ndcg_at_20": 0.6044607904640247,
    "roc_auc_upset": 0.7366071428571429,
    "rank_mae_pred_vs_playoff_final_results": 7.4666666984558105,
    "rank_rmse_pred_vs_playoff_final_results": 9.295160293579102,
    "rank_mae_eos_standings_vs_playoff_final_results": 3.7333333333333334,
    "rank_rmse_eos_standings_vs_playoff_final_results": 6.093712606722878,
    "playoff_metrics": {
      "spearman_pred_vs_playoff_final_results": 0.4505005561735262,
      "ndcg_at_4_final_four": 0.35315119534797357,
      "ndcg10_pred_vs_playoff_final_results": 0.5574253339009076,
      "brier_championship_odds": 0.03222232684493065,
      "rank_mae_pred_vs_playoff_final_results": 7.4666666984558105,
      "rank_rmse_pred_vs_playoff_final_results": 9.295160293579102,
      "rank_mae_eos_standings_vs_playoff_final_results": 3.7333333333333334,
      "rank_rmse_eos_standings_vs_playoff_final_results": 6.093712606722878
    }
  },
  "test_metrics_model_a": {
    "ndcg": 0.5574203218323263,
    "spearman": 0.4162402669632926,
    "mrr_top2": 1.0,
    "mrr_top4": 1.0,
    "ndcg10": 0.5574203218323263,
    "ndcg_at_4": 0.35315119534797357,
    "ndcg_at_12": 0.6025790647734547,
    "ndcg_at_16": 0.6038669634506273,
    "ndcg_at_20": 0.6044616870343248,
    "roc_auc_upset": 0.7455357142857143
  },
  "test_metrics_model_b": {
    "ndcg": 0.8080962694100556,
    "spearman": 0.3432703003337041,
    "mrr_top2": 1.0,
    "mrr_top4": 1.0,
    "ndcg10": 0.8080962694100556,
    "ndcg_at_4": 0.729074614628521,
    "ndcg_at_12": 0.8079067974055193,
    "ndcg_at_16": 0.8079286458313776,
    "ndcg_at_20": 0.8126219269122558,
    "roc_auc_upset": 0.8800000000000001
  },
  "test_metrics_model_c": {
    "ndcg": 0.33348743391404295,
    "spearman": 0.23337041156840932,
    "mrr_top2": 0.16666666666666666,
    "mrr_top4": 0.16666666666666666,
    "ndcg10": 0.33348743391404295,
    "ndcg_at_4": 0.001111095381373398,
    "ndcg_at_12": 0.3389077264996702,
    "ndcg_at_16": 0.3596643455146382,
    "ndcg_at_20": 0.37000033942981986,
    "roc_auc_upset": 0.7633928571428571
  },
  "test_metrics_by_conference": {
    "E": {
      "ndcg": 0.4082984176139838,
      "spearman": 0.28928571428571426
    },
    "W": {
      "ndcg": 0.9180503746164516,
      "spearman": 0.5642857142857142
    }
  },
  "notes": {
    "eos_rank_source": "eos_final_rank"
  }
}