{
  "notes": {
    "eval_on": "test",
    "eos_rank_source": "eos_final_rank",
    "upset_definition": "sleeper = EOS_global_rank > predicted_strength",
    "mrr_top2": "1/rank of first team in top 2 (champion+runner-up) in predicted order.",
    "mrr_top4": "1/rank of first team in top 4 (conference finals) in predicted order.",
    "per_conference_relevance": "Within E/W: actual rank derived from EOS_global_rank (1=best in conf); NDCG/Spearman use this relevance.",
    "playoff_metrics": "Spearman (pred global vs playoff_final_results), NDCG@4 (final four), Brier (champion vs odds). rank_mae/rank_rmse: pred vs playoff_final_results; eos_standings vs playoff_final_results (baseline)."
  },
  "split_info": {
    "train_frac": 0.75,
    "n_train_dates": 141,
    "n_test_dates": 36,
    "split_mode": "seasons"
  },
  "test_metrics_ensemble": {
    "ndcg": 0.4831470698883736,
    "spearman": 0.48654060066740823,
    "mrr_top2": 0.5,
    "mrr_top4": 0.5,
    "ndcg10": 0.4831470698883736,
    "ndcg_at_4": 0.46437685999867345,
    "ndcg_at_12": 0.5269070145133345,
    "ndcg_at_16": 0.5281293712751738,
    "ndcg_at_20": 0.530516240143551,
    "roc_auc_upset": 0.7767857142857143,
    "rank_mae_pred_vs_playoff_final_results": 6.866666793823242,
    "rank_rmse_pred_vs_playoff_final_results": 8.771164894104004,
    "rank_mae_eos_standings_vs_playoff_final_results": 3.1333333333333333,
    "rank_rmse_eos_standings_vs_playoff_final_results": 4.449719092257398,
    "playoff_metrics": {
      "spearman_pred_vs_playoff_final_results": 0.4776418242491657,
      "ndcg_at_4_final_four": 0.4643768342304213,
      "ndcg10_pred_vs_playoff_final_results": 0.48313713027178495,
      "brier_championship_odds": 0.03222232684493065,
      "rank_mae_pred_vs_playoff_final_results": 6.866666793823242,
      "rank_rmse_pred_vs_playoff_final_results": 8.771164894104004,
      "rank_mae_eos_standings_vs_playoff_final_results": 3.1333333333333333,
      "rank_rmse_eos_standings_vs_playoff_final_results": 4.449719092257398
    }
  },
  "test_metrics_model_a": {
    "ndcg": 0.4831470698883736,
    "spearman": 0.48654060066740823,
    "mrr_top2": 0.5,
    "mrr_top4": 0.5,
    "ndcg10": 0.4831470698883736,
    "ndcg_at_4": 0.46437685999867345,
    "ndcg_at_12": 0.5269070145133345,
    "ndcg_at_16": 0.5281293712751738,
    "ndcg_at_20": 0.530516240143551,
    "roc_auc_upset": 0.7767857142857143
  },
  "test_metrics_model_b": {
    "ndcg": 0.2143905751708314,
    "spearman": 0.5977753058954393,
    "mrr_top2": 0.2,
    "mrr_top4": 0.2,
    "ndcg10": 0.2143905751708314,
    "ndcg_at_4": 0.04166423104576856,
    "ndcg_at_12": 0.21443103615084555,
    "ndcg_at_16": 0.40057372715526857,
    "ndcg_at_20": 0.4005728470537245,
    "roc_auc_upset": 0.78125
  },
  "test_metrics_model_c": {
    "ndcg": 0.05212098780672918,
    "spearman": 0.3125695216907675,
    "mrr_top2": 0.06666666666666667,
    "mrr_top4": 0.2,
    "ndcg10": 0.05212098780672918,
    "ndcg_at_4": 0.0072603807417201014,
    "ndcg_at_12": 0.057769939676471704,
    "ndcg_at_16": 0.17868613842803824,
    "ndcg_at_20": 0.18108385584409248,
    "roc_auc_upset": 0.8214285714285714
  },
  "test_metrics_by_conference": {
    "E": {
      "ndcg": 0.27562424605798974,
      "spearman": 0.2571428571428571
    },
    "W": {
      "ndcg": 0.7377683051579114,
      "spearman": 0.6857142857142856
    }
  },
  "by_season": {
    "2023-24": {
      "test_metrics_ensemble": {
        "ndcg": 0.5574203218323263,
        "spearman": 0.42335928809788653,
        "mrr_top2": 1.0,
        "mrr_top4": 1.0,
        "ndcg10": 0.5574203218323263,
        "ndcg_at_4": 0.35315119534797357,
        "ndcg_at_12": 0.6025790647734547,
        "ndcg_at_16": 0.6038669634506273,
        "ndcg_at_20": 0.6044607904640247,
        "roc_auc_upset": 0.7366071428571429,
        "rank_mae_pred_vs_playoff_final_results": 7.4666666984558105,
        "rank_rmse_pred_vs_playoff_final_results": 9.295160293579102,
        "rank_mae_eos_standings_vs_playoff_final_results": 3.7333333333333334,
        "rank_rmse_eos_standings_vs_playoff_final_results": 6.093712606722878,
        "playoff_metrics": {
          "spearman_pred_vs_playoff_final_results": 0.4505005561735262,
          "ndcg_at_4_final_four": 0.35315119534797357,
          "ndcg10_pred_vs_playoff_final_results": 0.5574253339009076,
          "brier_championship_odds": 0.03222232684493065,
          "rank_mae_pred_vs_playoff_final_results": 7.4666666984558105,
          "rank_rmse_pred_vs_playoff_final_results": 9.295160293579102,
          "rank_mae_eos_standings_vs_playoff_final_results": 3.7333333333333334,
          "rank_rmse_eos_standings_vs_playoff_final_results": 6.093712606722878
        }
      },
      "test_metrics_model_a": {
        "ndcg": 0.5574203218323263,
        "spearman": 0.4162402669632926,
        "mrr_top2": 1.0,
        "mrr_top4": 1.0,
        "ndcg10": 0.5574203218323263,
        "ndcg_at_4": 0.35315119534797357,
        "ndcg_at_12": 0.6025790647734547,
        "ndcg_at_16": 0.6038669634506273,
        "ndcg_at_20": 0.6044616870343248,
        "roc_auc_upset": 0.7455357142857143
      },
      "test_metrics_model_b": {
        "ndcg": 0.8080962694100556,
        "spearman": 0.3432703003337041,
        "mrr_top2": 1.0,
        "mrr_top4": 1.0,
        "ndcg10": 0.8080962694100556,
        "ndcg_at_4": 0.729074614628521,
        "ndcg_at_12": 0.8079067974055193,
        "ndcg_at_16": 0.8079286458313776,
        "ndcg_at_20": 0.8126219269122558,
        "roc_auc_upset": 0.8800000000000001
      },
      "test_metrics_model_c": {
        "ndcg": 0.33348743391404295,
        "spearman": 0.23337041156840932,
        "mrr_top2": 0.16666666666666666,
        "mrr_top4": 0.16666666666666666,
        "ndcg10": 0.33348743391404295,
        "ndcg_at_4": 0.001111095381373398,
        "ndcg_at_12": 0.3389077264996702,
        "ndcg_at_16": 0.3596643455146382,
        "ndcg_at_20": 0.37000033942981986,
        "roc_auc_upset": 0.7633928571428571
      },
      "test_metrics_by_conference": {
        "E": {
          "ndcg": 0.4082984176139838,
          "spearman": 0.28928571428571426
        },
        "W": {
          "ndcg": 0.9180503746164516,
          "spearman": 0.5642857142857142
        }
      },
      "notes": {
        "eos_rank_source": "eos_final_rank"
      }
    },
    "2024-25": {
      "test_metrics_ensemble": {
        "ndcg": 0.4831470698883736,
        "spearman": 0.48654060066740823,
        "mrr_top2": 0.5,
        "mrr_top4": 0.5,
        "ndcg10": 0.4831470698883736,
        "ndcg_at_4": 0.46437685999867345,
        "ndcg_at_12": 0.5269070145133345,
        "ndcg_at_16": 0.5281293712751738,
        "ndcg_at_20": 0.530516240143551,
        "roc_auc_upset": 0.7767857142857143,
        "rank_mae_pred_vs_playoff_final_results": 6.866666793823242,
        "rank_rmse_pred_vs_playoff_final_results": 8.771164894104004,
        "rank_mae_eos_standings_vs_playoff_final_results": 3.1333333333333333,
        "rank_rmse_eos_standings_vs_playoff_final_results": 4.449719092257398,
        "playoff_metrics": {
          "spearman_pred_vs_playoff_final_results": 0.4776418242491657,
          "ndcg_at_4_final_four": 0.4643768342304213,
          "ndcg10_pred_vs_playoff_final_results": 0.48313713027178495,
          "brier_championship_odds": 0.03222232684493065,
          "rank_mae_pred_vs_playoff_final_results": 6.866666793823242,
          "rank_rmse_pred_vs_playoff_final_results": 8.771164894104004,
          "rank_mae_eos_standings_vs_playoff_final_results": 3.1333333333333333,
          "rank_rmse_eos_standings_vs_playoff_final_results": 4.449719092257398
        }
      },
      "test_metrics_model_a": {
        "ndcg": 0.4831470698883736,
        "spearman": 0.48654060066740823,
        "mrr_top2": 0.5,
        "mrr_top4": 0.5,
        "ndcg10": 0.4831470698883736,
        "ndcg_at_4": 0.46437685999867345,
        "ndcg_at_12": 0.5269070145133345,
        "ndcg_at_16": 0.5281293712751738,