{
  "test_metrics_ensemble": {
    "ndcg": 0.4831470698883736,
    "spearman": 0.48654060066740823,
    "mrr_top2": 0.5,
    "mrr_top4": 0.5,
    "ndcg10": 0.4831470698883736,
    "ndcg_at_4": 0.46437685999867345,
    "ndcg_at_12": 0.5269070145133345,
    "ndcg_at_16": 0.5281293712751738,
    "ndcg_at_20": 0.530516240143551,
    "roc_auc_upset": 0.7767857142857143,
    "rank_mae_pred_vs_playoff_final_results": 6.866666793823242,
    "rank_rmse_pred_vs_playoff_final_results": 8.771164894104004,
    "rank_mae_eos_standings_vs_playoff_final_results": 3.1333333333333333,
    "rank_rmse_eos_standings_vs_playoff_final_results": 4.449719092257398,
    "playoff_metrics": {
      "spearman_pred_vs_playoff_final_results": 0.4776418242491657,
      "ndcg_at_4_final_four": 0.4643768342304213,
      "ndcg10_pred_vs_playoff_final_results": 0.48313713027178495,
      "brier_championship_odds": 0.03222232684493065,
      "rank_mae_pred_vs_playoff_final_results": 6.866666793823242,
      "rank_rmse_pred_vs_playoff_final_results": 8.771164894104004,
      "rank_mae_eos_standings_vs_playoff_final_results": 3.1333333333333333,
      "rank_rmse_eos_standings_vs_playoff_final_results": 4.449719092257398
    }
  },
  "test_metrics_model_a": {
    "ndcg": 0.4831470698883736,
    "spearman": 0.48654060066740823,
    "mrr_top2": 0.5,
    "mrr_top4": 0.5,
    "ndcg10": 0.4831470698883736,
    "ndcg_at_4": 0.46437685999867345,
    "ndcg_at_12": 0.5269070145133345,
    "ndcg_at_16": 0.5281293712751738,
    "ndcg_at_20": 0.530516240143551,
    "roc_auc_upset": 0.7767857142857143
  },
  "test_metrics_model_b": {
    "ndcg": 0.2143905751708314,
    "spearman": 0.5977753058954393,
    "mrr_top2": 0.2,
    "mrr_top4": 0.2,
    "ndcg10": 0.2143905751708314,
    "ndcg_at_4": 0.04166423104576856,
    "ndcg_at_12": 0.21443103615084555,
    "ndcg_at_16": 0.40057372715526857,
    "ndcg_at_20": 0.4005728470537245,
    "roc_auc_upset": 0.78125
  },
  "test_metrics_model_c": {
    "ndcg": 0.05212098780672918,
    "spearman": 0.3125695216907675,
    "mrr_top2": 0.06666666666666667,
    "mrr_top4": 0.2,
    "ndcg10": 0.05212098780672918,
    "ndcg_at_4": 0.0072603807417201014,
    "ndcg_at_12": 0.057769939676471704,
    "ndcg_at_16": 0.17868613842803824,
    "ndcg_at_20": 0.18108385584409248,
    "roc_auc_upset": 0.8214285714285714
  },
  "test_metrics_by_conference": {
    "E": {
      "ndcg": 0.27562424605798974,
      "spearman": 0.2571428571428571
    },
    "W": {
      "ndcg": 0.7377683051579114,
      "spearman": 0.6857142857142856
    }
  },
  "notes": {
    "eos_rank_source": "eos_final_rank"
  }
}