{
  "test_metrics_ensemble": {
    "ndcg": 0.605207875655067,
    "spearman": 0.4304783092324805,
    "mrr_top2": 1.0,
    "mrr_top4": 1.0,
    "ndcg10": 0.605207875655067,
    "ndcg_at_4": 0.35315119534797357,
    "ndcg_at_12": 0.6050985023638616,
    "ndcg_at_16": 0.6063522220938069,
    "ndcg_at_20": 0.6069694143647372,
    "roc_auc_upset": 0.7857142857142857,
    "rank_mae_pred_vs_playoff_final_results": 7.0,
    "rank_rmse_pred_vs_playoff_final_results": 9.237604141235352,
    "rank_mae_eos_standings_vs_playoff_final_results": 3.7333333333333334,
    "rank_rmse_eos_standings_vs_playoff_final_results": 6.093712606722878,
    "playoff_metrics": {
      "spearman_pred_vs_playoff_final_results": 0.46918798665183536,
      "ndcg_at_4_final_four": 0.35315119534797357,
      "ndcg10_pred_vs_playoff_final_results": 0.6052131249543536,
      "brier_championship_odds": 0.03222232684493065,
      "rank_mae_pred_vs_playoff_final_results": 7.0,
      "rank_rmse_pred_vs_playoff_final_results": 9.237604141235352,
      "rank_mae_eos_standings_vs_playoff_final_results": 3.7333333333333334,
      "rank_rmse_eos_standings_vs_playoff_final_results": 6.093712606722878
    }
  },
  "test_metrics_model_a": {
    "ndcg": 0.605207875655067,
    "spearman": 0.4304783092324805,
    "mrr_top2": 1.0,
    "mrr_top4": 1.0,
    "ndcg10": 0.605207875655067,
    "ndcg_at_4": 0.35315119534797357,
    "ndcg_at_12": 0.6050985023638616,
    "ndcg_at_16": 0.6063522220938069,
    "ndcg_at_20": 0.6069694143647372,
    "roc_auc_upset": 0.7857142857142857
  },
  "test_metrics_model_b": {
    "ndcg": 0.8037625343427334,
    "spearman": 0.49899888765294764,
    "mrr_top2": 1.0,
    "mrr_top4": 1.0,
    "ndcg10": 0.8037625343427334,
    "ndcg_at_4": 0.6879025204137522,
    "ndcg_at_12": 0.8035541121737919,
    "ndcg_at_16": 0.8441729494278776,
    "ndcg_at_20": 0.8489521892458352,
    "roc_auc_upset": 0.7466666666666666
  },
  "test_metrics_model_c": {
    "ndcg": 0.333487026575135,
    "spearman": 0.2266963292547275,
    "mrr_top2": 0.16666666666666666,
    "mrr_top4": 0.16666666666666666,
    "ndcg10": 0.333487026575135,
    "ndcg_at_4": 0.0011069724610271625,
    "ndcg_at_12": 0.33890731926775686,
    "ndcg_at_16": 0.35966393831396193,
    "ndcg_at_20": 0.369989710272478,
    "roc_auc_upset": 0.7678571428571429
  },
  "test_metrics_by_conference": {
    "E": {
      "ndcg": 0.38520382808445547,
      "spearman": 0.25
    },
    "W": {
      "ndcg": 0.9285206807818238,
      "spearman": 0.557142857142857
    }
  },
  "notes": {
    "eos_rank_source": "eos_final_rank"
  }
}