{
  "notes": {
    "eval_on": "test",
    "eos_rank_source": "eos_final_rank",
    "upset_definition": "sleeper = EOS_global_rank > predicted_strength",
    "mrr_top2": "1/rank of first team in top 2 (champion+runner-up) in predicted order.",
    "mrr_top4": "1/rank of first team in top 4 (conference finals) in predicted order.",
    "per_conference_relevance": "Within E/W: actual rank derived from EOS_global_rank (1=best in conf); NDCG/Spearman use this relevance.",
    "playoff_metrics": "Spearman (pred global vs playoff_final_results), NDCG@4 (final four), Brier (champion vs odds). rank_mae/rank_rmse: pred vs playoff_final_results; eos_standings vs playoff_final_results (baseline)."
  },
  "split_info": {
    "train_frac": 0.75,
    "n_train_dates": 141,
    "n_test_dates": 36,
    "split_mode": "seasons"
  },
  "test_metrics_ensemble": {
    "ndcg": 0.48857459324093366,
    "spearman": 0.46073414905450494,
    "mrr_top2": 0.5,
    "mrr_top4": 0.5,
    "ndcg10": 0.48857459324093366,
    "ndcg_at_4": 0.46437685999867345,
    "ndcg_at_12": 0.532686325717426,
    "ndcg_at_16": 0.5339091794652653,
    "ndcg_at_20": 0.5368327659100536,
    "roc_auc_upset": 0.7244444444444444,
    "rank_mae_pred_vs_playoff_final_results": 6.866666793823242,
    "rank_rmse_pred_vs_playoff_final_results": 8.988882064819336,
    "rank_mae_eos_standings_vs_playoff_final_results": 3.1333333333333333,
    "rank_rmse_eos_standings_vs_playoff_final_results": 4.449719092257398,
    "playoff_metrics": {
      "spearman_pred_vs_playoff_final_results": 0.457174638487208,
      "ndcg_at_4_final_four": 0.4643768342304213,
      "ndcg10_pred_vs_playoff_final_results": 0.48856338682411493,
      "brier_championship_odds": 0.03222232684493065,
      "rank_mae_pred_vs_playoff_final_results": 6.866666793823242,
      "rank_rmse_pred_vs_playoff_final_results": 8.988882064819336,
      "rank_mae_eos_standings_vs_playoff_final_results": 3.1333333333333333,
      "rank_rmse_eos_standings_vs_playoff_final_results": 4.449719092257398
    }
  },
  "test_metrics_model_a": {
    "ndcg": 0.48857459324093366,
    "spearman": 0.44471635150166855,
    "mrr_top2": 0.5,
    "mrr_top4": 0.5,
    "ndcg10": 0.48857459324093366,
    "ndcg_at_4": 0.46437685999867345,
    "ndcg_at_12": 0.532686325717426,
    "ndcg_at_16": 0.5326676880858473,
    "ndcg_at_20": 0.5362305906061045,
    "roc_auc_upset": 0.7333333333333333
  },
  "test_metrics_model_b": {
    "ndcg": 0.2089210877272453,
    "spearman": 0.646718576195773,
    "mrr_top2": 0.16666666666666666,
    "mrr_top4": 0.16666666666666666,
    "ndcg10": 0.2089210877272453,
    "ndcg_at_4": 0.04166423104576856,
    "ndcg_at_12": 0.3900655864888767,
    "ndcg_at_16": 0.4114098665354122,
    "ndcg_at_20": 0.41140866030662193,
    "roc_auc_upset": 0.736111111111111
  },
  "test_metrics_model_c": {
    "ndcg": 0.05139534647930671,
    "spearman": 0.300111234705228,
    "mrr_top2": 0.07142857142857142,
    "mrr_top4": 0.2,
    "ndcg10": 0.05139534647930671,
    "ndcg_at_4": 0.0072603807417201014,
    "ndcg_at_12": 0.05704448895120833,
    "ndcg_at_16": 0.17989573678693135,
    "ndcg_at_20": 0.18221505577021768,
    "roc_auc_upset": 0.8258928571428572
  },
  "test_metrics_by_conference": {
    "E": {
      "ndcg": 0.25751473124992535,
      "spearman": 0.18928571428571428
    },
    "W": {
      "ndcg": 0.7836189732796609,
      "spearman": 0.6892857142857142
    }
  },
  "by_season": {
    "2023-24": {
      "test_metrics_ensemble": {
        "ndcg": 0.605207875655067,
        "spearman": 0.4304783092324805,
        "mrr_top2": 1.0,
        "mrr_top4": 1.0,
        "ndcg10": 0.605207875655067,
        "ndcg_at_4": 0.35315119534797357,
        "ndcg_at_12": 0.6050985023638616,
        "ndcg_at_16": 0.6063522220938069,
        "ndcg_at_20": 0.6069694143647372,
        "roc_auc_upset": 0.7857142857142857,
        "rank_mae_pred_vs_playoff_final_results": 7.0,
        "rank_rmse_pred_vs_playoff_final_results": 9.237604141235352,
        "rank_mae_eos_standings_vs_playoff_final_results": 3.7333333333333334,
        "rank_rmse_eos_standings_vs_playoff_final_results": 6.093712606722878,
        "playoff_metrics": {
          "spearman_pred_vs_playoff_final_results": 0.46918798665183536,
          "ndcg_at_4_final_four": 0.35315119534797357,
          "ndcg10_pred_vs_playoff_final_results": 0.6052131249543536,
          "brier_championship_odds": 0.03222232684493065,
          "rank_mae_pred_vs_playoff_final_results": 7.0,
          "rank_rmse_pred_vs_playoff_final_results": 9.237604141235352,
          "rank_mae_eos_standings_vs_playoff_final_results": 3.7333333333333334,
          "rank_rmse_eos_standings_vs_playoff_final_results": 6.093712606722878
        }
      },
      "test_metrics_model_a": {
        "ndcg": 0.605207875655067,
        "spearman": 0.4304783092324805,
        "mrr_top2": 1.0,
        "mrr_top4": 1.0,
        "ndcg10": 0.605207875655067,
        "ndcg_at_4": 0.35315119534797357,
        "ndcg_at_12": 0.6050985023638616,
        "ndcg_at_16": 0.6063522220938069,
        "ndcg_at_20": 0.6069694143647372,
        "roc_auc_upset": 0.7857142857142857
      },
      "test_metrics_model_b": {
        "ndcg": 0.8037625343427334,
        "spearman": 0.49899888765294764,
        "mrr_top2": 1.0,
        "mrr_top4": 1.0,
        "ndcg10": 0.8037625343427334,
        "ndcg_at_4": 0.6879025204137522,
        "ndcg_at_12": 0.8035541121737919,
        "ndcg_at_16": 0.8441729494278776,
        "ndcg_at_20": 0.8489521892458352,
        "roc_auc_upset": 0.7466666666666666
      },
      "test_metrics_model_c": {
        "ndcg": 0.333487026575135,
        "spearman": 0.2266963292547275,
        "mrr_top2": 0.16666666666666666,
        "mrr_top4": 0.16666666666666666,
        "ndcg10": 0.333487026575135,
        "ndcg_at_4": 0.0011069724610271625,
        "ndcg_at_12": 0.33890731926775686,
        "ndcg_at_16": 0.35966393831396193,
        "ndcg_at_20": 0.369989710272478,
        "roc_auc_upset": 0.7678571428571429
      },
      "test_metrics_by_conference": {
        "E": {
          "ndcg": 0.38520382808445547,
          "spearman": 0.25
        },
        "W": {
          "ndcg": 0.9285206807818238,
          "spearman": 0.557142857142857
        }
      },
      "notes": {
        "eos_rank_source": "eos_final_rank"
      }
    },
    "2024-25": {
      "test_metrics_ensemble": {
        "ndcg": 0.48857459324093366,
        "spearman": 0.46073414905450494,
        "mrr_top2": 0.5,
        "mrr_top4": 0.5,
        "ndcg10": 0.48857459324093366,
        "ndcg_at_4": 0.46437685999867345,
        "ndcg_at_12": 0.532686325717426,
        "ndcg_at_16": 0.5339091794652653,
        "ndcg_at_20": 0.5368327659100536,
        "roc_auc_upset": 0.7244444444444444,
        "rank_mae_pred_vs_playoff_final_results": 6.866666793823242,
        "rank_rmse_pred_vs_playoff_final_results": 8.988882064819336,
        "rank_mae_eos_standings_vs_playoff_final_results": 3.1333333333333333,
        "rank_rmse_eos_standings_vs_playoff_final_results": 4.449719092257398,
        "playoff_metrics": {
          "spearman_pred_vs_playoff_final_results": 0.457174638487208,
          "ndcg_at_4_final_four": 0.4643768342304213,
          "ndcg10_pred_vs_playoff_final_results": 0.48856338682411493,
          "brier_championship_odds": 0.03222232684493065,
          "rank_mae_pred_vs_playoff_final_results": 6.866666793823242,
          "rank_rmse_pred_vs_playoff_final_results": 8.988882064819336,
          "rank_mae_eos_standings_vs_playoff_final_results": 3.1333333333333333,
          "rank_rmse_eos_standings_vs_playoff_final_results": 4.449719092257398
        }
      },
      "test_metrics_model_a": {
        "ndcg": 0.48857459324093366,
        "spearman": 0.44471635150166855,
        "mrr_top2": 0.5,
        "mrr_top4": 0.5,
        "ndcg10": 0.48857459324093366,
        "ndcg_at_4": 0.46437685999867345,
        "ndcg_at_12": 0.532686325717426,
        "ndcg_at_16": 0.5326676880858473,