{
  "test_metrics_ensemble": {
    "ndcg": 0.40487581350717045,
    "spearman": 0.43670745272525024,
    "mrr_top2": 1.0,
    "mrr_top4": 1.0,
    "ndcg10": 0.40487581350717045,
    "ndcg_at_4": 0.35315119534797357,
    "ndcg_at_12": 0.5873401165009045,
    "ndcg_at_16": 0.5873014459156046,
    "ndcg_at_20": 0.5879164457224404,
    "roc_auc_upset": 0.7901785714285715,
    "rank_mae_pred_vs_playoff_final_results": 7.066666603088379,
    "rank_rmse_pred_vs_playoff_final_results": 9.186946868896484,
    "rank_mae_eos_standings_vs_playoff_final_results": 3.7333333333333334,
    "rank_rmse_eos_standings_vs_playoff_final_results": 6.093712606722878,
    "playoff_metrics": {
      "spearman_pred_vs_playoff_final_results": 0.4883203559510568,
      "ndcg_at_4_final_four": 0.35315119534797357,
      "ndcg10_pred_vs_playoff_final_results": 0.4048811197762656,
      "brier_championship_odds": 0.03222232684493065,
      "rank_mae_pred_vs_playoff_final_results": 7.066666603088379,
      "rank_rmse_pred_vs_playoff_final_results": 9.186946868896484,
      "rank_mae_eos_standings_vs_playoff_final_results": 3.7333333333333334,
      "rank_rmse_eos_standings_vs_playoff_final_results": 6.093712606722878
    }
  },
  "test_metrics_model_a": {
    "ndcg": 0.40487581350717045,
    "spearman": 0.43003337041156836,
    "mrr_top2": 1.0,
    "mrr_top4": 1.0,
    "ndcg10": 0.40487581350717045,
    "ndcg_at_4": 0.35315119534797357,
    "ndcg_at_12": 0.5873401165009045,
    "ndcg_at_16": 0.5873014459156046,
    "ndcg_at_20": 0.5879074200664248,
    "roc_auc_upset": 0.7946428571428571
  },
  "test_metrics_model_b": {
    "ndcg": 0.8111634196801824,
    "spearman": 0.44249165739710794,
    "mrr_top2": 1.0,
    "mrr_top4": 1.0,
    "ndcg10": 0.8111634196801824,
    "ndcg_at_4": 0.7116242168324007,
    "ndcg_at_12": 0.8110394991679227,
    "ndcg_at_16": 0.8159666184152906,
    "ndcg_at_20": 0.8541900444242037,
    "roc_auc_upset": 0.8133333333333334
  },
  "test_metrics_model_c": {
    "ndcg": 0.3335103168238178,
    "spearman": 0.24404894327030033,
    "mrr_top2": 0.16666666666666666,
    "mrr_top4": 0.16666666666666666,
    "ndcg10": 0.3335103168238178,
    "ndcg_at_4": 0.001111095381373398,
    "ndcg_at_12": 0.33890852755612016,
    "ndcg_at_16": 0.36020843249775714,
    "ndcg_at_20": 0.3705444240199238,
    "roc_auc_upset": 0.7589285714285714
  },
  "test_metrics_by_conference": {
    "E": {
      "ndcg": 0.3864552008125132,
      "spearman": 0.2678571428571428
    },
    "W": {
      "ndcg": 0.9449572706704487,
      "spearman": 0.6
    }
  },
  "notes": {
    "eos_rank_source": "eos_final_rank"
  }
}