{
  "test_metrics_ensemble": {
    "ndcg": 0.5446376379403877,
    "spearman": 0.489210233592881,
    "mrr_top2": 0.5,
    "mrr_top4": 0.5,
    "ndcg10": 0.5446376379403877,
    "ndcg_at_4": 0.5059460470155133,
    "ndcg_at_12": 0.5448381310271373,
    "ndcg_at_16": 0.5460600526590504,
    "ndcg_at_20": 0.5484468425925451,
    "roc_auc_upset": 0.7633928571428572,
    "rank_mae_pred_vs_playoff_final_results": 6.666666507720947,
    "rank_rmse_pred_vs_playoff_final_results": 8.748332977294922,
    "rank_mae_eos_standings_vs_playoff_final_results": 3.1333333333333333,
    "rank_rmse_eos_standings_vs_playoff_final_results": 4.449719092257398,
    "playoff_metrics": {
      "spearman_pred_vs_playoff_final_results": 0.47319243604004446,
      "ndcg_at_4_final_four": 0.5059460470155133,
      "ndcg10_pred_vs_playoff_final_results": 0.544627020514531,
      "brier_championship_odds": 0.03222232684493065,
      "rank_mae_pred_vs_playoff_final_results": 6.666666507720947,
      "rank_rmse_pred_vs_playoff_final_results": 8.748332977294922,
      "rank_mae_eos_standings_vs_playoff_final_results": 3.1333333333333333,
      "rank_rmse_eos_standings_vs_playoff_final_results": 4.449719092257398
    }
  },
  "test_metrics_model_a": {
    "ndcg": 0.5446512450431112,
    "spearman": 0.48120133481646277,
    "mrr_top2": 0.5,
    "mrr_top4": 0.5,
    "ndcg10": 0.5446512450431112,
    "ndcg_at_4": 0.5059460470155133,
    "ndcg_at_12": 0.5448517345557217,
    "ndcg_at_16": 0.5448321637647451,
    "ndcg_at_20": 0.5484358940701043,
    "roc_auc_upset": 0.7678571428571429
  },
  "test_metrics_model_b": {
    "ndcg": 0.22565452984528545,
    "spearman": 0.6266963292547274,
    "mrr_top2": 0.25,
    "mrr_top4": 0.25,
    "ndcg10": 0.22565452984528545,
    "ndcg_at_4": 0.16775742802418675,
    "ndcg_at_12": 0.2255954328955258,
    "ndcg_at_16": 0.40589611693022043,
    "ndcg_at_20": 0.40593490379285874,
    "roc_auc_upset": 0.6874999999999999
  },
  "test_metrics_model_c": {
    "ndcg": 0.05124995751403931,
    "spearman": 0.3196885428253615,
    "mrr_top2": 0.07142857142857142,
    "mrr_top4": 0.2,
    "ndcg10": 0.05124995751403931,
    "ndcg_at_4": 0.00711064040423231,
    "ndcg_at_12": 0.056899138174850025,
    "ndcg_at_16": 0.18061907061753987,
    "ndcg_at_20": 0.18301677953213064,
    "roc_auc_upset": 0.8169642857142857
  },
  "test_metrics_by_conference": {
    "E": {
      "ndcg": 0.2469235280345623,
      "spearman": 0.21071428571428572
    },
    "W": {
      "ndcg": 0.7723141400583361,
      "spearman": 0.6928571428571427
    }
  },
  "notes": {
    "eos_rank_source": "eos_final_rank"
  }
}