{
  "test_metrics_ensemble": {
    "ndcg": 0.547375402405321,
    "spearman": 0.364182424916574,
    "mrr_top2": 1.0,
    "mrr_top4": 1.0,
    "ndcg10": 0.547375402405321,
    "ndcg_at_4": 0.33513898093933947,
    "ndcg_at_12": 0.5911191675756113,
    "ndcg_at_16": 0.5924117505845115,
    "ndcg_at_20": 0.592418727194979,
    "roc_auc_upset": 0.7022222222222222,
    "rank_mae_pred_vs_playoff_final_results": 7.666666507720947,
    "rank_rmse_pred_vs_playoff_final_results": 9.760464668273926,
    "rank_mae_eos_standings_vs_playoff_final_results": 3.7333333333333334,
    "rank_rmse_eos_standings_vs_playoff_final_results": 6.093712606722878,
    "playoff_metrics": {
      "spearman_pred_vs_playoff_final_results": 0.40511679644048937,
      "ndcg_at_4_final_four": 0.33513815635527017,
      "ndcg10_pred_vs_playoff_final_results": 0.5473803330061208,
      "brier_championship_odds": 0.03222232684493065,
      "rank_mae_pred_vs_playoff_final_results": 7.666666507720947,
      "rank_rmse_pred_vs_playoff_final_results": 9.760464668273926,
      "rank_mae_eos_standings_vs_playoff_final_results": 3.7333333333333334,
      "rank_rmse_eos_standings_vs_playoff_final_results": 6.093712606722878
    }
  },
  "test_metrics_model_a": {
    "ndcg": 0.5396008776417002,
    "spearman": 0.3468298109010011,
    "mrr_top2": 1.0,
    "mrr_top4": 1.0,
    "ndcg10": 0.5396008776417002,
    "ndcg_at_4": 0.33513898093933947,
    "ndcg_at_12": 0.5833466849244638,
    "ndcg_at_16": 0.584639864129129,
    "ndcg_at_20": 0.584646874922073,
    "roc_auc_upset": 0.711111111111111
  },
  "test_metrics_model_b": {
    "ndcg": 0.5770801313884294,
    "spearman": 0.4771968854282535,
    "mrr_top2": 0.5,
    "mrr_top4": 0.5,
    "ndcg10": 0.5770801313884294,
    "ndcg_at_4": 0.44093212795935904,
    "ndcg_at_12": 0.6222283537994925,
    "ndcg_at_16": 0.622281011642966,
    "ndcg_at_20": 0.6222832338520927,
    "roc_auc_upset": 0.75
  },
  "test_metrics_model_c": {
    "ndcg": 0.333487026575135,
    "spearman": 0.23159065628476083,
    "mrr_top2": 0.16666666666666666,
    "mrr_top4": 0.16666666666666666,
    "ndcg10": 0.333487026575135,
    "ndcg_at_4": 0.0011069724610271625,
    "ndcg_at_12": 0.33890731926775686,
    "ndcg_at_16": 0.35966393831396193,
    "ndcg_at_20": 0.3699999322309346,
    "roc_auc_upset": 0.7633928571428571
  },
  "test_metrics_by_conference": {
    "E": {
      "ndcg": 0.37292670222781205,
      "spearman": 0.2071428571428571
    },
    "W": {
      "ndcg": 0.9223875072130601,
      "spearman": 0.5428571428571428
    }
  },
  "notes": {
    "eos_rank_source": "eos_final_rank"
  }
}