{
  "test_metrics_ensemble": {
    "ndcg": 0.5838867060924958,
    "spearman": 0.4117908787541713,
    "mrr_top2": 1.0,
    "mrr_top4": 1.0,
    "ndcg10": 0.5838867060924958,
    "ndcg_at_4": 0.35315119534797357,
    "ndcg_at_12": 0.6304045825050305,
    "ndcg_at_16": 0.6303626952654268,
    "ndcg_at_20": 0.6309572936684289,
    "roc_auc_upset": 0.7410714285714286,
    "rank_mae_pred_vs_playoff_final_results": 7.5333333015441895,
    "rank_rmse_pred_vs_playoff_final_results": 9.387935638427734,
    "rank_mae_eos_standings_vs_playoff_final_results": 3.7333333333333334,
    "rank_rmse_eos_standings_vs_playoff_final_results": 6.093712606722878,
    "playoff_metrics": {
      "spearman_pred_vs_playoff_final_results": 0.4651835372636262,
      "ndcg_at_4_final_four": 0.35315119534797357,
      "ndcg10_pred_vs_playoff_final_results": 0.5838917181610772,
      "brier_championship_odds": 0.03222232684493065,
      "rank_mae_pred_vs_playoff_final_results": 7.5333333015441895,
      "rank_rmse_pred_vs_playoff_final_results": 9.387935638427734,
      "rank_mae_eos_standings_vs_playoff_final_results": 3.7333333333333334,
      "rank_rmse_eos_standings_vs_playoff_final_results": 6.093712606722878
    }
  },
  "test_metrics_model_a": {
    "ndcg": 0.5838867060924958,
    "spearman": 0.40600667408231367,
    "mrr_top2": 1.0,
    "mrr_top4": 1.0,
    "ndcg10": 0.5838867060924958,
    "ndcg_at_4": 0.35315119534797357,
    "ndcg_at_12": 0.6304045825050305,
    "ndcg_at_16": 0.6303626952654268,
    "ndcg_at_20": 0.6309572936684289,
    "roc_auc_upset": 0.7149321266968326
  },
  "test_metrics_model_b": {
    "ndcg": 0.5654881809664828,
    "spearman": 0.42869855394883205,
    "mrr_top2": 0.5,
    "mrr_top4": 0.5,
    "ndcg10": 0.5654881809664828,
    "ndcg_at_4": 0.47920472626830496,
    "ndcg_at_12": 0.5653610749144135,
    "ndcg_at_16": 0.5702864458508198,
    "ndcg_at_20": 0.6073351637932355,
    "roc_auc_upset": 0.7822222222222223
  },
  "test_metrics_model_c": {
    "ndcg": 0.333487026575135,
    "spearman": 0.23159065628476083,
    "mrr_top2": 0.16666666666666666,
    "mrr_top4": 0.16666666666666666,
    "ndcg10": 0.333487026575135,
    "ndcg_at_4": 0.0011069724610271625,
    "ndcg_at_12": 0.33890731926775686,
    "ndcg_at_16": 0.35966393831396193,
    "ndcg_at_20": 0.3699999322309346,
    "roc_auc_upset": 0.7633928571428571
  },
  "test_metrics_by_conference": {
    "E": {
      "ndcg": 0.4082558957314894,
      "spearman": 0.28571428571428564
    },
    "W": {
      "ndcg": 0.9193500683938988,
      "spearman": 0.47857142857142854
    }
  },
  "notes": {
    "eos_rank_source": "eos_final_rank"
  }
}