{
  "test_metrics_ensemble": {
    "ndcg": 0.4833122098322749,
    "spearman": 0.47274749721913245,
    "mrr_top2": 0.5,
    "mrr_top4": 0.5,
    "ndcg10": 0.4833122098322749,
    "ndcg_at_4": 0.46427248266611515,
    "ndcg_at_12": 0.5274253245641624,
    "ndcg_at_16": 0.5274070904827424,
    "ndcg_at_20": 0.5310127895587042,
    "roc_auc_upset": 0.8177777777777778,
    "rank_mae_pred_vs_playoff_final_results": 7.133333206176758,
    "rank_rmse_pred_vs_playoff_final_results": 8.88819408416748,
    "rank_mae_eos_standings_vs_playoff_final_results": 3.1333333333333333,
    "rank_rmse_eos_standings_vs_playoff_final_results": 4.449719092257398,
    "playoff_metrics": {
      "spearman_pred_vs_playoff_final_results": 0.48698553948832035,
      "ndcg_at_4_final_four": 0.46427248266611515,
      "ndcg10_pred_vs_playoff_final_results": 0.48330105918583754,
      "brier_championship_odds": 0.03222232684493065,
      "rank_mae_pred_vs_playoff_final_results": 7.133333206176758,
      "rank_rmse_pred_vs_playoff_final_results": 8.88819408416748,
      "rank_mae_eos_standings_vs_playoff_final_results": 3.1333333333333333,
      "rank_rmse_eos_standings_vs_playoff_final_results": 4.449719092257398
    }
  },
  "test_metrics_model_a": {
    "ndcg": 0.48269116296145215,
    "spearman": 0.4687430478309232,
    "mrr_top2": 0.5,
    "mrr_top4": 0.5,
    "ndcg10": 0.48269116296145215,
    "ndcg_at_4": 0.46427248266611515,
    "ndcg_at_12": 0.5268044408219681,
    "ndcg_at_16": 0.5267862543660333,
    "ndcg_at_20": 0.5303919561725697,
    "roc_auc_upset": 0.7767857142857143
  },
  "test_metrics_model_b": {
    "ndcg": 0.16752637595189138,
    "spearman": 0.5154616240266964,
    "mrr_top2": 0.2,
    "mrr_top4": 0.2,
    "ndcg10": 0.16752637595189138,
    "ndcg_at_4": 0.04166423104576856,
    "ndcg_at_12": 0.21137959207545157,
    "ndcg_at_16": 0.23126889786398372,
    "ndcg_at_20": 0.23126877975586713,
    "roc_auc_upset": 0.8280542986425339
  },
  "test_metrics_model_c": {
    "ndcg": 0.05124995751403931,
    "spearman": 0.30189098998887653,
    "mrr_top2": 0.0625,
    "mrr_top4": 0.2,
    "ndcg10": 0.05124995751403931,
    "ndcg_at_4": 0.00711064040423231,
    "ndcg_at_12": 0.056899138174850025,
    "ndcg_at_16": 0.1769467286075223,
    "ndcg_at_20": 0.17934445367388585,
    "roc_auc_upset": 0.8258928571428571
  },
  "test_metrics_by_conference": {
    "E": {
      "ndcg": 0.28649770035914357,
      "spearman": 0.3142857142857143
    },
    "W": {
      "ndcg": 0.7504940786340119,
      "spearman": 0.6249999999999999
    }
  },
  "notes": {
    "eos_rank_source": "eos_final_rank"
  }
}