{
  "test_metrics_ensemble": {
    "ndcg": 0.5565201368829245,
    "spearman": 0.40778642936596216,
    "mrr_top2": 1.0,
    "mrr_top4": 1.0,
    "ndcg10": 0.5565201368829245,
    "ndcg_at_4": 0.33513898093933947,
    "ndcg_at_12": 0.6016791162730925,
    "ndcg_at_16": 0.6035236534397965,
    "ndcg_at_20": 0.6035210934628011,
    "roc_auc_upset": 0.7276785714285715,
    "rank_mae_pred_vs_playoff_final_results": 7.4666666984558105,
    "rank_rmse_pred_vs_playoff_final_results": 9.41983699798584,
    "rank_mae_eos_standings_vs_playoff_final_results": 3.7333333333333334,
    "rank_rmse_eos_standings_vs_playoff_final_results": 6.093712606722878,
    "playoff_metrics": {
      "spearman_pred_vs_playoff_final_results": 0.4558398220244716,
      "ndcg_at_4_final_four": 0.33513815635527017,
      "ndcg10_pred_vs_playoff_final_results": 0.5565250674837241,
      "brier_championship_odds": 0.03222232684493065,
      "rank_mae_pred_vs_playoff_final_results": 7.4666666984558105,
      "rank_rmse_pred_vs_playoff_final_results": 9.41983699798584,
      "rank_mae_eos_standings_vs_playoff_final_results": 3.7333333333333334,
      "rank_rmse_eos_standings_vs_playoff_final_results": 6.093712606722878
    }
  },
  "test_metrics_model_a": {
    "ndcg": 0.5565201368829245,
    "spearman": 0.3984427141268076,
    "mrr_top2": 1.0,
    "mrr_top4": 1.0,
    "ndcg10": 0.5565201368829245,
    "ndcg_at_4": 0.33513898093933947,
    "ndcg_at_12": 0.6016791162730925,
    "ndcg_at_16": 0.6035236204087727,
    "ndcg_at_20": 0.6035210604319228,
    "roc_auc_upset": 0.7276785714285715
  },
  "test_metrics_model_b": {
    "ndcg": 0.5712682519070129,
    "spearman": 0.4251390433815351,
    "mrr_top2": 0.5,
    "mrr_top4": 0.5,
    "ndcg10": 0.5712682519070129,
    "ndcg_at_4": 0.4646538243780074,
    "ndcg_at_12": 0.5711409868493048,
    "ndcg_at_16": 0.5762556616425676,
    "ndcg_at_20": 0.5762543045126082,
    "roc_auc_upset": 0.8080357142857143
  },
  "test_metrics_model_c": {
    "ndcg": 0.3335099094849099,
    "spearman": 0.23559510567296996,
    "mrr_top2": 0.16666666666666666,
    "mrr_top4": 0.16666666666666666,
    "ndcg10": 0.3335099094849099,
    "ndcg_at_4": 0.0011069724610271625,
    "ndcg_at_12": 0.3389081203242068,
    "ndcg_at_16": 0.3596647393089661,
    "ndcg_at_20": 0.3700007332224158,
    "roc_auc_upset": 0.7633928571428571
  },
  "test_metrics_by_conference": {
    "E": {
      "ndcg": 0.38369169619137905,
      "spearman": 0.2321428571428571
    },
    "W": {
      "ndcg": 0.9193546485195315,
      "spearman": 0.4892857142857142
    }
  },
  "notes": {
    "eos_rank_source": "eos_final_rank"
  }
}