{
  "test_metrics_ensemble": {
    "ndcg": 0.5487055466139048,
    "spearman": 0.2649610678531702,
    "mrr_top2": 1.0,
    "mrr_top4": 1.0,
    "ndcg10": 0.5487055466139048,
    "ndcg_at_4": 0.35315119534797357,
    "ndcg_at_12": 0.5938625607424339,
    "ndcg_at_16": 0.5938247061449262,
    "ndcg_at_20": 0.5938221156487578,
    "roc_auc_upset": 0.8303571428571429,
    "rank_mae_pred_vs_playoff_final_results": 8.533333778381348,
    "rank_rmse_pred_vs_playoff_final_results": 10.4944429397583,
    "rank_mae_eos_standings_vs_playoff_final_results": 3.7333333333333334,
    "rank_rmse_eos_standings_vs_playoff_final_results": 6.093712606722878,
    "playoff_metrics": {
      "spearman_pred_vs_playoff_final_results": 0.3397107897664071,
      "ndcg_at_4_final_four": 0.35315119534797357,
      "ndcg10_pred_vs_playoff_final_results": 0.5487114363841586,
      "brier_championship_odds": 0.03222232684493065,
      "rank_mae_pred_vs_playoff_final_results": 8.533333778381348,
      "rank_rmse_pred_vs_playoff_final_results": 10.4944429397583,
      "rank_mae_eos_standings_vs_playoff_final_results": 3.7333333333333334,
      "rank_rmse_eos_standings_vs_playoff_final_results": 6.093712606722878
    }
  },
  "test_metrics_model_a": {
    "ndcg": 0.5487055466139048,
    "spearman": 0.2649610678531702,
    "mrr_top2": 1.0,
    "mrr_top4": 1.0,
    "ndcg10": 0.5487055466139048,
    "ndcg_at_4": 0.35315119534797357,
    "ndcg_at_12": 0.5938625607424339,
    "ndcg_at_16": 0.5938247061449262,
    "ndcg_at_20": 0.5938221156487578,
    "roc_auc_upset": 0.8303571428571429
  },
  "test_metrics_model_b": {
    "ndcg": 0.7075058276202458,
    "spearman": 0.3721913236929922,
    "mrr_top2": 1.0,
    "mrr_top4": 1.0,
    "ndcg10": 0.7075058276202458,
    "ndcg_at_4": 0.7261751187226982,
    "ndcg_at_12": 0.7979196033896276,
    "ndcg_at_16": 0.7979431715555613,
    "ndcg_at_20": 0.8396089409909766,
    "roc_auc_upset": 0.7901785714285714
  },
  "test_metrics_model_c": {
    "ndcg": 0.333487026575135,
    "spearman": 0.23025583982202447,
    "mrr_top2": 0.16666666666666666,
    "mrr_top4": 0.16666666666666666,
    "ndcg10": 0.333487026575135,
    "ndcg_at_4": 0.0011069724610271625,
    "ndcg_at_12": 0.33890731926775686,
    "ndcg_at_16": 0.35966393831396193,
    "ndcg_at_20": 0.37114051653428015,
    "roc_auc_upset": 0.7678571428571429
  },
  "test_metrics_by_conference": {
    "E": {
      "ndcg": 0.346038122870721,
      "spearman": 0.05357142857142857
    },
    "W": {
      "ndcg": 0.9106914029947748,
      "spearman": 0.39642857142857135
    }
  },
  "notes": {
    "eos_rank_source": "eos_final_rank"
  }
}