{
  "test_metrics_ensemble": {
    "ndcg": 0.482853267695954,
    "spearman": 0.46785317018909905,
    "mrr_top2": 0.5,
    "mrr_top4": 0.5,
    "ndcg10": 0.482853267695954,
    "ndcg_at_4": 0.4645175546554888,
    "ndcg_at_12": 0.48272714980558257,
    "ndcg_at_16": 0.526906842946798,
    "ndcg_at_20": 0.5269096221851652,
    "roc_auc_upset": 0.8144796380090498,
    "rank_mae_pred_vs_playoff_final_results": 7.0,
    "rank_rmse_pred_vs_playoff_final_results": 8.929351806640625,
    "rank_mae_eos_standings_vs_playoff_final_results": 3.1333333333333333,
    "rank_rmse_eos_standings_vs_playoff_final_results": 4.449719092257398,
    "playoff_metrics": {
      "spearman_pred_vs_playoff_final_results": 0.5007786429365962,
      "ndcg_at_4_final_four": 0.4645175546554888,
      "ndcg10_pred_vs_playoff_final_results": 0.48284068649124784,
      "brier_championship_odds": 0.03222232684493065,
      "rank_mae_pred_vs_playoff_final_results": 7.0,
      "rank_rmse_pred_vs_playoff_final_results": 8.929351806640625,
      "rank_mae_eos_standings_vs_playoff_final_results": 3.1333333333333333,
      "rank_rmse_eos_standings_vs_playoff_final_results": 4.449719092257398
    }
  },
  "test_metrics_model_a": {
    "ndcg": 0.482853267695954,
    "spearman": 0.4558398220244716,
    "mrr_top2": 0.5,
    "mrr_top4": 0.5,
    "ndcg10": 0.482853267695954,
    "ndcg_at_4": 0.4645175546554888,
    "ndcg_at_12": 0.48272714980558257,
    "ndcg_at_16": 0.526906842946798,
    "ndcg_at_20": 0.5269096221851652,
    "roc_auc_upset": 0.8190045248868778
  },
  "test_metrics_model_b": {
    "ndcg": 0.42583534705427195,
    "spearman": 0.6284760845383759,
    "mrr_top2": 0.16666666666666666,
    "mrr_top4": 0.16666666666666666,
    "ndcg10": 0.42583534705427195,
    "ndcg_at_4": 0.047452952934463374,
    "ndcg_at_12": 0.4257680666663063,
    "ndcg_at_16": 0.4471843904068578,
    "ndcg_at_20": 0.44725945607921846,
    "roc_auc_upset": 0.7013574660633484
  },
  "test_metrics_model_c": {
    "ndcg": 0.05139534647930671,
    "spearman": 0.3054505005561735,
    "mrr_top2": 0.07142857142857142,
    "mrr_top4": 0.2,
    "ndcg10": 0.05139534647930671,
    "ndcg_at_4": 0.0072603807417201014,
    "ndcg_at_12": 0.05704448895120833,
    "ndcg_at_16": 0.17989573678693135,
    "ndcg_at_20": 0.1822152155273313,
    "roc_auc_upset": 0.8214285714285714
  },
  "test_metrics_by_conference": {
    "E": {
      "ndcg": 0.2530564128395867,
      "spearman": 0.25357142857142856
    },
    "W": {
      "ndcg": 0.7501245010206872,
      "spearman": 0.6214285714285712
    }
  },
  "notes": {
    "eos_rank_source": "eos_final_rank"
  }
}