{
  "test_metrics_ensemble": {
    "ndcg": 0.4867702461642973,
    "spearman": 0.48787541713014465,
    "mrr_top2": 0.5,
    "mrr_top4": 0.5,
    "ndcg10": 0.4867702461642973,
    "ndcg_at_4": 0.4643944167678145,
    "ndcg_at_12": 0.532285049993824,
    "ndcg_at_16": 0.532266443142486,
    "ndcg_at_20": 0.5357740919221494,
    "roc_auc_upset": 0.7544642857142857,
    "rank_mae_pred_vs_playoff_final_results": 6.800000190734863,
    "rank_rmse_pred_vs_playoff_final_results": 8.759756088256836,
    "rank_mae_eos_standings_vs_playoff_final_results": 3.1333333333333333,
    "rank_rmse_eos_standings_vs_playoff_final_results": 4.449719092257398,
    "playoff_metrics": {
      "spearman_pred_vs_playoff_final_results": 0.4905450500556173,
      "ndcg_at_4_final_four": 0.4643812234227066,
      "ndcg10_pred_vs_playoff_final_results": 0.48675688051642113,
      "brier_championship_odds": 0.03222232684493065,
      "rank_mae_pred_vs_playoff_final_results": 6.800000190734863,
      "rank_rmse_pred_vs_playoff_final_results": 8.759756088256836,
      "rank_mae_eos_standings_vs_playoff_final_results": 3.1333333333333333,
      "rank_rmse_eos_standings_vs_playoff_final_results": 4.449719092257398
    }
  },
  "test_metrics_model_a": {
    "ndcg": 0.4867702461642973,
    "spearman": 0.48787541713014465,
    "mrr_top2": 0.5,
    "mrr_top4": 0.5,
    "ndcg10": 0.4867702461642973,
    "ndcg_at_4": 0.4643944167678145,
    "ndcg_at_12": 0.532285049993824,
    "ndcg_at_16": 0.532266443142486,
    "ndcg_at_20": 0.5357740919221494,
    "roc_auc_upset": 0.7544642857142857
  },
  "test_metrics_model_b": {
    "ndcg": 0.16752637595189138,
    "spearman": 0.5256952169076751,
    "mrr_top2": 0.2,
    "mrr_top4": 0.2,
    "ndcg10": 0.16752637595189138,
    "ndcg_at_4": 0.04166423104576856,
    "ndcg_at_12": 0.16749343407719353,
    "ndcg_at_16": 0.23046873241884416,
    "ndcg_at_20": 0.37834887783352233,
    "roc_auc_upset": 0.7799043062200957
  },
  "test_metrics_model_c": {
    "ndcg": 0.05304264223120525,
    "spearman": 0.31835372636262516,
    "mrr_top2": 0.06666666666666667,
    "mrr_top4": 0.2,
    "ndcg10": 0.05304264223120525,
    "ndcg_at_4": 0.0072603807417201014,
    "ndcg_at_12": 0.058691352012581785,
    "ndcg_at_16": 0.17960748008632796,
    "ndcg_at_20": 0.18200519345011773,
    "roc_auc_upset": 0.8169642857142857
  },
  "test_metrics_by_conference": {
    "E": {
      "ndcg": 0.2765773382095607,
      "spearman": 0.28571428571428564
    },
    "W": {
      "ndcg": 0.7510045643067997,
      "spearman": 0.6428571428571428
    }
  },
  "notes": {
    "eos_rank_source": "eos_final_rank"
  }
}