{
  "test_metrics_ensemble": {
    "ndcg": 0.605446071995162,
    "spearman": 0.44338153503893213,
    "mrr_top2": 1.0,
    "mrr_top4": 1.0,
    "ndcg10": 0.605446071995162,
    "ndcg_at_4": 0.35315119534797357,
    "ndcg_at_12": 0.6053312795942106,
    "ndcg_at_16": 0.6072396940541422,
    "ndcg_at_20": 0.6072461411568822,
    "roc_auc_upset": 0.6877828054298643,
    "rank_mae_pred_vs_playoff_final_results": 7.199999809265137,
    "rank_rmse_pred_vs_playoff_final_results": 9.132360458374023,
    "rank_mae_eos_standings_vs_playoff_final_results": 3.7333333333333334,
    "rank_rmse_eos_standings_vs_playoff_final_results": 6.093712606722878,
    "playoff_metrics": {
      "spearman_pred_vs_playoff_final_results": 0.4420467185761958,
      "ndcg_at_4_final_four": 0.35315119534797357,
      "ndcg10_pred_vs_playoff_final_results": 0.6054408759541311,
      "brier_championship_odds": 0.03222232684493065,
      "rank_mae_pred_vs_playoff_final_results": 7.199999809265137,
      "rank_rmse_pred_vs_playoff_final_results": 9.132360458374023,
      "rank_mae_eos_standings_vs_playoff_final_results": 3.7333333333333334,
      "rank_rmse_eos_standings_vs_playoff_final_results": 6.093712606722878
    }
  },
  "test_metrics_model_a": {
    "ndcg": 0.5585360173953815,
    "spearman": 0.43893214682981085,
    "mrr_top2": 1.0,
    "mrr_top4": 1.0,
    "ndcg10": 0.5585360173953815,
    "ndcg_at_4": 0.35315119534797357,
    "ndcg_at_12": 0.6036891107365199,
    "ndcg_at_16": 0.6055976511605948,
    "ndcg_at_20": 0.6056041054854029,
    "roc_auc_upset": 0.6923076923076923
  },
  "test_metrics_model_b": {
    "ndcg": 0.5665786258316611,
    "spearman": 0.4126807563959955,
    "mrr_top2": 0.5,
    "mrr_top4": 0.5,
    "ndcg10": 0.5665786258316611,
    "ndcg_at_4": 0.4646538243780074,
    "ndcg_at_12": 0.5664539975609967,
    "ndcg_at_16": 0.5714606041086017,
    "ndcg_at_20": 0.5714592684923662,
    "roc_auc_upset": 0.8125
  },
  "test_metrics_model_c": {
    "ndcg": 0.3335099094849099,
    "spearman": 0.23559510567296996,
    "mrr_top2": 0.16666666666666666,
    "mrr_top4": 0.16666666666666666,
    "ndcg10": 0.3335099094849099,
    "ndcg_at_4": 0.0011069724610271625,
    "ndcg_at_12": 0.3389081203242068,
    "ndcg_at_16": 0.3596647393089661,
    "ndcg_at_20": 0.3700007332224158,
    "roc_auc_upset": 0.7633928571428571
  },
  "test_metrics_by_conference": {
    "E": {
      "ndcg": 0.3869402032684001,
      "spearman": 0.2928571428571428
    },
    "W": {
      "ndcg": 0.9312084011098776,
      "spearman": 0.5928571428571427
    }
  },
  "notes": {
    "eos_rank_source": "eos_final_rank"
  }
}