{
  "test_metrics_ensemble": {
    "ndcg": 0.558299719103666,
    "spearman": 0.4496106785317019,
    "mrr_top2": 1.0,
    "mrr_top4": 1.0,
    "ndcg10": 0.558299719103666,
    "ndcg_at_4": 0.35315119534797357,
    "ndcg_at_12": 0.6020447621352756,
    "ndcg_at_16": 0.6032988353776578,
    "ndcg_at_20": 0.6039137289926659,
    "roc_auc_upset": 0.7692307692307693,
    "rank_mae_pred_vs_playoff_final_results": 7.199999809265137,
    "rank_rmse_pred_vs_playoff_final_results": 9.08111572265625,
    "rank_mae_eos_standings_vs_playoff_final_results": 3.7333333333333334,
    "rank_rmse_eos_standings_vs_playoff_final_results": 6.093712606722878,
    "playoff_metrics": {
      "spearman_pred_vs_playoff_final_results": 0.48609566184649605,
      "ndcg_at_4_final_four": 0.35315119534797357,
      "ndcg10_pred_vs_playoff_final_results": 0.5583047311722473,
      "brier_championship_odds": 0.03222232684493065,
      "rank_mae_pred_vs_playoff_final_results": 7.199999809265137,
      "rank_rmse_pred_vs_playoff_final_results": 9.08111572265625,
      "rank_mae_eos_standings_vs_playoff_final_results": 3.7333333333333334,
      "rank_rmse_eos_standings_vs_playoff_final_results": 6.093712606722878
    }
  },
  "test_metrics_model_a": {
    "ndcg": 0.558299719103666,
    "spearman": 0.43403781979977757,
    "mrr_top2": 1.0,
    "mrr_top4": 1.0,
    "ndcg10": 0.558299719103666,
    "ndcg_at_4": 0.35315119534797357,
    "ndcg_at_12": 0.6020447621352756,
    "ndcg_at_16": 0.6032988353776578,
    "ndcg_at_20": 0.6039047033366504,
    "roc_auc_upset": 0.7782805429864253
  },
  "test_metrics_model_b": {
    "ndcg": 0.46421052805016877,
    "spearman": 0.44694104560622916,
    "mrr_top2": 0.5,
    "mrr_top4": 0.5,
    "ndcg10": 0.46421052805016877,
    "ndcg_at_4": 0.4437410146181249,
    "ndcg_at_12": 0.5546881996997819,
    "ndcg_at_16": 0.5547297484177951,
    "ndcg_at_20": 0.598370726420092,
    "roc_auc_upset": 0.7733333333333333
  },
  "test_metrics_model_c": {
    "ndcg": 0.333487026575135,
    "spearman": 0.23159065628476083,
    "mrr_top2": 0.16666666666666666,
    "mrr_top4": 0.16666666666666666,
    "ndcg10": 0.333487026575135,
    "ndcg_at_4": 0.0011069724610271625,
    "ndcg_at_12": 0.33890731926775686,
    "ndcg_at_16": 0.35966393831396193,
    "ndcg_at_20": 0.3699999322309346,
    "roc_auc_upset": 0.7633928571428571
  },
  "test_metrics_by_conference": {
    "E": {
      "ndcg": 0.38520906425700524,
      "spearman": 0.2714285714285714
    },
    "W": {
      "ndcg": 0.9149623549117751,
      "spearman": 0.5892857142857142
    }
  },
  "notes": {
    "eos_rank_source": "eos_final_rank"
  }
}