{
  "test_metrics_ensemble": {
    "ndcg": 0.48423687074038135,
    "spearman": 0.48565072302558404,
    "mrr_top2": 0.5,
    "mrr_top4": 0.5,
    "ndcg10": 0.48423687074038135,
    "ndcg_at_4": 0.4643519436832566,
    "ndcg_at_12": 0.5294101490243494,
    "ndcg_at_16": 0.5293917885300324,
    "ndcg_at_20": 0.5329955868173567,
    "roc_auc_upset": 0.7544642857142857,
    "rank_mae_pred_vs_playoff_final_results": 6.800000190734863,
    "rank_rmse_pred_vs_playoff_final_results": 8.778761863708496,
    "rank_mae_eos_standings_vs_playoff_final_results": 3.1333333333333333,
    "rank_rmse_eos_standings_vs_playoff_final_results": 4.449719092257398,
    "playoff_metrics": {
      "spearman_pred_vs_playoff_final_results": 0.4909899888765294,
      "ndcg_at_4_final_four": 0.46433662668392073,
      "ndcg10_pred_vs_playoff_final_results": 0.4842219794802122,
      "brier_championship_odds": 0.03222232684493065,
      "rank_mae_pred_vs_playoff_final_results": 6.800000190734863,
      "rank_rmse_pred_vs_playoff_final_results": 8.778761863708496,
      "rank_mae_eos_standings_vs_playoff_final_results": 3.1333333333333333,
      "rank_rmse_eos_standings_vs_playoff_final_results": 4.449719092257398
    }
  },
  "test_metrics_model_a": {
    "ndcg": 0.48423687074038135,
    "spearman": 0.48565072302558404,
    "mrr_top2": 0.5,
    "mrr_top4": 0.5,
    "ndcg10": 0.48423687074038135,
    "ndcg_at_4": 0.4643519436832566,
    "ndcg_at_12": 0.5294101490243494,
    "ndcg_at_16": 0.5293917885300324,
    "ndcg_at_20": 0.5329955868173567,
    "roc_auc_upset": 0.7544642857142857
  },
  "test_metrics_model_b": {
    "ndcg": 0.15023583631750423,
    "spearman": 0.5012235817575084,
    "mrr_top2": 0.14285714285714285,
    "mrr_top4": 0.14285714285714285,
    "ndcg10": 0.15023583631750423,
    "ndcg_at_4": 0.04166423104576856,
    "ndcg_at_12": 0.19550689045536387,
    "ndcg_at_16": 0.21631580289123525,
    "ndcg_at_20": 0.2163154961900593,
    "roc_auc_upset": 0.7607655502392344
  },
  "test_metrics_model_c": {
    "ndcg": 0.05124995751403931,
    "spearman": 0.3076751946607342,
    "mrr_top2": 0.06666666666666667,
    "mrr_top4": 0.2,
    "ndcg10": 0.05124995751403931,
    "ndcg_at_4": 0.00711064040423231,
    "ndcg_at_12": 0.056899138174850025,
    "ndcg_at_16": 0.17781540372208415,
    "ndcg_at_20": 0.18021327193327982,
    "roc_auc_upset": 0.8214285714285714
  },
  "test_metrics_by_conference": {
    "E": {
      "ndcg": 0.2544834446073316,
      "spearman": 0.2785714285714285
    },
    "W": {
      "ndcg": 0.7729372505482254,
      "spearman": 0.682142857142857
    }
  },
  "notes": {
    "eos_rank_source": "eos_final_rank"
  }
}