{
  "test_metrics_ensemble": {
    "ndcg": 0.4002805020340969,
    "spearman": 0.37486095661846497,
    "mrr_top2": 1.0,
    "mrr_top4": 1.0,
    "ndcg10": 0.4002805020340969,
    "ndcg_at_4": 0.35315119534797357,
    "ndcg_at_12": 0.5813799267434743,
    "ndcg_at_16": 0.5832260209790554,
    "ndcg_at_20": 0.5832235121459202,
    "roc_auc_upset": 0.7963800904977376,
    "rank_mae_pred_vs_playoff_final_results": 7.800000190734863,
    "rank_rmse_pred_vs_playoff_final_results": 9.678153991699219,
    "rank_mae_eos_standings_vs_playoff_final_results": 3.7333333333333334,
    "rank_rmse_eos_standings_vs_playoff_final_results": 6.093712606722878,
    "playoff_metrics": {
      "spearman_pred_vs_playoff_final_results": 0.44471635150166855,
      "ndcg_at_4_final_four": 0.35315119534797357,
      "ndcg10_pred_vs_playoff_final_results": 0.40028575133338357,
      "brier_championship_odds": 0.03222232684493065,
      "rank_mae_pred_vs_playoff_final_results": 7.800000190734863,
      "rank_rmse_pred_vs_playoff_final_results": 9.678153991699219,
      "rank_mae_eos_standings_vs_playoff_final_results": 3.7333333333333334,
      "rank_rmse_eos_standings_vs_playoff_final_results": 6.093712606722878
    }
  },
  "test_metrics_model_a": {
    "ndcg": 0.40305175208047683,
    "spearman": 0.37886540600667407,
    "mrr_top2": 1.0,
    "mrr_top4": 1.0,
    "ndcg10": 0.40305175208047683,
    "ndcg_at_4": 0.3560053866302678,
    "ndcg_at_12": 0.5841504488734275,
    "ndcg_at_16": 0.585996330593441,
    "ndcg_at_20": 0.5859938095758712,
    "roc_auc_upset": 0.7731481481481481
  },
  "test_metrics_model_b": {
    "ndcg": 0.818500321620072,
    "spearman": 0.3984427141268076,
    "mrr_top2": 1.0,
    "mrr_top4": 1.0,
    "ndcg10": 0.818500321620072,
    "ndcg_at_4": 0.729074614628521,
    "ndcg_at_12": 0.818307448128337,
    "ndcg_at_16": 0.818330674325478,
    "ndcg_at_20": 0.8231994111724296,
    "roc_auc_upset": 0.8214285714285714
  },
  "test_metrics_model_c": {
    "ndcg": 0.3335099094849099,
    "spearman": 0.23559510567296996,
    "mrr_top2": 0.16666666666666666,
    "mrr_top4": 0.16666666666666666,
    "ndcg10": 0.3335099094849099,
    "ndcg_at_4": 0.0011069724610271625,
    "ndcg_at_12": 0.3389081203242068,
    "ndcg_at_16": 0.3596647393089661,
    "ndcg_at_20": 0.3700007332224158,
    "roc_auc_upset": 0.7633928571428571
  },
  "test_metrics_by_conference": {
    "E": {
      "ndcg": 0.38376048546002806,
      "spearman": 0.2607142857142857
    },
    "W": {
      "ndcg": 0.919205371425252,
      "spearman": 0.4428571428571427
    }
  },
  "notes": {
    "eos_rank_source": "eos_final_rank"
  }
}