{
  "test_metrics_ensemble": {
    "ndcg": 0.5959323180902777,
    "spearman": 0.4295884315906563,
    "mrr_top2": 1.0,
    "mrr_top4": 1.0,
    "ndcg10": 0.5959323180902777,
    "ndcg_at_4": 0.35315119534797357,
    "ndcg_at_12": 0.5971472290924768,
    "ndcg_at_16": 0.5971079223005369,
    "ndcg_at_20": 0.5980124129628772,
    "roc_auc_upset": 0.7321428571428572,
    "rank_mae_pred_vs_playoff_final_results": 7.400000095367432,
    "rank_rmse_pred_vs_playoff_final_results": 9.244818687438965,
    "rank_mae_eos_standings_vs_playoff_final_results": 3.7333333333333334,
    "rank_rmse_eos_standings_vs_playoff_final_results": 6.093712606722878,
    "playoff_metrics": {
      "spearman_pred_vs_playoff_final_results": 0.4883203559510568,
      "ndcg_at_4_final_four": 0.35315119534797357,
      "ndcg10_pred_vs_playoff_final_results": 0.5959315989359516,
      "brier_championship_odds": 0.03222232684493065,
      "rank_mae_pred_vs_playoff_final_results": 7.400000095367432,
      "rank_rmse_pred_vs_playoff_final_results": 9.244818687438965,
      "rank_mae_eos_standings_vs_playoff_final_results": 3.7333333333333334,
      "rank_rmse_eos_standings_vs_playoff_final_results": 6.093712606722878
    }
  },
  "test_metrics_model_a": {
    "ndcg": 0.5959323180902777,
    "spearman": 0.4295884315906563,
    "mrr_top2": 1.0,
    "mrr_top4": 1.0,
    "ndcg10": 0.5959323180902777,
    "ndcg_at_4": 0.35315119534797357,
    "ndcg_at_12": 0.5971472290924768,
    "ndcg_at_16": 0.5971079223005369,
    "ndcg_at_20": 0.5980124129628772,
    "roc_auc_upset": 0.7321428571428572
  },
  "test_metrics_model_b": {
    "ndcg": 0.8008296938117343,
    "spearman": 0.4402669632925473,
    "mrr_top2": 1.0,
    "mrr_top4": 1.0,
    "ndcg10": 0.8008296938117343,
    "ndcg_at_4": 0.705915834267812,
    "ndcg_at_12": 0.8006441394471006,
    "ndcg_at_16": 0.800662833336073,
    "ndcg_at_20": 0.8431005519874347,
    "roc_auc_upset": 0.751131221719457
  },
  "test_metrics_model_c": {
    "ndcg": 0.3335099094849099,
    "spearman": 0.23559510567296996,
    "mrr_top2": 0.16666666666666666,
    "mrr_top4": 0.16666666666666666,
    "ndcg10": 0.3335099094849099,
    "ndcg_at_4": 0.0011069724610271625,
    "ndcg_at_12": 0.3389081203242068,
    "ndcg_at_16": 0.3596647393089661,
    "ndcg_at_20": 0.3700007332224158,
    "roc_auc_upset": 0.7633928571428571
  },
  "test_metrics_by_conference": {
    "E": {
      "ndcg": 0.3869402032684001,
      "spearman": 0.2821428571428571
    },
    "W": {
      "ndcg": 0.9371164481735417,
      "spearman": 0.5857142857142856
    }
  },
  "notes": {
    "eos_rank_source": "eos_final_rank"
  }
}