{
  "test_metrics_ensemble": {
    "ndcg": 0.4864035739059433,
    "spearman": 0.46696329254727476,
    "mrr_top2": 0.5,
    "mrr_top4": 0.5,
    "ndcg10": 0.4864035739059433,
    "ndcg_at_4": 0.46437685999867345,
    "ndcg_at_12": 0.5319184740482369,
    "ndcg_at_16": 0.5318998953154598,
    "ndcg_at_20": 0.5355055746310717,
    "roc_auc_upset": 0.7678571428571429,
    "rank_mae_pred_vs_playoff_final_results": 7.0,
    "rank_rmse_pred_vs_playoff_final_results": 8.93681526184082,
    "rank_mae_eos_standings_vs_playoff_final_results": 3.1333333333333333,
    "rank_rmse_eos_standings_vs_playoff_final_results": 4.449719092257398,
    "playoff_metrics": {
      "spearman_pred_vs_playoff_final_results": 0.4705228031145718,
      "ndcg_at_4_final_four": 0.4643768342304213,
      "ndcg10_pred_vs_playoff_final_results": 0.4863930969216104,
      "brier_championship_odds": 0.03222232684493065,
      "rank_mae_pred_vs_playoff_final_results": 7.0,
      "rank_rmse_pred_vs_playoff_final_results": 8.93681526184082,
      "rank_mae_eos_standings_vs_playoff_final_results": 3.1333333333333333,
      "rank_rmse_eos_standings_vs_playoff_final_results": 4.449719092257398
    }
  },
  "test_metrics_model_a": {
    "ndcg": 0.4864035739059433,
    "spearman": 0.4593993325917686,
    "mrr_top2": 0.5,
    "mrr_top4": 0.5,
    "ndcg10": 0.4864035739059433,
    "ndcg_at_4": 0.46437685999867345,
    "ndcg_at_12": 0.5319184740482369,
    "ndcg_at_16": 0.5318998953154598,
    "ndcg_at_20": 0.5354867586022758,
    "roc_auc_upset": 0.7723214285714286
  },
  "test_metrics_model_b": {
    "ndcg": 0.20447327093225284,
    "spearman": 0.6333704115684093,
    "mrr_top2": 0.16666666666666666,
    "mrr_top4": 0.16666666666666666,
    "ndcg10": 0.20447327093225284,
    "ndcg_at_4": 0.04166423104576856,
    "ndcg_at_12": 0.20451875275378498,
    "ndcg_at_16": 0.3959261698829644,
    "ndcg_at_20": 0.39592502580774086,
    "roc_auc_upset": 0.7918552036199095
  },
  "test_metrics_model_c": {
    "ndcg": 0.05124995751403931,
    "spearman": 0.3210233592880979,
    "mrr_top2": 0.07142857142857142,
    "mrr_top4": 0.2,
    "ndcg10": 0.05124995751403931,
    "ndcg_at_4": 0.00711064040423231,
    "ndcg_at_12": 0.056899138174850025,
    "ndcg_at_16": 0.18061907061753987,
    "ndcg_at_20": 0.18301677953213064,
    "roc_auc_upset": 0.8169642857142857
  },
  "test_metrics_by_conference": {
    "E": {
      "ndcg": 0.2647142153458276,
      "spearman": 0.23928571428571427
    },
    "W": {
      "ndcg": 0.7504940786340119,
      "spearman": 0.6392857142857141
    }
  },
  "notes": {
    "eos_rank_source": "eos_final_rank"
  }
}