{
  "test_metrics_ensemble": {
    "ndcg": 0.5370527377935452,
    "spearman": 0.5381535038932147,
    "mrr_top2": 0.5,
    "mrr_top4": 0.5,
    "ndcg10": 0.5370527377935452,
    "ndcg_at_4": 0.4747879258974167,
    "ndcg_at_12": 0.5372552231846055,
    "ndcg_at_16": 0.5385048460582349,
    "ndcg_at_20": 0.5408554188911627,
    "roc_auc_upset": 0.768888888888889,
    "rank_mae_pred_vs_playoff_final_results": 6.400000095367432,
    "rank_rmse_pred_vs_playoff_final_results": 8.318653106689453,
    "rank_mae_eos_standings_vs_playoff_final_results": 3.1333333333333333,
    "rank_rmse_eos_standings_vs_playoff_final_results": 4.449719092257398,
    "playoff_metrics": {
      "spearman_pred_vs_playoff_final_results": 0.54972191323693,
      "ndcg_at_4_final_four": 0.4747879258974167,
      "ndcg10_pred_vs_playoff_final_results": 0.5370428057085589,
      "brier_championship_odds": 0.03222232684493065,
      "rank_mae_pred_vs_playoff_final_results": 6.400000095367432,
      "rank_rmse_pred_vs_playoff_final_results": 8.318653106689453,
      "rank_mae_eos_standings_vs_playoff_final_results": 3.1333333333333333,
      "rank_rmse_eos_standings_vs_playoff_final_results": 4.449719092257398
    }
  },
  "test_metrics_model_a": {
    "ndcg": 0.5356891068183425,
    "spearman": 0.5256952169076751,
    "mrr_top2": 0.5,
    "mrr_top4": 0.5,
    "ndcg10": 0.5356891068183425,
    "ndcg_at_4": 0.4733834825680338,
    "ndcg_at_12": 0.5355705185500664,
    "ndcg_at_16": 0.5371326523266571,
    "ndcg_at_20": 0.5394455989218707,
    "roc_auc_upset": 0.7777777777777778
  },
  "test_metrics_model_b": {
    "ndcg": 0.16744612903542058,
    "spearman": 0.5995550611790879,
    "mrr_top2": 0.2,
    "mrr_top4": 0.2,
    "ndcg10": 0.16744612903542058,
    "ndcg_at_4": 0.04166423104576856,
    "ndcg_at_12": 0.21270195081541188,
    "ndcg_at_16": 0.23413232107971843,
    "ndcg_at_20": 0.3899035186028345,
    "roc_auc_upset": 0.7955555555555556
  },
  "test_metrics_model_c": {
    "ndcg": 0.05124995751403931,
    "spearman": 0.31123470522803115,
    "mrr_top2": 0.07142857142857142,
    "mrr_top4": 0.2,
    "ndcg10": 0.05124995751403931,
    "ndcg_at_4": 0.00711064040423231,
    "ndcg_at_12": 0.056899138174850025,
    "ndcg_at_16": 0.17975039715984434,
    "ndcg_at_20": 0.18214810989505317,
    "roc_auc_upset": 0.8214285714285714
  },
  "test_metrics_by_conference": {
    "E": {
      "ndcg": 0.34408280759264154,
      "spearman": 0.3321428571428571
    },
    "W": {
      "ndcg": 0.7748716561006616,
      "spearman": 0.7142857142857142
    }
  },
  "notes": {
    "eos_rank_source": "eos_final_rank"
  }
}