{
  "test_metrics_ensemble": {
    "ndcg": 0.6306640395567109,
    "spearman": 0.47230255839822033,
    "mrr_top2": 1.0,
    "mrr_top4": 1.0,
    "ndcg10": 0.6306640395567109,
    "ndcg_at_4": 0.35315119534797357,
    "ndcg_at_12": 0.6304997244558199,
    "ndcg_at_16": 0.6317554629728929,
    "ndcg_at_20": 0.6323705910881557,
    "roc_auc_upset": 0.6787330316742082,
    "rank_mae_pred_vs_playoff_final_results": 7.066666603088379,
    "rank_rmse_pred_vs_playoff_final_results": 8.89194393157959,
    "rank_mae_eos_standings_vs_playoff_final_results": 3.7333333333333334,
    "rank_rmse_eos_standings_vs_playoff_final_results": 6.093712606722878,
    "playoff_metrics": {
      "spearman_pred_vs_playoff_final_results": 0.47185761957730815,
      "ndcg_at_4_final_four": 0.35315119534797357,
      "ndcg10_pred_vs_playoff_final_results": 0.6306633204023848,
      "brier_championship_odds": 0.03222232684493065,
      "rank_mae_pred_vs_playoff_final_results": 7.066666603088379,
      "rank_rmse_pred_vs_playoff_final_results": 8.89194393157959,
      "rank_mae_eos_standings_vs_playoff_final_results": 3.7333333333333334,
      "rank_rmse_eos_standings_vs_playoff_final_results": 6.093712606722878
    }
  },
  "test_metrics_model_a": {
    "ndcg": 0.6306640395567109,
    "spearman": 0.47230255839822033,
    "mrr_top2": 1.0,
    "mrr_top4": 1.0,
    "ndcg10": 0.6306640395567109,
    "ndcg_at_4": 0.35315119534797357,
    "ndcg_at_12": 0.6304997244558199,
    "ndcg_at_16": 0.6317554629728929,
    "ndcg_at_20": 0.6323705910881557,
    "roc_auc_upset": 0.6787330316742082
  },
  "test_metrics_model_b": {
    "ndcg": 0.8062814887710054,
    "spearman": 0.32591768631813123,
    "mrr_top2": 1.0,
    "mrr_top4": 1.0,
    "ndcg10": 0.8062814887710054,
    "ndcg_at_4": 0.7116242168324007,
    "ndcg_at_12": 0.8060924934497766,
    "ndcg_at_16": 0.8061110123190369,
    "ndcg_at_20": 0.806112426003141,
    "roc_auc_upset": 0.8099547511312217
  },
  "test_metrics_model_c": {
    "ndcg": 0.33348743391404295,
    "spearman": 0.23337041156840932,
    "mrr_top2": 0.16666666666666666,
    "mrr_top4": 0.16666666666666666,
    "ndcg10": 0.33348743391404295,
    "ndcg_at_4": 0.001111095381373398,
    "ndcg_at_12": 0.3389077264996702,
    "ndcg_at_16": 0.3596643455146382,
    "ndcg_at_20": 0.37000033942981986,
    "roc_auc_upset": 0.7633928571428571
  },
  "test_metrics_by_conference": {
    "E": {
      "ndcg": 0.4065672786025889,
      "spearman": 0.3
    },
    "W": {
      "ndcg": 0.9281189312730401,
      "spearman": 0.6428571428571428
    }
  },
  "notes": {
    "eos_rank_source": "eos_final_rank"
  }
}