{
  "test_metrics_ensemble": {
    "ndcg": 0.5583037895088994,
    "spearman": 0.439377085650723,
    "mrr_top2": 1.0,
    "mrr_top4": 1.0,
    "ndcg10": 0.5583037895088994,
    "ndcg_at_4": 0.35315119534797357,
    "ndcg_at_12": 0.6020433023853684,
    "ndcg_at_16": 0.6039180458027901,
    "ndcg_at_20": 0.6042043136226041,
    "roc_auc_upset": 0.7828054298642534,
    "rank_mae_pred_vs_playoff_final_results": 7.400000095367432,
    "rank_rmse_pred_vs_playoff_final_results": 9.165151596069336,
    "rank_mae_eos_standings_vs_playoff_final_results": 3.7333333333333334,
    "rank_rmse_eos_standings_vs_playoff_final_results": 6.093712606722878,
    "playoff_metrics": {
      "spearman_pred_vs_playoff_final_results": 0.4767519466073415,
      "ndcg_at_4_final_four": 0.35315119534797357,
      "ndcg10_pred_vs_playoff_final_results": 0.5582985934678686,
      "brier_championship_odds": 0.03222232684493065,
      "rank_mae_pred_vs_playoff_final_results": 7.400000095367432,
      "rank_rmse_pred_vs_playoff_final_results": 9.165151596069336,
      "rank_mae_eos_standings_vs_playoff_final_results": 3.7333333333333334,
      "rank_rmse_eos_standings_vs_playoff_final_results": 6.093712606722878
    }
  },
  "test_metrics_model_a": {
    "ndcg": 0.5583037895088994,
    "spearman": 0.4304783092324805,
    "mrr_top2": 1.0,
    "mrr_top4": 1.0,
    "ndcg10": 0.5583037895088994,
    "ndcg_at_4": 0.35315119534797357,
    "ndcg_at_12": 0.6020433023853684,
    "ndcg_at_16": 0.6039180458027901,
    "ndcg_at_20": 0.6039154840911699,
    "roc_auc_upset": 0.7873303167420814
  },
  "test_metrics_model_b": {
    "ndcg": 0.5639460618676359,
    "spearman": 0.4291434927697442,
    "mrr_top2": 0.5,
    "mrr_top4": 0.5,
    "ndcg10": 0.5639460618676359,
    "ndcg_at_4": 0.44093212795935904,
    "ndcg_at_12": 0.5638013659454217,
    "ndcg_at_16": 0.6054221424490117,
    "ndcg_at_20": 0.6054245240597644,
    "roc_auc_upset": 0.8280542986425339
  },
  "test_metrics_model_c": {
    "ndcg": 0.33348743391404295,
    "spearman": 0.22847608453837595,
    "mrr_top2": 0.16666666666666666,
    "mrr_top4": 0.16666666666666666,
    "ndcg10": 0.33348743391404295,
    "ndcg_at_4": 0.001111095381373398,
    "ndcg_at_12": 0.3389077264996702,
    "ndcg_at_16": 0.3596643455146382,
    "ndcg_at_20": 0.3699901174713633,
    "roc_auc_upset": 0.7678571428571429
  },
  "test_metrics_by_conference": {
    "E": {
      "ndcg": 0.3851402749883562,
      "spearman": 0.28571428571428564
    },
    "W": {
      "ndcg": 0.9232530857429344,
      "spearman": 0.575
    }
  },
  "notes": {
    "eos_rank_source": "eos_final_rank"
  }
}