{
  "test_metrics_ensemble": {
    "ndcg": 0.5491507967561244,
    "spearman": 0.3899888765294772,
    "mrr_top2": 1.0,
    "mrr_top4": 1.0,
    "ndcg10": 0.5491507967561244,
    "ndcg_at_4": 0.35315119534797357,
    "ndcg_at_12": 0.5943117118300609,
    "ndcg_at_16": 0.5956002446625008,
    "ndcg_at_20": 0.596204175190716,
    "roc_auc_upset": 0.7455357142857143,
    "rank_mae_pred_vs_playoff_final_results": 7.599999904632568,
    "rank_rmse_pred_vs_playoff_final_results": 9.560335159301758,
    "rank_mae_eos_standings_vs_playoff_final_results": 3.7333333333333334,
    "rank_rmse_eos_standings_vs_playoff_final_results": 6.093712606722878,
    "playoff_metrics": {
      "spearman_pred_vs_playoff_final_results": 0.4420467185761958,
      "ndcg_at_4_final_four": 0.35315119534797357,
      "ndcg10_pred_vs_playoff_final_results": 0.549156332252533,
      "brier_championship_odds": 0.03222232684493065,
      "rank_mae_pred_vs_playoff_final_results": 7.599999904632568,
      "rank_rmse_pred_vs_playoff_final_results": 9.560335159301758,
      "rank_mae_eos_standings_vs_playoff_final_results": 3.7333333333333334,
      "rank_rmse_eos_standings_vs_playoff_final_results": 6.093712606722878
    }
  },
  "test_metrics_model_a": {
    "ndcg": 0.5491507967561244,
    "spearman": 0.3842046718576196,
    "mrr_top2": 1.0,
    "mrr_top4": 1.0,
    "ndcg10": 0.5491507967561244,
    "ndcg_at_4": 0.35315119534797357,
    "ndcg_at_12": 0.5943117118300609,
    "ndcg_at_16": 0.5956002446625008,
    "ndcg_at_20": 0.596204175190716,
    "roc_auc_upset": 0.7455357142857143
  },
  "test_metrics_model_b": {
    "ndcg": 0.8024849324349984,
    "spearman": 0.41045606229143494,
    "mrr_top2": 1.0,
    "mrr_top4": 1.0,
    "ndcg10": 0.8024849324349984,
    "ndcg_at_4": 0.7116242168324007,
    "ndcg_at_12": 0.8022969343445054,
    "ndcg_at_16": 0.8072873529772142,
    "ndcg_at_20": 0.8072850015356476,
    "roc_auc_upset": 0.8
  },
  "test_metrics_model_c": {
    "ndcg": 0.333487026575135,
    "spearman": 0.23159065628476083,
    "mrr_top2": 0.16666666666666666,
    "mrr_top4": 0.16666666666666666,
    "ndcg10": 0.333487026575135,
    "ndcg_at_4": 0.0011069724610271625,
    "ndcg_at_12": 0.33890731926775686,
    "ndcg_at_16": 0.35966393831396193,
    "ndcg_at_20": 0.3699999322309346,
    "roc_auc_upset": 0.7633928571428571
  },
  "test_metrics_by_conference": {
    "E": {
      "ndcg": 0.3869402032684001,
      "spearman": 0.2714285714285714
    },
    "W": {
      "ndcg": 0.9213871629856155,
      "spearman": 0.4928571428571427
    }
  },
  "notes": {
    "eos_rank_source": "eos_final_rank"
  }
}