{
  "test_metrics_ensemble": {
    "ndcg": 0.5303997749460295,
    "spearman": 0.4843159065628476,
    "mrr_top2": 0.5,
    "mrr_top4": 0.5,
    "ndcg10": 0.5303997749460295,
    "ndcg_at_4": 0.46437685999867345,
    "ndcg_at_12": 0.5306150303557,
    "ndcg_at_16": 0.5318375165603995,
    "ndcg_at_20": 0.5342243691195331,
    "roc_auc_upset": 0.755656108597285,
    "rank_mae_pred_vs_playoff_final_results": 6.866666793823242,
    "rank_rmse_pred_vs_playoff_final_results": 8.790145874023438,
    "rank_mae_eos_standings_vs_playoff_final_results": 3.1333333333333333,
    "rank_rmse_eos_standings_vs_playoff_final_results": 4.449719092257398,
    "playoff_metrics": {
      "spearman_pred_vs_playoff_final_results": 0.4905450500556173,
      "ndcg_at_4_final_four": 0.4643768342304213,
      "ndcg10_pred_vs_playoff_final_results": 0.5303891549743047,
      "brier_championship_odds": 0.03222232684493065,
      "rank_mae_pred_vs_playoff_final_results": 6.866666793823242,
      "rank_rmse_pred_vs_playoff_final_results": 8.790145874023438,
      "rank_mae_eos_standings_vs_playoff_final_results": 3.1333333333333333,
      "rank_rmse_eos_standings_vs_playoff_final_results": 4.449719092257398
    }
  },
  "test_metrics_model_a": {
    "ndcg": 0.5303961288782948,
    "spearman": 0.4834260289210234,
    "mrr_top2": 0.5,
    "mrr_top4": 0.5,
    "ndcg10": 0.5303961288782948,
    "ndcg_at_4": 0.46437685999867345,
    "ndcg_at_12": 0.5306113852456675,
    "ndcg_at_16": 0.5318338717299687,
    "ndcg_at_20": 0.5342207243051331,
    "roc_auc_upset": 0.755656108597285
  },
  "test_metrics_model_b": {
    "ndcg": 0.22564277801768587,
    "spearman": 0.5986651835372636,
    "mrr_top2": 0.25,
    "mrr_top4": 0.25,
    "ndcg10": 0.22564277801768587,
    "ndcg_at_4": 0.16775742802418675,
    "ndcg_at_12": 0.22559422582865524,
    "ndcg_at_16": 0.4053927551415643,
    "ndcg_at_20": 0.40539415581659044,
    "roc_auc_upset": 0.7321428571428572
  },
  "test_metrics_model_c": {
    "ndcg": 0.05124995751403931,
    "spearman": 0.3076751946607342,
    "mrr_top2": 0.06666666666666667,
    "mrr_top4": 0.2,
    "ndcg10": 0.05124995751403931,
    "ndcg_at_4": 0.00711064040423231,
    "ndcg_at_12": 0.056899138174850025,
    "ndcg_at_16": 0.17781540372208415,
    "ndcg_at_20": 0.18021327193327982,
    "roc_auc_upset": 0.8214285714285714
  },
  "test_metrics_by_conference": {
    "E": {
      "ndcg": 0.2595405455854567,
      "spearman": 0.2607142857142857
    },
    "W": {
      "ndcg": 0.7728975634578972,
      "spearman": 0.6464285714285712
    }
  },
  "notes": {
    "eos_rank_source": "eos_final_rank"
  }
}