{
  "notes": {
    "eval_on": "test",
    "eos_rank_source": "eos_final_rank",
    "upset_definition": "sleeper = EOS_global_rank > predicted_strength",
    "mrr_top2": "1/rank of first team in top 2 (champion+runner-up) in predicted order.",
    "mrr_top4": "1/rank of first team in top 4 (conference finals) in predicted order.",
    "per_conference_relevance": "Within E/W: actual rank derived from EOS_global_rank (1=best in conf); NDCG/Spearman use this relevance.",
    "playoff_metrics": "Spearman (pred global vs playoff_final_results), NDCG@4 (final four), Brier (champion vs odds). rank_mae/rank_rmse: pred vs playoff_final_results; eos_standings vs playoff_final_results (baseline)."
  },
  "split_info": {
    "train_frac": 0.75,
    "n_train_dates": 141,
    "n_test_dates": 36,
    "split_mode": "seasons"
  },
  "test_metrics_ensemble": {
    "ndcg": 0.5358419463913255,
    "spearman": 0.5038932146829811,
    "mrr_top2": 0.5,
    "mrr_top4": 0.5,
    "ndcg10": 0.5358419463913255,
    "ndcg_at_4": 0.4643944167678145,
    "ndcg_at_12": 0.536055772321185,
    "ndcg_at_16": 0.5360369020679346,
    "ndcg_at_20": 0.539599763476288,
    "roc_auc_upset": 0.75,
    "rank_mae_pred_vs_playoff_final_results": 6.733333110809326,
    "rank_rmse_pred_vs_playoff_final_results": 8.621678352355957,
    "rank_mae_eos_standings_vs_playoff_final_results": 3.1333333333333333,
    "rank_rmse_eos_standings_vs_playoff_final_results": 4.449719092257398,
    "playoff_metrics": {
      "spearman_pred_vs_playoff_final_results": 0.5030033370411569,
      "ndcg_at_4_final_four": 0.4643812234227066,
      "ndcg10_pred_vs_playoff_final_results": 0.5358291170731552,
      "brier_championship_odds": 0.03222232684493065,
      "rank_mae_pred_vs_playoff_final_results": 6.733333110809326,
      "rank_rmse_pred_vs_playoff_final_results": 8.621678352355957,
      "rank_mae_eos_standings_vs_playoff_final_results": 3.1333333333333333,
      "rank_rmse_eos_standings_vs_playoff_final_results": 4.449719092257398
    }
  },
  "test_metrics_model_a": {
    "ndcg": 0.5358419463913255,
    "spearman": 0.49988876529477194,
    "mrr_top2": 0.5,
    "mrr_top4": 0.5,
    "ndcg10": 0.5358419463913255,
    "ndcg_at_4": 0.4643944167678145,
    "ndcg_at_12": 0.5360447498175455,
    "ndcg_at_16": 0.5360258804097869,
    "ndcg_at_20": 0.539588741866616,
    "roc_auc_upset": 0.7544642857142857
  },
  "test_metrics_model_b": {
    "ndcg": 0.22684841108198367,
    "spearman": 0.6097886540600668,
    "mrr_top2": 0.25,
    "mrr_top4": 0.25,
    "ndcg10": 0.22684841108198367,
    "ndcg_at_4": 0.16775742802418675,
    "ndcg_at_12": 0.2268855997974056,
    "ndcg_at_16": 0.41346082470427215,
    "ndcg_at_20": 0.4134598878943331,
    "roc_auc_upset": 0.7288888888888889
  },
  "test_metrics_model_c": {
    "ndcg": 0.05124995751403931,
    "spearman": 0.30189098998887653,
    "mrr_top2": 0.0625,
    "mrr_top4": 0.2,
    "ndcg10": 0.05124995751403931,
    "ndcg_at_4": 0.00711064040423231,
    "ndcg_at_12": 0.056899138174850025,
    "ndcg_at_16": 0.1769467286075223,
    "ndcg_at_20": 0.17934445367388585,
    "roc_auc_upset": 0.8258928571428571
  },
  "test_metrics_by_conference": {
    "E": {
      "ndcg": 0.26533736705247435,
      "spearman": 0.25357142857142856
    },
    "W": {
      "ndcg": 0.7729372505482254,
      "spearman": 0.7178571428571427
    }
  },
  "by_season": {
    "2023-24": {
      "test_metrics_ensemble": {
        "ndcg": 0.605446071995162,
        "spearman": 0.44338153503893213,
        "mrr_top2": 1.0,
        "mrr_top4": 1.0,
        "ndcg10": 0.605446071995162,
        "ndcg_at_4": 0.35315119534797357,
        "ndcg_at_12": 0.6053312795942106,
        "ndcg_at_16": 0.6072396940541422,
        "ndcg_at_20": 0.6072461411568822,
        "roc_auc_upset": 0.6877828054298643,
        "rank_mae_pred_vs_playoff_final_results": 7.199999809265137,
        "rank_rmse_pred_vs_playoff_final_results": 9.132360458374023,
        "rank_mae_eos_standings_vs_playoff_final_results": 3.7333333333333334,
        "rank_rmse_eos_standings_vs_playoff_final_results": 6.093712606722878,
        "playoff_metrics": {
          "spearman_pred_vs_playoff_final_results": 0.4420467185761958,
          "ndcg_at_4_final_four": 0.35315119534797357,
          "ndcg10_pred_vs_playoff_final_results": 0.6054408759541311,
          "brier_championship_odds": 0.03222232684493065,
          "rank_mae_pred_vs_playoff_final_results": 7.199999809265137,
          "rank_rmse_pred_vs_playoff_final_results": 9.132360458374023,
          "rank_mae_eos_standings_vs_playoff_final_results": 3.7333333333333334,
          "rank_rmse_eos_standings_vs_playoff_final_results": 6.093712606722878
        }
      },
      "test_metrics_model_a": {
        "ndcg": 0.5585360173953815,
        "spearman": 0.43893214682981085,
        "mrr_top2": 1.0,
        "mrr_top4": 1.0,
        "ndcg10": 0.5585360173953815,
        "ndcg_at_4": 0.35315119534797357,
        "ndcg_at_12": 0.6036891107365199,
        "ndcg_at_16": 0.6055976511605948,
        "ndcg_at_20": 0.6056041054854029,
        "roc_auc_upset": 0.6923076923076923
      },
      "test_metrics_model_b": {
        "ndcg": 0.5665786258316611,
        "spearman": 0.4126807563959955,
        "mrr_top2": 0.5,
        "mrr_top4": 0.5,
        "ndcg10": 0.5665786258316611,
        "ndcg_at_4": 0.4646538243780074,
        "ndcg_at_12": 0.5664539975609967,
        "ndcg_at_16": 0.5714606041086017,
        "ndcg_at_20": 0.5714592684923662,
        "roc_auc_upset": 0.8125
      },
      "test_metrics_model_c": {
        "ndcg": 0.3335099094849099,
        "spearman": 0.23559510567296996,
        "mrr_top2": 0.16666666666666666,
        "mrr_top4": 0.16666666666666666,
        "ndcg10": 0.3335099094849099,
        "ndcg_at_4": 0.0011069724610271625,
        "ndcg_at_12": 0.3389081203242068,
        "ndcg_at_16": 0.3596647393089661,
        "ndcg_at_20": 0.3700007332224158,
        "roc_auc_upset": 0.7633928571428571
      },
      "test_metrics_by_conference": {
        "E": {
          "ndcg": 0.3869402032684001,
          "spearman": 0.2928571428571428
        },
        "W": {
          "ndcg": 0.9312084011098776,
          "spearman": 0.5928571428571427
        }
      },
      "notes": {
        "eos_rank_source": "eos_final_rank"
      }
    },
    "2024-25": {
      "test_metrics_ensemble": {
        "ndcg": 0.5358419463913255,
        "spearman": 0.5038932146829811,
        "mrr_top2": 0.5,
        "mrr_top4": 0.5,
        "ndcg10": 0.5358419463913255,
        "ndcg_at_4": 0.4643944167678145,
        "ndcg_at_12": 0.536055772321185,
        "ndcg_at_16": 0.5360369020679346,
        "ndcg_at_20": 0.539599763476288,
        "roc_auc_upset": 0.75,
        "rank_mae_pred_vs_playoff_final_results": 6.733333110809326,
        "rank_rmse_pred_vs_playoff_final_results": 8.621678352355957,
        "rank_mae_eos_standings_vs_playoff_final_results": 3.1333333333333333,
        "rank_rmse_eos_standings_vs_playoff_final_results": 4.449719092257398,
        "playoff_metrics": {
          "spearman_pred_vs_playoff_final_results": 0.5030033370411569,
          "ndcg_at_4_final_four": 0.4643812234227066,
          "ndcg10_pred_vs_playoff_final_results": 0.5358291170731552,
          "brier_championship_odds": 0.03222232684493065,
          "rank_mae_pred_vs_playoff_final_results": 6.733333110809326,
          "rank_rmse_pred_vs_playoff_final_results": 8.621678352355957,
          "rank_mae_eos_standings_vs_playoff_final_results": 3.1333333333333333,
          "rank_rmse_eos_standings_vs_playoff_final_results": 4.449719092257398
        }
      },
      "test_metrics_model_a": {
        "ndcg": 0.5358419463913255,
        "spearman": 0.49988876529477194,
        "mrr_top2": 0.5,
        "mrr_top4": 0.5,
        "ndcg10": 0.5358419463913255,
        "ndcg_at_4": 0.4643944167678145,
        "ndcg_at_12": 0.5360447498175455,
        "ndcg_at_16": 0.5360258804097869,
        "ndcg_at_20": 0.539588741866616,