{
  "test_metrics_ensemble": {
    "ndcg": 0.48281034545481416,
    "spearman": 0.4705228031145718,
    "mrr_top2": 0.5,
    "mrr_top4": 0.5,
    "ndcg10": 0.48281034545481416,
    "ndcg_at_4": 0.4643944167678145,
    "ndcg_at_12": 0.483038770695259,
    "ndcg_at_16": 0.5256726796695984,
    "ndcg_at_20": 0.5292400906636383,
    "roc_auc_upset": 0.7692307692307693,
    "rank_mae_pred_vs_playoff_final_results": 7.066666603088379,
    "rank_rmse_pred_vs_playoff_final_results": 8.906926155090332,
    "rank_mae_eos_standings_vs_playoff_final_results": 3.1333333333333333,
    "rank_rmse_eos_standings_vs_playoff_final_results": 4.449719092257398,
    "playoff_metrics": {
      "spearman_pred_vs_playoff_final_results": 0.46607341490545046,
      "ndcg_at_4_final_four": 0.4643812234227066,
      "ndcg10_pred_vs_playoff_final_results": 0.482796977440081,
      "brier_championship_odds": 0.03222232684493065,
      "rank_mae_pred_vs_playoff_final_results": 7.066666603088379,
      "rank_rmse_pred_vs_playoff_final_results": 8.906926155090332,
      "rank_mae_eos_standings_vs_playoff_final_results": 3.1333333333333333,
      "rank_rmse_eos_standings_vs_playoff_final_results": 4.449719092257398
    }
  },
  "test_metrics_model_a": {
    "ndcg": 0.48281034545481416,
    "spearman": 0.4634037819799778,
    "mrr_top2": 0.5,
    "mrr_top4": 0.5,
    "ndcg10": 0.48281034545481416,
    "ndcg_at_4": 0.4643944167678145,
    "ndcg_at_12": 0.483038770695259,
    "ndcg_at_16": 0.5256726796695984,
    "ndcg_at_20": 0.5292400906636383,
    "roc_auc_upset": 0.7737556561085972
  },
  "test_metrics_model_b": {
    "ndcg": 0.17966604540235473,
    "spearman": 0.6275862068965516,
    "mrr_top2": 0.16666666666666666,
    "mrr_top4": 0.16666666666666666,
    "ndcg10": 0.17966604540235473,
    "ndcg_at_4": 0.04029517653159447,
    "ndcg_at_12": 0.22354925139919887,
    "ndcg_at_16": 0.2236246113759718,
    "ndcg_at_20": 0.37653557374644564,
    "roc_auc_upset": 0.7782805429864253
  },
  "test_metrics_model_c": {
    "ndcg": 0.05124270050332162,
    "spearman": 0.29521690767519465,
    "mrr_top2": 0.06666666666666667,
    "mrr_top4": 0.2,
    "ndcg10": 0.05124270050332162,
    "ndcg_at_4": 0.00711064040423231,
    "ndcg_at_12": 0.05689188307031086,
    "ndcg_at_16": 0.17780814917405477,
    "ndcg_at_20": 0.18020587045170006,
    "roc_auc_upset": 0.8258928571428571
  },
  "test_metrics_by_conference": {
    "E": {
      "ndcg": 0.25813788295657203,
      "spearman": 0.21071428571428572
    },
    "W": {
      "ndcg": 0.7519554106097529,
      "spearman": 0.7321428571428571
    }
  },
  "notes": {
    "eos_rank_source": "eos_final_rank"
  }
}