{
  "test_metrics_ensemble": {
    "ndcg": 0.6071515068242505,
    "spearman": 0.41045606229143494,
    "mrr_top2": 1.0,
    "mrr_top4": 1.0,
    "ndcg10": 0.6071515068242505,
    "ndcg_at_4": 0.35315119534797357,
    "ndcg_at_12": 0.6070376051069271,
    "ndcg_at_16": 0.6083288490893454,
    "ndcg_at_20": 0.608913317489006,
    "roc_auc_upset": 0.7918552036199095,
    "rank_mae_pred_vs_playoff_final_results": 7.333333492279053,
    "rank_rmse_pred_vs_playoff_final_results": 9.398581504821777,
    "rank_mae_eos_standings_vs_playoff_final_results": 3.7333333333333334,
    "rank_rmse_eos_standings_vs_playoff_final_results": 6.093712606722878,
    "playoff_metrics": {
      "spearman_pred_vs_playoff_final_results": 0.4602892102335928,
      "ndcg_at_4_final_four": 0.35315119534797357,
      "ndcg10_pred_vs_playoff_final_results": 0.6071565188928316,
      "brier_championship_odds": 0.03222232684493065,
      "rank_mae_pred_vs_playoff_final_results": 7.333333492279053,
      "rank_rmse_pred_vs_playoff_final_results": 9.398581504821777,
      "rank_mae_eos_standings_vs_playoff_final_results": 3.7333333333333334,
      "rank_rmse_eos_standings_vs_playoff_final_results": 6.093712606722878
    }
  },
  "test_metrics_model_a": {
    "ndcg": 0.6001170676588119,
    "spearman": 0.40956618464961064,
    "mrr_top2": 1.0,
    "mrr_top4": 1.0,
    "ndcg10": 0.6001170676588119,
    "ndcg_at_4": 0.35315119534797357,
    "ndcg_at_12": 0.6000050136577669,
    "ndcg_at_16": 0.6012967970818833,
    "ndcg_at_20": 0.6018812964100649,
    "roc_auc_upset": 0.7918552036199095
  },
  "test_metrics_model_b": {
    "ndcg": 0.5664879206981719,
    "spearman": 0.41846496106785314,
    "mrr_top2": 0.5,
    "mrr_top4": 0.5,
    "ndcg10": 0.5664879206981719,
    "ndcg_at_4": 0.4646538243780074,
    "ndcg_at_12": 0.5663424924017024,
    "ndcg_at_16": 0.6061287981844332,
    "ndcg_at_20": 0.6108273421884318,
    "roc_auc_upset": 0.8101851851851851
  },
  "test_metrics_model_c": {
    "ndcg": 0.333487026575135,
    "spearman": 0.23159065628476083,
    "mrr_top2": 0.16666666666666666,
    "mrr_top4": 0.16666666666666666,
    "ndcg10": 0.333487026575135,
    "ndcg_at_4": 0.0011069724610271625,
    "ndcg_at_12": 0.33890731926775686,
    "ndcg_at_16": 0.35966393831396193,
    "ndcg_at_20": 0.3699999322309346,
    "roc_auc_upset": 0.7633928571428571
  },
  "test_metrics_by_conference": {
    "E": {
      "ndcg": 0.38465527253246934,
      "spearman": 0.24642857142857136
    },
    "W": {
      "ndcg": 0.9420337267528655,
      "spearman": 0.5607142857142856
    }
  },
  "notes": {
    "eos_rank_source": "eos_final_rank"
  }
}