{
  "notes": {
    "eval_on": "test",
    "eos_rank_source": "eos_final_rank",
    "upset_definition": "sleeper = EOS_global_rank > predicted_strength",
    "mrr_top2": "1/rank of first team in top 2 (champion+runner-up) in predicted order.",
    "mrr_top4": "1/rank of first team in top 4 (conference finals) in predicted order.",
    "per_conference_relevance": "Within E/W: actual rank derived from EOS_global_rank (1=best in conf); NDCG/Spearman use this relevance.",
    "playoff_metrics": "Spearman (pred global vs playoff_final_results), NDCG@4 (final four), Brier (champion vs odds). rank_mae/rank_rmse: pred vs playoff_final_results; eos_standings vs playoff_final_results (baseline)."
  },
  "split_info": {
    "train_frac": 0.75,
    "n_train_dates": 141,
    "n_test_dates": 36,
    "split_mode": "seasons"
  },
  "test_metrics_ensemble": {
    "ndcg": 0.49914444881761216,
    "spearman": 0.4874304783092325,
    "mrr_top2": 0.5,
    "mrr_top4": 0.5,
    "ndcg10": 0.49914444881761216,
    "ndcg_at_4": 0.5058932736350814,
    "ndcg_at_12": 0.5429001914562079,
    "ndcg_at_16": 0.5428802439363789,
    "ndcg_at_20": 0.5464475792477433,
    "roc_auc_upset": 0.7857142857142856,
    "rank_mae_pred_vs_playoff_final_results": 6.599999904632568,
    "rank_rmse_pred_vs_playoff_final_results": 8.763561248779297,
    "rank_mae_eos_standings_vs_playoff_final_results": 3.1333333333333333,
    "rank_rmse_eos_standings_vs_playoff_final_results": 4.449719092257398,
    "playoff_metrics": {
      "spearman_pred_vs_playoff_final_results": 0.4909899888765294,
      "ndcg_at_4_final_four": 0.5058800802899736,
      "ndcg10_pred_vs_playoff_final_results": 0.4991316194994418,
      "brier_championship_odds": 0.03222232684493065,
      "rank_mae_pred_vs_playoff_final_results": 6.599999904632568,
      "rank_rmse_pred_vs_playoff_final_results": 8.763561248779297,
      "rank_mae_eos_standings_vs_playoff_final_results": 3.1333333333333333,
      "rank_rmse_eos_standings_vs_playoff_final_results": 4.449719092257398
    }
  },
  "test_metrics_model_a": {
    "ndcg": 0.49914902853061044,
    "spearman": 0.48787541713014465,
    "mrr_top2": 0.5,
    "mrr_top4": 0.5,
    "ndcg10": 0.49914902853061044,
    "ndcg_at_4": 0.5058932736350814,
    "ndcg_at_12": 0.5429047699662659,
    "ndcg_at_16": 0.5428848220952379,
    "ndcg_at_20": 0.5464521573864666,
    "roc_auc_upset": 0.7857142857142856
  },
  "test_metrics_model_b": {
    "ndcg": 0.16755540443770164,
    "spearman": 0.6413793103448275,
    "mrr_top2": 0.2,
    "mrr_top4": 0.2,
    "ndcg10": 0.16755540443770164,
    "ndcg_at_4": 0.04166423104576856,
    "ndcg_at_12": 0.2340474544636621,
    "ndcg_at_16": 0.23407986424426147,
    "ndcg_at_20": 0.38985175263268623,
    "roc_auc_upset": 0.7361111111111112
  },
  "test_metrics_model_c": {
    "ndcg": 0.05124995751403931,
    "spearman": 0.307230255839822,
    "mrr_top2": 0.0625,
    "mrr_top4": 0.2,
    "ndcg10": 0.05124995751403931,
    "ndcg_at_4": 0.00711064040423231,
    "ndcg_at_12": 0.056899138174850025,
    "ndcg_at_16": 0.1769467286075223,
    "ndcg_at_20": 0.17934460063934335,
    "roc_auc_upset": 0.8214285714285714
  },
  "test_metrics_by_conference": {
    "E": {
      "ndcg": 0.2575351883625921,
      "spearman": 0.22499999999999998
    },
    "W": {
      "ndcg": 0.7743192083433101,
      "spearman": 0.6892857142857142
    }
  },
  "by_season": {
    "2023-24": {
      "test_metrics_ensemble": {
        "ndcg": 0.6071515068242505,
        "spearman": 0.41045606229143494,
        "mrr_top2": 1.0,
        "mrr_top4": 1.0,
        "ndcg10": 0.6071515068242505,
        "ndcg_at_4": 0.35315119534797357,
        "ndcg_at_12": 0.6070376051069271,
        "ndcg_at_16": 0.6083288490893454,
        "ndcg_at_20": 0.608913317489006,
        "roc_auc_upset": 0.7918552036199095,
        "rank_mae_pred_vs_playoff_final_results": 7.333333492279053,
        "rank_rmse_pred_vs_playoff_final_results": 9.398581504821777,
        "rank_mae_eos_standings_vs_playoff_final_results": 3.7333333333333334,
        "rank_rmse_eos_standings_vs_playoff_final_results": 6.093712606722878,
        "playoff_metrics": {
          "spearman_pred_vs_playoff_final_results": 0.4602892102335928,
          "ndcg_at_4_final_four": 0.35315119534797357,
          "ndcg10_pred_vs_playoff_final_results": 0.6071565188928316,
          "brier_championship_odds": 0.03222232684493065,
          "rank_mae_pred_vs_playoff_final_results": 7.333333492279053,
          "rank_rmse_pred_vs_playoff_final_results": 9.398581504821777,
          "rank_mae_eos_standings_vs_playoff_final_results": 3.7333333333333334,
          "rank_rmse_eos_standings_vs_playoff_final_results": 6.093712606722878
        }
      },
      "test_metrics_model_a": {
        "ndcg": 0.6001170676588119,
        "spearman": 0.40956618464961064,
        "mrr_top2": 1.0,
        "mrr_top4": 1.0,
        "ndcg10": 0.6001170676588119,
        "ndcg_at_4": 0.35315119534797357,
        "ndcg_at_12": 0.6000050136577669,
        "ndcg_at_16": 0.6012967970818833,
        "ndcg_at_20": 0.6018812964100649,
        "roc_auc_upset": 0.7918552036199095
      },
      "test_metrics_model_b": {
        "ndcg": 0.5664879206981719,
        "spearman": 0.41846496106785314,
        "mrr_top2": 0.5,
        "mrr_top4": 0.5,
        "ndcg10": 0.5664879206981719,
        "ndcg_at_4": 0.4646538243780074,
        "ndcg_at_12": 0.5663424924017024,
        "ndcg_at_16": 0.6061287981844332,
        "ndcg_at_20": 0.6108273421884318,
        "roc_auc_upset": 0.8101851851851851
      },
      "test_metrics_model_c": {
        "ndcg": 0.333487026575135,
        "spearman": 0.23159065628476083,
        "mrr_top2": 0.16666666666666666,
        "mrr_top4": 0.16666666666666666,
        "ndcg10": 0.333487026575135,
        "ndcg_at_4": 0.0011069724610271625,
        "ndcg_at_12": 0.33890731926775686,
        "ndcg_at_16": 0.35966393831396193,
        "ndcg_at_20": 0.3699999322309346,
        "roc_auc_upset": 0.7633928571428571
      },
      "test_metrics_by_conference": {
        "E": {
          "ndcg": 0.38465527253246934,
          "spearman": 0.24642857142857136
        },
        "W": {
          "ndcg": 0.9420337267528655,
          "spearman": 0.5607142857142856
        }
      },
      "notes": {
        "eos_rank_source": "eos_final_rank"
      }
    },
    "2024-25": {
      "test_metrics_ensemble": {
        "ndcg": 0.49914444881761216,
        "spearman": 0.4874304783092325,
        "mrr_top2": 0.5,
        "mrr_top4": 0.5,
        "ndcg10": 0.49914444881761216,
        "ndcg_at_4": 0.5058932736350814,
        "ndcg_at_12": 0.5429001914562079,
        "ndcg_at_16": 0.5428802439363789,
        "ndcg_at_20": 0.5464475792477433,
        "roc_auc_upset": 0.7857142857142856,
        "rank_mae_pred_vs_playoff_final_results": 6.599999904632568,
        "rank_rmse_pred_vs_playoff_final_results": 8.763561248779297,
        "rank_mae_eos_standings_vs_playoff_final_results": 3.1333333333333333,
        "rank_rmse_eos_standings_vs_playoff_final_results": 4.449719092257398,
        "playoff_metrics": {
          "spearman_pred_vs_playoff_final_results": 0.4909899888765294,
          "ndcg_at_4_final_four": 0.5058800802899736,
          "ndcg10_pred_vs_playoff_final_results": 0.4991316194994418,
          "brier_championship_odds": 0.03222232684493065,
          "rank_mae_pred_vs_playoff_final_results": 6.599999904632568,
          "rank_rmse_pred_vs_playoff_final_results": 8.763561248779297,
          "rank_mae_eos_standings_vs_playoff_final_results": 3.1333333333333333,
          "rank_rmse_eos_standings_vs_playoff_final_results": 4.449719092257398
        }
      },
      "test_metrics_model_a": {
        "ndcg": 0.49914902853061044,
        "spearman": 0.48787541713014465,
        "mrr_top2": 0.5,
        "mrr_top4": 0.5,
        "ndcg10": 0.49914902853061044,
        "ndcg_at_4": 0.5058932736350814,
        "ndcg_at_12": 0.5429047699662659,
        "ndcg_at_16": 0.5428848220952379,