{
  "notes": {
    "eval_on": "test",
    "eos_rank_source": "eos_final_rank",
    "upset_definition": "sleeper = EOS_global_rank > predicted_strength",
    "mrr_top2": "1/rank of first team in top 2 (champion+runner-up) in predicted order.",
    "mrr_top4": "1/rank of first team in top 4 (conference finals) in predicted order.",
    "per_conference_relevance": "Within E/W: actual rank derived from EOS_global_rank (1=best in conf); NDCG/Spearman use this relevance.",
    "playoff_metrics": "Spearman (pred global vs playoff_final_results), NDCG@4 (final four), Brier (champion vs odds). rank_mae/rank_rmse: pred vs playoff_final_results; eos_standings vs playoff_final_results (baseline)."
  },
  "split_info": {
    "train_frac": 0.75,
    "n_train_dates": 141,
    "n_test_dates": 36,
    "split_mode": "seasons"
  },
  "test_metrics_ensemble": {
    "ndcg": 0.5301572016906174,
    "spearman": 0.4682981090100112,
    "mrr_top2": 0.5,
    "mrr_top4": 0.5,
    "ndcg10": 0.5301572016906174,
    "ndcg_at_4": 0.46419083189100974,
    "ndcg_at_12": 0.5303614983126808,
    "ndcg_at_16": 0.5303425125853817,
    "ndcg_at_20": 0.5338723441964324,
    "roc_auc_upset": 0.755656108597285,
    "rank_mae_pred_vs_playoff_final_results": 6.866666793823242,
    "rank_rmse_pred_vs_playoff_final_results": 8.925618171691895,
    "rank_mae_eos_standings_vs_playoff_final_results": 3.1333333333333333,
    "rank_rmse_eos_standings_vs_playoff_final_results": 4.449719092257398,
    "playoff_metrics": {
      "spearman_pred_vs_playoff_final_results": 0.4638487208008899,
      "ndcg_at_4_final_four": 0.4641908019749954,
      "ndcg10_pred_vs_playoff_final_results": 0.5301465776916622,
      "brier_championship_odds": 0.03222232684493065,
      "rank_mae_pred_vs_playoff_final_results": 6.866666793823242,
      "rank_rmse_pred_vs_playoff_final_results": 8.925618171691895,
      "rank_mae_eos_standings_vs_playoff_final_results": 3.1333333333333333,
      "rank_rmse_eos_standings_vs_playoff_final_results": 4.449719092257398
    }
  },
  "test_metrics_model_a": {
    "ndcg": 0.5301572016906174,
    "spearman": 0.4602892102335928,
    "mrr_top2": 0.5,
    "mrr_top4": 0.5,
    "ndcg10": 0.5301572016906174,
    "ndcg_at_4": 0.46419083189100974,
    "ndcg_at_12": 0.5303614983126808,
    "ndcg_at_16": 0.5303425125853817,
    "ndcg_at_20": 0.5338499983242555,
    "roc_auc_upset": 0.7601809954751131
  },
  "test_metrics_model_b": {
    "ndcg": 0.19710003553644426,
    "spearman": 0.6195773081201335,
    "mrr_top2": 0.14285714285714285,
    "mrr_top4": 0.14285714285714285,
    "ndcg10": 0.19710003553644426,
    "ndcg_at_4": 0.04166423104576856,
    "ndcg_at_12": 0.2197838797009263,
    "ndcg_at_16": 0.38603336407198635,
    "ndcg_at_20": 0.38607026959657764,
    "roc_auc_upset": 0.75
  },
  "test_metrics_model_c": {
    "ndcg": 0.05124995751403931,
    "spearman": 0.31123470522803115,
    "mrr_top2": 0.07142857142857142,
    "mrr_top4": 0.2,
    "ndcg10": 0.05124995751403931,
    "ndcg_at_4": 0.00711064040423231,
    "ndcg_at_12": 0.056899138174850025,
    "ndcg_at_16": 0.17975039715984434,
    "ndcg_at_20": 0.18214810989505317,
    "roc_auc_upset": 0.8214285714285714
  },
  "test_metrics_by_conference": {
    "E": {
      "ndcg": 0.24887195160673453,
      "spearman": 0.18214285714285713
    },
    "W": {
      "ndcg": 0.7519157235194247,
      "spearman": 0.7214285714285712
    }
  },
  "by_season": {
    "2023-24": {
      "test_metrics_ensemble": {
        "ndcg": 0.5491507967561244,
        "spearman": 0.38954393770856505,
        "mrr_top2": 1.0,
        "mrr_top4": 1.0,
        "ndcg10": 0.5491507967561244,
        "ndcg_at_4": 0.35315119534797357,
        "ndcg_at_12": 0.5943076939320555,
        "ndcg_at_16": 0.5955360312386904,
        "ndcg_at_20": 0.5964097371629459,
        "roc_auc_upset": 0.7149321266968326,
        "rank_mae_pred_vs_playoff_final_results": 7.599999904632568,
        "rank_rmse_pred_vs_playoff_final_results": 9.563820838928223,
        "rank_mae_eos_standings_vs_playoff_final_results": 3.7333333333333334,
        "rank_rmse_eos_standings_vs_playoff_final_results": 6.093712606722878,
        "playoff_metrics": {
          "spearman_pred_vs_playoff_final_results": 0.4593993325917686,
          "ndcg_at_4_final_four": 0.35315119534797357,
          "ndcg10_pred_vs_playoff_final_results": 0.549156332252533,
          "brier_championship_odds": 0.03222232684493065,
          "rank_mae_pred_vs_playoff_final_results": 7.599999904632568,
          "rank_rmse_pred_vs_playoff_final_results": 9.563820838928223,
          "rank_mae_eos_standings_vs_playoff_final_results": 3.7333333333333334,
          "rank_rmse_eos_standings_vs_playoff_final_results": 6.093712606722878
        }
      },
      "test_metrics_model_a": {
        "ndcg": 0.5491507967561244,
        "spearman": 0.3837597330367074,
        "mrr_top2": 1.0,
        "mrr_top4": 1.0,
        "ndcg10": 0.5491507967561244,
        "ndcg_at_4": 0.35315119534797357,
        "ndcg_at_12": 0.5943076939320555,
        "ndcg_at_16": 0.5955360312386904,
        "ndcg_at_20": 0.5964097371629459,
        "roc_auc_upset": 0.7194570135746606
      },
      "test_metrics_model_b": {
        "ndcg": 0.5666733229202083,
        "spearman": 0.44649610678531704,
        "mrr_top2": 0.5,
        "mrr_top4": 0.5,
        "ndcg10": 0.5666733229202083,
        "ndcg_at_4": 0.4437410146181249,
        "ndcg_at_12": 0.566549273748529,
        "ndcg_at_16": 0.5665877761026735,
        "ndcg_at_20": 0.6096810292268917,
        "roc_auc_upset": 0.8035714285714286
      },
      "test_metrics_model_c": {
        "ndcg": 0.3335103168238178,
        "spearman": 0.23737486095661847,
        "mrr_top2": 0.16666666666666666,
        "mrr_top4": 0.16666666666666666,
        "ndcg10": 0.3335103168238178,
        "ndcg_at_4": 0.001111095381373398,
        "ndcg_at_12": 0.33890852755612016,
        "ndcg_at_16": 0.3596651465096424,
        "ndcg_at_20": 0.37000114042130106,
        "roc_auc_upset": 0.7633928571428571
      },
      "test_metrics_by_conference": {
        "E": {
          "ndcg": 0.38369169619137905,
          "spearman": 0.25357142857142856
        },
        "W": {
          "ndcg": 0.9301967694983223,
          "spearman": 0.5178571428571428
        }
      },
      "notes": {
        "eos_rank_source": "eos_final_rank"
      }
    },
    "2024-25": {
      "test_metrics_ensemble": {
        "ndcg": 0.5301572016906174,
        "spearman": 0.4682981090100112,
        "mrr_top2": 0.5,
        "mrr_top4": 0.5,
        "ndcg10": 0.5301572016906174,
        "ndcg_at_4": 0.46419083189100974,
        "ndcg_at_12": 0.5303614983126808,
        "ndcg_at_16": 0.5303425125853817,
        "ndcg_at_20": 0.5338723441964324,
        "roc_auc_upset": 0.755656108597285,
        "rank_mae_pred_vs_playoff_final_results": 6.866666793823242,
        "rank_rmse_pred_vs_playoff_final_results": 8.925618171691895,
        "rank_mae_eos_standings_vs_playoff_final_results": 3.1333333333333333,
        "rank_rmse_eos_standings_vs_playoff_final_results": 4.449719092257398,
        "playoff_metrics": {
          "spearman_pred_vs_playoff_final_results": 0.4638487208008899,
          "ndcg_at_4_final_four": 0.4641908019749954,
          "ndcg10_pred_vs_playoff_final_results": 0.5301465776916622,
          "brier_championship_odds": 0.03222232684493065,
          "rank_mae_pred_vs_playoff_final_results": 6.866666793823242,
          "rank_rmse_pred_vs_playoff_final_results": 8.925618171691895,
          "rank_mae_eos_standings_vs_playoff_final_results": 3.1333333333333333,
          "rank_rmse_eos_standings_vs_playoff_final_results": 4.449719092257398
        }
      },
      "test_metrics_model_a": {
        "ndcg": 0.5301572016906174,
        "spearman": 0.4602892102335928,
        "mrr_top2": 0.5,
        "mrr_top4": 0.5,
        "ndcg10": 0.5301572016906174,
        "ndcg_at_4": 0.46419083189100974,
        "ndcg_at_12": 0.5303614983126808,