{
  "test_metrics_ensemble": {
    "ndcg": 0.5485627705693908,
    "spearman": 0.4202447163515017,
    "mrr_top2": 1.0,
    "mrr_top4": 1.0,
    "ndcg10": 0.5485627705693908,
    "ndcg_at_4": 0.35315119534797357,
    "ndcg_at_12": 0.593723840098506,
    "ndcg_at_16": 0.5955992216682924,
    "ndcg_at_20": 0.595596695490382,
    "roc_auc_upset": 0.8214285714285714,
    "rank_mae_pred_vs_playoff_final_results": 7.333333492279053,
    "rank_rmse_pred_vs_playoff_final_results": 9.320228576660156,
    "rank_mae_eos_standings_vs_playoff_final_results": 3.7333333333333334,
    "rank_rmse_eos_standings_vs_playoff_final_results": 6.093712606722878,
    "playoff_metrics": {
      "spearman_pred_vs_playoff_final_results": 0.4785317018909899,
      "ndcg_at_4_final_four": 0.35315119534797357,
      "ndcg10_pred_vs_playoff_final_results": 0.5485677826379722,
      "brier_championship_odds": 0.03222232684493065,
      "rank_mae_pred_vs_playoff_final_results": 7.333333492279053,
      "rank_rmse_pred_vs_playoff_final_results": 9.320228576660156,
      "rank_mae_eos_standings_vs_playoff_final_results": 3.7333333333333334,
      "rank_rmse_eos_standings_vs_playoff_final_results": 6.093712606722878
    }
  },
  "test_metrics_model_a": {
    "ndcg": 0.5485627705693908,
    "spearman": 0.4175750834260289,
    "mrr_top2": 1.0,
    "mrr_top4": 1.0,
    "ndcg10": 0.5485627705693908,
    "ndcg_at_4": 0.35315119534797357,
    "ndcg_at_12": 0.593723840098506,
    "ndcg_at_16": 0.5955992216682924,
    "ndcg_at_20": 0.595596695490382,
    "roc_auc_upset": 0.7963800904977376
  },
  "test_metrics_model_b": {
    "ndcg": 0.5639489271292408,
    "spearman": 0.4687430478309232,
    "mrr_top2": 0.5,
    "mrr_top4": 0.5,
    "ndcg10": 0.5639489271292408,
    "ndcg_at_4": 0.44093212795935904,
    "ndcg_at_12": 0.5638014662489369,
    "ndcg_at_16": 0.605422242744833,
    "ndcg_at_20": 0.6101211658259299,
    "roc_auc_upset": 0.8144796380090498
  },
  "test_metrics_model_c": {
    "ndcg": 0.33348743391404295,
    "spearman": 0.23337041156840932,
    "mrr_top2": 0.16666666666666666,
    "mrr_top4": 0.16666666666666666,
    "ndcg10": 0.33348743391404295,
    "ndcg_at_4": 0.001111095381373398,
    "ndcg_at_12": 0.3389077264996702,
    "ndcg_at_16": 0.3596643455146382,
    "ndcg_at_20": 0.37000033942981986,
    "roc_auc_upset": 0.7633928571428571
  },
  "test_metrics_by_conference": {
    "E": {
      "ndcg": 0.3851402749883562,
      "spearman": 0.30357142857142855
    },
    "W": {
      "ndcg": 0.9193500683938988,
      "spearman": 0.5
    }
  },
  "notes": {
    "eos_rank_source": "eos_final_rank"
  }
}