{
  "test_metrics_ensemble": {
    "ndcg": 0.4870483127134566,
    "spearman": 0.46206896551724136,
    "mrr_top2": 0.5,
    "mrr_top4": 0.5,
    "ndcg10": 0.4870483127134566,
    "ndcg_at_4": 0.46423103544156546,
    "ndcg_at_12": 0.48694250078526263,
    "ndcg_at_16": 0.5295570580388557,
    "ndcg_at_20": 0.5331199477971935,
    "roc_auc_upset": 0.7544642857142856,
    "rank_mae_pred_vs_playoff_final_results": 6.800000190734863,
    "rank_rmse_pred_vs_playoff_final_results": 8.977749824523926,
    "rank_mae_eos_standings_vs_playoff_final_results": 3.1333333333333333,
    "rank_rmse_eos_standings_vs_playoff_final_results": 4.449719092257398,
    "playoff_metrics": {
      "spearman_pred_vs_playoff_final_results": 0.4513904338153503,
      "ndcg_at_4_final_four": 0.46421784209645756,
      "ndcg10_pred_vs_playoff_final_results": 0.4870354802861611,
      "brier_championship_odds": 0.03222232684493065,
      "rank_mae_pred_vs_playoff_final_results": 6.800000190734863,
      "rank_rmse_pred_vs_playoff_final_results": 8.977749824523926,
      "rank_mae_eos_standings_vs_playoff_final_results": 3.1333333333333333,
      "rank_rmse_eos_standings_vs_playoff_final_results": 4.449719092257398
    }
  },
  "test_metrics_model_a": {
    "ndcg": 0.4870483127134566,
    "spearman": 0.4589543937708565,
    "mrr_top2": 0.5,
    "mrr_top4": 0.5,
    "ndcg10": 0.4870483127134566,
    "ndcg_at_4": 0.46423103544156546,
    "ndcg_at_12": 0.48694250078526263,
    "ndcg_at_16": 0.5295570580388557,
    "ndcg_at_20": 0.5331199477971935,
    "roc_auc_upset": 0.7544642857142856
  },
  "test_metrics_model_b": {
    "ndcg": 0.16611685849583294,
    "spearman": 0.56440489432703,
    "mrr_top2": 0.2,
    "mrr_top4": 0.2,
    "ndcg10": 0.16611685849583294,
    "ndcg_at_4": 0.04029517653159447,
    "ndcg_at_12": 0.1888088409239675,
    "ndcg_at_16": 0.2314845167569891,
    "ndcg_at_20": 0.23148900565009095,
    "roc_auc_upset": 0.746606334841629
  },
  "test_metrics_model_c": {
    "ndcg": 0.05212098780672918,
    "spearman": 0.3125695216907675,
    "mrr_top2": 0.06666666666666667,
    "mrr_top4": 0.2,
    "ndcg10": 0.05212098780672918,
    "ndcg_at_4": 0.0072603807417201014,
    "ndcg_at_12": 0.057769939676471704,
    "ndcg_at_16": 0.17868613842803824,
    "ndcg_at_20": 0.18108385584409248,
    "roc_auc_upset": 0.8214285714285714
  },
  "test_metrics_by_conference": {
    "E": {
      "ndcg": 0.24633248820581846,
      "spearman": 0.16428571428571426
    },
    "W": {
      "ndcg": 0.7510775020335729,
      "spearman": 0.7
    }
  },
  "notes": {
    "eos_rank_source": "eos_final_rank"
  }
}