{
  "notes": {
    "eval_on": "test",
    "eos_rank_source": "eos_final_rank",
    "upset_definition": "sleeper = EOS_global_rank > predicted_strength",
    "mrr_top2": "1/rank of first team in top 2 (champion+runner-up) in predicted order.",
    "mrr_top4": "1/rank of first team in top 4 (conference finals) in predicted order.",
    "per_conference_relevance": "Within E/W: actual rank derived from EOS_global_rank (1=best in conf); NDCG/Spearman use this relevance.",
    "playoff_metrics": "Spearman (pred global vs playoff_final_results), NDCG@4 (final four), Brier (champion vs odds). rank_mae/rank_rmse: pred vs playoff_final_results; eos_standings vs playoff_final_results (baseline)."
  },
  "split_info": {
    "train_frac": 0.75,
    "n_train_dates": 141,
    "n_test_dates": 36,
    "split_mode": "seasons"
  },
  "test_metrics_ensemble": {
    "ndcg": 0.5330249128846604,
    "spearman": 0.5225806451612903,
    "mrr_top2": 0.5,
    "mrr_top4": 0.5,
    "ndcg10": 0.5330249128846604,
    "ndcg_at_4": 0.4643519436832566,
    "ndcg_at_12": 0.5332394787567589,
    "ndcg_at_16": 0.5344616639405361,
    "ndcg_at_20": 0.5374357119616177,
    "roc_auc_upset": 0.7375565610859728,
    "rank_mae_pred_vs_playoff_final_results": 6.599999904632568,
    "rank_rmse_pred_vs_playoff_final_results": 8.457737922668457,
    "rank_mae_eos_standings_vs_playoff_final_results": 3.1333333333333333,
    "rank_rmse_eos_standings_vs_playoff_final_results": 4.449719092257398,
    "playoff_metrics": {
      "spearman_pred_vs_playoff_final_results": 0.5323692992213571,
      "ndcg_at_4_final_four": 0.46433662668392073,
      "ndcg10_pred_vs_playoff_final_results": 0.5330100226625295,
      "brier_championship_odds": 0.03222232684493065,
      "rank_mae_pred_vs_playoff_final_results": 6.599999904632568,
      "rank_rmse_pred_vs_playoff_final_results": 8.457737922668457,
      "rank_mae_eos_standings_vs_playoff_final_results": 3.1333333333333333,
      "rank_rmse_eos_standings_vs_playoff_final_results": 4.449719092257398
    }
  },
  "test_metrics_model_a": {
    "ndcg": 0.5330249128846604,
    "spearman": 0.5185761957730812,
    "mrr_top2": 0.5,
    "mrr_top4": 0.5,
    "ndcg10": 0.5330249128846604,
    "ndcg_at_4": 0.4643519436832566,
    "ndcg_at_12": 0.5332284562531194,
    "ndcg_at_16": 0.5344506422823884,
    "ndcg_at_20": 0.5374246903519456,
    "roc_auc_upset": 0.7420814479638009
  },
  "test_metrics_model_b": {
    "ndcg": 0.21870791703700113,
    "spearman": 0.6529477196885429,
    "mrr_top2": 0.2,
    "mrr_top4": 0.2,
    "ndcg10": 0.21870791703700113,
    "ndcg_at_4": 0.04166423104576856,
    "ndcg_at_12": 0.24138608552024518,
    "ndcg_at_16": 0.4076747579392064,
    "ndcg_at_20": 0.4076781238063559,
    "roc_auc_upset": 0.7737556561085973
  },
  "test_metrics_model_c": {
    "ndcg": 0.05212098780672918,
    "spearman": 0.3125695216907675,
    "mrr_top2": 0.06666666666666667,
    "mrr_top4": 0.2,
    "ndcg10": 0.05212098780672918,
    "ndcg_at_4": 0.0072603807417201014,
    "ndcg_at_12": 0.057769939676471704,
    "ndcg_at_16": 0.17868613842803824,
    "ndcg_at_20": 0.18108385584409248,
    "roc_auc_upset": 0.8214285714285714
  },
  "test_metrics_by_conference": {
    "E": {
      "ndcg": 0.24737794491293497,
      "spearman": 0.25357142857142856
    },
    "W": {
      "ndcg": 0.7857993582548997,
      "spearman": 0.7857142857142856
    }
  },
  "by_season": {
    "2023-24": {
      "test_metrics_ensemble": {
        "ndcg": 0.4022241332032803,
        "spearman": 0.39488320355951056,
        "mrr_top2": 1.0,
        "mrr_top4": 1.0,
        "ndcg10": 0.4022241332032803,
        "ndcg_at_4": 0.35315119534797357,
        "ndcg_at_12": 0.5833230473845451,
        "ndcg_at_16": 0.5846124799440501,
        "ndcg_at_20": 0.5846192890445522,
        "roc_auc_upset": 0.7592592592592593,
        "rank_mae_pred_vs_playoff_final_results": 7.599999904632568,
        "rank_rmse_pred_vs_playoff_final_results": 9.521903991699219,
        "rank_mae_eos_standings_vs_playoff_final_results": 3.7333333333333334,
        "rank_rmse_eos_standings_vs_playoff_final_results": 6.093712606722878,
        "playoff_metrics": {
          "spearman_pred_vs_playoff_final_results": 0.4091212458286986,
          "ndcg_at_4_final_four": 0.35315119534797357,
          "ndcg10_pred_vs_playoff_final_results": 0.4022291452718616,
          "brier_championship_odds": 0.03222232684493065,
          "rank_mae_pred_vs_playoff_final_results": 7.599999904632568,
          "rank_rmse_pred_vs_playoff_final_results": 9.521903991699219,
          "rank_mae_eos_standings_vs_playoff_final_results": 3.7333333333333334,
          "rank_rmse_eos_standings_vs_playoff_final_results": 6.093712606722878
        }
      },
      "test_metrics_model_a": {
        "ndcg": 0.4022241332032803,
        "spearman": 0.3957730812013348,
        "mrr_top2": 1.0,
        "mrr_top4": 1.0,
        "ndcg10": 0.4022241332032803,
        "ndcg_at_4": 0.35315119534797357,
        "ndcg_at_12": 0.5833230473845451,
        "ndcg_at_16": 0.5846124799440501,
        "ndcg_at_20": 0.5846192890445522,
        "roc_auc_upset": 0.7592592592592593
      },
      "test_metrics_model_b": {
        "ndcg": 0.8063721939044944,
        "spearman": 0.3904338153503893,
        "mrr_top2": 1.0,
        "mrr_top4": 1.0,
        "ndcg10": 0.8063721939044944,
        "ndcg_at_4": 0.7116242168324007,
        "ndcg_at_12": 0.806184579734205,
        "ndcg_at_16": 0.8062062034985027,
        "ndcg_at_20": 0.8478746745118424,
        "roc_auc_upset": 0.7777777777777777
      },
      "test_metrics_model_c": {
        "ndcg": 0.33348743391404295,
        "spearman": 0.23337041156840932,
        "mrr_top2": 0.16666666666666666,
        "mrr_top4": 0.16666666666666666,
        "ndcg10": 0.33348743391404295,
        "ndcg_at_4": 0.001111095381373398,
        "ndcg_at_12": 0.3389077264996702,
        "ndcg_at_16": 0.3596643455146382,
        "ndcg_at_20": 0.37000033942981986,
        "roc_auc_upset": 0.7633928571428571
      },
      "test_metrics_by_conference": {
        "E": {
          "ndcg": 0.3748097320271526,
          "spearman": 0.2321428571428571
        },
        "W": {
          "ndcg": 0.9323046860779899,
          "spearman": 0.6035714285714285
        }
      },
      "notes": {
        "eos_rank_source": "eos_final_rank"
      }
    },
    "2024-25": {
      "test_metrics_ensemble": {
        "ndcg": 0.5330249128846604,
        "spearman": 0.5225806451612903,
        "mrr_top2": 0.5,
        "mrr_top4": 0.5,
        "ndcg10": 0.5330249128846604,
        "ndcg_at_4": 0.4643519436832566,
        "ndcg_at_12": 0.5332394787567589,
        "ndcg_at_16": 0.5344616639405361,
        "ndcg_at_20": 0.5374357119616177,
        "roc_auc_upset": 0.7375565610859728,
        "rank_mae_pred_vs_playoff_final_results": 6.599999904632568,
        "rank_rmse_pred_vs_playoff_final_results": 8.457737922668457,
        "rank_mae_eos_standings_vs_playoff_final_results": 3.1333333333333333,
        "rank_rmse_eos_standings_vs_playoff_final_results": 4.449719092257398,
        "playoff_metrics": {
          "spearman_pred_vs_playoff_final_results": 0.5323692992213571,
          "ndcg_at_4_final_four": 0.46433662668392073,
          "ndcg10_pred_vs_playoff_final_results": 0.5330100226625295,
          "brier_championship_odds": 0.03222232684493065,
          "rank_mae_pred_vs_playoff_final_results": 6.599999904632568,
          "rank_rmse_pred_vs_playoff_final_results": 8.457737922668457,
          "rank_mae_eos_standings_vs_playoff_final_results": 3.1333333333333333,
          "rank_rmse_eos_standings_vs_playoff_final_results": 4.449719092257398
        }
      },
      "test_metrics_model_a": {
        "ndcg": 0.5330249128846604,
        "spearman": 0.5185761957730812,
        "mrr_top2": 0.5,
        "mrr_top4": 0.5,
        "ndcg10": 0.5330249128846604,
        "ndcg_at_4": 0.4643519436832566,
        "ndcg_at_12": 0.5332284562531194,