{
  "test_metrics_ensemble": {
    "ndcg": 0.4845398850477358,
    "spearman": 0.4687430478309232,
    "mrr_top2": 0.5,
    "mrr_top4": 0.5,
    "ndcg10": 0.4845398850477358,
    "ndcg_at_4": 0.4643944167678145,
    "ndcg_at_12": 0.530055274719921,
    "ndcg_at_16": 0.5312783561200344,
    "ndcg_at_20": 0.5336652111384794,
    "roc_auc_upset": 0.7633928571428572,
    "rank_mae_pred_vs_playoff_final_results": 6.933333396911621,
    "rank_rmse_pred_vs_playoff_final_results": 8.921883583068848,
    "rank_mae_eos_standings_vs_playoff_final_results": 3.1333333333333333,
    "rank_rmse_eos_standings_vs_playoff_final_results": 4.449719092257398,
    "playoff_metrics": {
      "spearman_pred_vs_playoff_final_results": 0.4634037819799778,
      "ndcg_at_4_final_four": 0.4643812234227066,
      "ndcg10_pred_vs_playoff_final_results": 0.4845265152526961,
      "brier_championship_odds": 0.03222232684493065,
      "rank_mae_pred_vs_playoff_final_results": 6.933333396911621,
      "rank_rmse_pred_vs_playoff_final_results": 8.921883583068848,
      "rank_mae_eos_standings_vs_playoff_final_results": 3.1333333333333333,
      "rank_rmse_eos_standings_vs_playoff_final_results": 4.449719092257398
    }
  },
  "test_metrics_model_a": {
    "ndcg": 0.4845398850477358,
    "spearman": 0.4687430478309232,
    "mrr_top2": 0.5,
    "mrr_top4": 0.5,
    "ndcg10": 0.4845398850477358,
    "ndcg_at_4": 0.4643944167678145,
    "ndcg_at_12": 0.530055274719921,
    "ndcg_at_16": 0.5312783561200344,
    "ndcg_at_20": 0.5336652111384794,
    "roc_auc_upset": 0.7633928571428572
  },
  "test_metrics_model_b": {
    "ndcg": 0.15760907171331281,
    "spearman": 0.5635150166852058,
    "mrr_top2": 0.16666666666666666,
    "mrr_top4": 0.16666666666666666,
    "ndcg10": 0.15760907171331281,
    "ndcg_at_4": 0.04166423104576856,
    "ndcg_at_12": 0.18026043127906063,
    "ndcg_at_16": 0.2229072652760874,
    "ndcg_at_20": 0.22291171351183406,
    "roc_auc_upset": 0.7942583732057416
  },
  "test_metrics_model_c": {
    "ndcg": 0.05124995751403931,
    "spearman": 0.30189098998887653,
    "mrr_top2": 0.0625,
    "mrr_top4": 0.2,
    "ndcg10": 0.05124995751403931,
    "ndcg_at_4": 0.00711064040423231,
    "ndcg_at_12": 0.056899138174850025,
    "ndcg_at_16": 0.1769467286075223,
    "ndcg_at_20": 0.17934445367388585,
    "roc_auc_upset": 0.8258928571428571
  },
  "test_metrics_by_conference": {
    "E": {
      "ndcg": 0.26533736705247435,
      "spearman": 0.25357142857142856
    },
    "W": {
      "ndcg": 0.7505337657243399,
      "spearman": 0.6499999999999999
    }
  },
  "notes": {
    "eos_rank_source": "eos_final_rank"
  }
}