{
  "notes": {
    "eval_on": "test",
    "eos_rank_source": "eos_final_rank",
    "upset_definition": "sleeper = EOS_global_rank > predicted_strength",
    "mrr_top2": "1/rank of first team in top 2 (champion+runner-up) in predicted order.",
    "mrr_top4": "1/rank of first team in top 4 (conference finals) in predicted order.",
    "per_conference_relevance": "Within E/W: actual rank derived from EOS_global_rank (1=best in conf); NDCG/Spearman use this relevance.",
    "playoff_metrics": "Spearman (pred global vs playoff_final_results), NDCG@4 (final four), Brier (champion vs odds). rank_mae/rank_rmse: pred vs playoff_final_results; eos_standings vs playoff_final_results (baseline)."
  },
  "split_info": {
    "train_frac": 0.75,
    "n_train_dates": 141,
    "n_test_dates": 36,
    "split_mode": "seasons"
  },
  "test_metrics_ensemble": {
    "ndcg": 0.4827297328269981,
    "spearman": 0.4674082313681869,
    "mrr_top2": 0.5,
    "mrr_top4": 0.5,
    "ndcg10": 0.4827297328269981,
    "ndcg_at_4": 0.46421121466877174,
    "ndcg_at_12": 0.5282455979667573,
    "ndcg_at_16": 0.5282273009654762,
    "ndcg_at_20": 0.5317948583798524,
    "roc_auc_upset": 0.7633928571428572,
    "rank_mae_pred_vs_playoff_final_results": 6.933333396911621,
    "rank_rmse_pred_vs_playoff_final_results": 8.933084487915039,
    "rank_mae_eos_standings_vs_playoff_final_results": 3.1333333333333333,
    "rank_rmse_eos_standings_vs_playoff_final_results": 4.449719092257398,
    "playoff_metrics": {
      "spearman_pred_vs_playoff_final_results": 0.46206896551724136,
      "ndcg_at_4_final_four": 0.46419589766943586,
      "ndcg10_pred_vs_playoff_final_results": 0.48271430287026607,
      "brier_championship_odds": 0.03222232684493065,
      "rank_mae_pred_vs_playoff_final_results": 6.933333396911621,
      "rank_rmse_pred_vs_playoff_final_results": 8.933084487915039,
      "rank_mae_eos_standings_vs_playoff_final_results": 3.1333333333333333,
      "rank_rmse_eos_standings_vs_playoff_final_results": 4.449719092257398
    }
  },
  "test_metrics_model_a": {
    "ndcg": 0.4827297328269981,
    "spearman": 0.4674082313681869,
    "mrr_top2": 0.5,
    "mrr_top4": 0.5,
    "ndcg10": 0.4827297328269981,
    "ndcg_at_4": 0.46421121466877174,
    "ndcg_at_12": 0.5282455979667573,
    "ndcg_at_16": 0.5282273009654762,
    "ndcg_at_20": 0.5317948583798524,
    "roc_auc_upset": 0.7633928571428572
  },
  "test_metrics_model_b": {
    "ndcg": 0.15767699158829399,
    "spearman": 0.5265850945494994,
    "mrr_top2": 0.16666666666666666,
    "mrr_top4": 0.16666666666666666,
    "ndcg10": 0.15767699158829399,
    "ndcg_at_4": 0.04166423104576856,
    "ndcg_at_12": 0.20153279482184164,
    "ndcg_at_16": 0.22234094223235795,
    "ndcg_at_20": 0.22234088655054043,
    "roc_auc_upset": 0.8009259259259259
  },
  "test_metrics_model_c": {
    "ndcg": 0.05124995751403931,
    "spearman": 0.30189098998887653,
    "mrr_top2": 0.0625,
    "mrr_top4": 0.2,
    "ndcg10": 0.05124995751403931,
    "ndcg_at_4": 0.00711064040423231,
    "ndcg_at_12": 0.056899138174850025,
    "ndcg_at_16": 0.1769467286075223,
    "ndcg_at_20": 0.17934445367388585,
    "roc_auc_upset": 0.8258928571428571
  },
  "test_metrics_by_conference": {
    "E": {
      "ndcg": 0.24192566853088357,
      "spearman": 0.22499999999999998
    },
    "W": {
      "ndcg": 0.7519157235194247,
      "spearman": 0.6928571428571427
    }
  },
  "by_season": {
    "2023-24": {
      "test_metrics_ensemble": {
        "ndcg": 0.5489241890205342,
        "spearman": 0.41935483870967744,
        "mrr_top2": 1.0,
        "mrr_top4": 1.0,
        "ndcg10": 0.5489241890205342,
        "ndcg_at_4": 0.35315119534797357,
        "ndcg_at_12": 0.5926661656101864,
        "ndcg_at_16": 0.5939586867860916,
        "ndcg_at_20": 0.5945625622165766,
        "roc_auc_upset": 0.7828054298642533,
        "rank_mae_pred_vs_playoff_final_results": 7.5333333015441895,
        "rank_rmse_pred_vs_playoff_final_results": 9.32737922668457,
        "rank_mae_eos_standings_vs_playoff_final_results": 3.7333333333333334,
        "rank_rmse_eos_standings_vs_playoff_final_results": 6.093712606722878,
        "playoff_metrics": {
          "spearman_pred_vs_playoff_final_results": 0.44649610678531704,
          "ndcg_at_4_final_four": 0.35315119534797357,
          "ndcg10_pred_vs_playoff_final_results": 0.5489223951307196,
          "brier_championship_odds": 0.03222232684493065,
          "rank_mae_pred_vs_playoff_final_results": 7.5333333015441895,
          "rank_rmse_pred_vs_playoff_final_results": 9.32737922668457,
          "rank_mae_eos_standings_vs_playoff_final_results": 3.7333333333333334,
          "rank_rmse_eos_standings_vs_playoff_final_results": 6.093712606722878
        }
      },
      "test_metrics_model_a": {
        "ndcg": 0.5489241890205342,
        "spearman": 0.41935483870967744,
        "mrr_top2": 1.0,
        "mrr_top4": 1.0,
        "ndcg10": 0.5489241890205342,
        "ndcg_at_4": 0.35315119534797357,
        "ndcg_at_12": 0.5926661656101864,
        "ndcg_at_16": 0.5939586867860916,
        "ndcg_at_20": 0.5945625622165766,
        "roc_auc_upset": 0.7828054298642533
      },
      "test_metrics_model_b": {
        "ndcg": 0.5666733238180416,
        "spearman": 0.439377085650723,
        "mrr_top2": 0.5,
        "mrr_top4": 0.5,
        "ndcg10": 0.5666733238180416,
        "ndcg_at_4": 0.4437410146181249,
        "ndcg_at_12": 0.56654659701295,
        "ndcg_at_16": 0.56658519996478,
        "ndcg_at_20": 0.6089384331588494,
        "roc_auc_upset": 0.8035714285714286
      },
      "test_metrics_model_c": {
        "ndcg": 0.333487026575135,
        "spearman": 0.23159065628476083,
        "mrr_top2": 0.16666666666666666,
        "mrr_top4": 0.16666666666666666,
        "ndcg10": 0.333487026575135,
        "ndcg_at_4": 0.0011069724610271625,
        "ndcg_at_12": 0.33890731926775686,
        "ndcg_at_16": 0.35966393831396193,
        "ndcg_at_20": 0.3699999322309346,
        "roc_auc_upset": 0.7633928571428571
      },
      "test_metrics_by_conference": {
        "E": {
          "ndcg": 0.3851402749883562,
          "spearman": 0.2642857142857143
        },
        "W": {
          "ndcg": 0.9222781924371147,
          "spearman": 0.5392857142857141
        }
      },
      "notes": {
        "eos_rank_source": "eos_final_rank"
      }
    },
    "2024-25": {
      "test_metrics_ensemble": {
        "ndcg": 0.4827297328269981,
        "spearman": 0.4674082313681869,
        "mrr_top2": 0.5,
        "mrr_top4": 0.5,
        "ndcg10": 0.4827297328269981,
        "ndcg_at_4": 0.46421121466877174,
        "ndcg_at_12": 0.5282455979667573,
        "ndcg_at_16": 0.5282273009654762,
        "ndcg_at_20": 0.5317948583798524,
        "roc_auc_upset": 0.7633928571428572,
        "rank_mae_pred_vs_playoff_final_results": 6.933333396911621,
        "rank_rmse_pred_vs_playoff_final_results": 8.933084487915039,
        "rank_mae_eos_standings_vs_playoff_final_results": 3.1333333333333333,
        "rank_rmse_eos_standings_vs_playoff_final_results": 4.449719092257398,
        "playoff_metrics": {
          "spearman_pred_vs_playoff_final_results": 0.46206896551724136,
          "ndcg_at_4_final_four": 0.46419589766943586,
          "ndcg10_pred_vs_playoff_final_results": 0.48271430287026607,
          "brier_championship_odds": 0.03222232684493065,
          "rank_mae_pred_vs_playoff_final_results": 6.933333396911621,
          "rank_rmse_pred_vs_playoff_final_results": 8.933084487915039,
          "rank_mae_eos_standings_vs_playoff_final_results": 3.1333333333333333,
          "rank_rmse_eos_standings_vs_playoff_final_results": 4.449719092257398
        }
      },
      "test_metrics_model_a": {
        "ndcg": 0.4827297328269981,
        "spearman": 0.4674082313681869,
        "mrr_top2": 0.5,
        "mrr_top4": 0.5,
        "ndcg10": 0.4827297328269981,
        "ndcg_at_4": 0.46421121466877174,
        "ndcg_at_12": 0.5282455979667573,