{
  "test_metrics_ensemble": {
    "ndcg": 0.6100975267847984,
    "spearman": 0.41935483870967744,
    "mrr_top2": 1.0,
    "mrr_top4": 1.0,
    "ndcg10": 0.6100975267847984,
    "ndcg_at_4": 0.35315119534797357,
    "ndcg_at_12": 0.6156051063170538,
    "ndcg_at_16": 0.6174787470218737,
    "ndcg_at_20": 0.6174761598815708,
    "roc_auc_upset": 0.7453703703703705,
    "rank_mae_pred_vs_playoff_final_results": 7.400000095367432,
    "rank_rmse_pred_vs_playoff_final_results": 9.32737922668457,
    "rank_mae_eos_standings_vs_playoff_final_results": 3.7333333333333334,
    "rank_rmse_eos_standings_vs_playoff_final_results": 6.093712606722878,
    "playoff_metrics": {
      "spearman_pred_vs_playoff_final_results": 0.44293659621801995,
      "ndcg_at_4_final_four": 0.35315119534797357,
      "ndcg10_pred_vs_playoff_final_results": 0.6101030622812071,
      "brier_championship_odds": 0.03222232684493065,
      "rank_mae_pred_vs_playoff_final_results": 7.400000095367432,
      "rank_rmse_pred_vs_playoff_final_results": 9.32737922668457,
      "rank_mae_eos_standings_vs_playoff_final_results": 3.7333333333333334,
      "rank_rmse_eos_standings_vs_playoff_final_results": 6.093712606722878
    }
  },
  "test_metrics_model_a": {
    "ndcg": 0.5891131363346755,
    "spearman": 0.4100111234705228,
    "mrr_top2": 1.0,
    "mrr_top4": 1.0,
    "ndcg10": 0.5891131363346755,
    "ndcg_at_4": 0.35315119534797357,
    "ndcg_at_12": 0.5946262277775346,
    "ndcg_at_16": 0.5965014776874314,
    "ndcg_at_20": 0.5964989837461065,
    "roc_auc_upset": 0.7546296296296297
  },
  "test_metrics_model_b": {
    "ndcg": 0.5696612037929285,
    "spearman": 0.4509454949944383,
    "mrr_top2": 0.5,
    "mrr_top4": 0.5,
    "ndcg10": 0.5696612037929285,
    "ndcg_at_4": 0.44093212795935904,
    "ndcg_at_12": 0.5695143376948051,
    "ndcg_at_16": 0.6101690679816699,
    "ndcg_at_20": 0.6101714099503406,
    "roc_auc_upset": 0.7692307692307693
  },
  "test_metrics_model_c": {
    "ndcg": 0.33348743391404295,
    "spearman": 0.24093437152391545,
    "mrr_top2": 0.16666666666666666,
    "mrr_top4": 0.16666666666666666,
    "ndcg10": 0.33348743391404295,
    "ndcg_at_4": 0.001111095381373398,
    "ndcg_at_12": 0.3389077264996702,
    "ndcg_at_16": 0.3596643455146382,
    "ndcg_at_20": 0.3699901174713633,
    "roc_auc_upset": 0.8133333333333332
  },
  "test_metrics_by_conference": {
    "E": {
      "ndcg": 0.4064703234051738,
      "spearman": 0.2714285714285714
    },
    "W": {
      "ndcg": 0.9213871629856155,
      "spearman": 0.5642857142857142
    }
  },
  "notes": {
    "eos_rank_source": "eos_final_rank"
  }
}