{
  "test_metrics_ensemble": {
    "ndcg": 0.49978865177891874,
    "spearman": 0.5016685205784205,
    "mrr_top2": 0.5,
    "mrr_top4": 0.5,
    "ndcg10": 0.49978865177891874,
    "ndcg_at_4": 0.5058932736350814,
    "ndcg_at_12": 0.4996801620660002,
    "ndcg_at_16": 0.5422937157616323,
    "ndcg_at_20": 0.5458565495013311,
    "roc_auc_upset": 0.8392857142857143,
    "rank_mae_pred_vs_playoff_final_results": 6.666666507720947,
    "rank_rmse_pred_vs_playoff_final_results": 8.640987396240234,
    "rank_mae_eos_standings_vs_playoff_final_results": 3.1333333333333333,
    "rank_rmse_eos_standings_vs_playoff_final_results": 4.449719092257398,
    "playoff_metrics": {
      "spearman_pred_vs_playoff_final_results": 0.5087875417130144,
      "ndcg_at_4_final_four": 0.5058800802899736,
      "ndcg10_pred_vs_playoff_final_results": 0.49977582349878674,
      "brier_championship_odds": 0.03222232684493065,
      "rank_mae_pred_vs_playoff_final_results": 6.666666507720947,
      "rank_rmse_pred_vs_playoff_final_results": 8.640987396240234,
      "rank_mae_eos_standings_vs_playoff_final_results": 3.1333333333333333,
      "rank_rmse_eos_standings_vs_playoff_final_results": 4.449719092257398
    }
  },
  "test_metrics_model_a": {
    "ndcg": 0.49978581862619675,
    "spearman": 0.4967741935483871,
    "mrr_top2": 0.5,
    "mrr_top4": 0.5,
    "ndcg10": 0.49978581862619675,
    "ndcg_at_4": 0.5058932736350814,
    "ndcg_at_12": 0.4996773296574544,
    "ndcg_at_16": 0.5422908835703493,
    "ndcg_at_20": 0.5458537173225045,
    "roc_auc_upset": 0.8392857142857143
  },
  "test_metrics_model_b": {
    "ndcg": 0.16744612903542058,
    "spearman": 0.5194660734149055,
    "mrr_top2": 0.2,
    "mrr_top4": 0.2,
    "ndcg10": 0.16744612903542058,
    "ndcg_at_4": 0.04166423104576856,
    "ndcg_at_12": 0.16749062489293062,
    "ndcg_at_16": 0.2309496575079989,
    "ndcg_at_20": 0.23095355483699942,
    "roc_auc_upset": 0.7751196172248803
  },
  "test_metrics_model_c": {
    "ndcg": 0.05212098780672918,
    "spearman": 0.3147942157953281,
    "mrr_top2": 0.0625,
    "mrr_top4": 0.2,
    "ndcg10": 0.05212098780672918,
    "ndcg_at_4": 0.0072603807417201014,
    "ndcg_at_12": 0.057769939676471704,
    "ndcg_at_16": 0.1778174633134764,
    "ndcg_at_20": 0.18021518455015603,
    "roc_auc_upset": 0.8214285714285714
  },
  "test_metrics_by_conference": {
    "E": {
      "ndcg": 0.27212063155394284,
      "spearman": 0.25357142857142856
    },
    "W": {
      "ndcg": 0.7728975634578972,
      "spearman": 0.7071428571428571
    }
  },
  "notes": {
    "eos_rank_source": "eos_final_rank"
  }
}