{
  "notes": {
    "eval_on": "test",
    "eos_rank_source": "eos_final_rank",
    "upset_definition": "sleeper = EOS_global_rank > predicted_strength",
    "mrr_top2": "1/rank of first team in top 2 (champion+runner-up) in predicted order.",
    "mrr_top4": "1/rank of first team in top 4 (conference finals) in predicted order.",
    "per_conference_relevance": "Within E/W: actual rank derived from EOS_global_rank (1=best in conf); NDCG/Spearman use this relevance.",
    "playoff_metrics": "Spearman (pred global vs playoff_final_results), NDCG@4 (final four), Brier (champion vs odds). rank_mae/rank_rmse: pred vs playoff_final_results; eos_standings vs playoff_final_results (baseline)."
  },
  "split_info": {
    "train_frac": 0.75,
    "n_train_dates": 141,
    "n_test_dates": 36,
    "split_mode": "seasons"
  },
  "test_metrics_ensemble": {
    "ndcg": 0.48336252767144633,
    "spearman": 0.47230255839822033,
    "mrr_top2": 0.5,
    "mrr_top4": 0.5,
    "ndcg10": 0.48336252767144633,
    "ndcg_at_4": 0.4642838088219973,
    "ndcg_at_12": 0.48323627601519464,
    "ndcg_at_16": 0.5261670314163504,
    "ndcg_at_20": 0.5296748279810102,
    "roc_auc_upset": 0.7420814479638009,
    "rank_mae_pred_vs_playoff_final_results": 7.066666603088379,
    "rank_rmse_pred_vs_playoff_final_results": 8.89194393157959,
    "rank_mae_eos_standings_vs_playoff_final_results": 3.1333333333333333,
    "rank_rmse_eos_standings_vs_playoff_final_results": 4.449719092257398,
    "playoff_metrics": {
      "spearman_pred_vs_playoff_final_results": 0.47497219132369295,
      "ndcg_at_4_final_four": 0.4642838088219973,
      "ndcg10_pred_vs_playoff_final_results": 0.48335153833881006,
      "brier_championship_odds": 0.03222232684493065,
      "rank_mae_pred_vs_playoff_final_results": 7.066666603088379,
      "rank_rmse_pred_vs_playoff_final_results": 8.89194393157959,
      "rank_mae_eos_standings_vs_playoff_final_results": 3.1333333333333333,
      "rank_rmse_eos_standings_vs_playoff_final_results": 4.449719092257398
    }
  },
  "test_metrics_model_a": {
    "ndcg": 0.48336252767144633,
    "spearman": 0.47230255839822033,
    "mrr_top2": 0.5,
    "mrr_top4": 0.5,
    "ndcg10": 0.48336252767144633,
    "ndcg_at_4": 0.4642838088219973,
    "ndcg_at_12": 0.48323627601519464,
    "ndcg_at_16": 0.5261670314163504,
    "ndcg_at_20": 0.5296748279810102,
    "roc_auc_upset": 0.7420814479638009
  },
  "test_metrics_model_b": {
    "ndcg": 0.15627980117372517,
    "spearman": 0.5350389321468298,
    "mrr_top2": 0.16666666666666666,
    "mrr_top4": 0.16666666666666666,
    "ndcg10": 0.15627980117372517,
    "ndcg_at_4": 0.04029517653159447,
    "ndcg_at_12": 0.17819289109629646,
    "ndcg_at_16": 0.22087062880277783,
    "ndcg_at_20": 0.2208703405835,
    "roc_auc_upset": 0.7846889952153109
  },
  "test_metrics_model_c": {
    "ndcg": 0.05124995751403931,
    "spearman": 0.31123470522803115,
    "mrr_top2": 0.07142857142857142,
    "mrr_top4": 0.2,
    "ndcg10": 0.05124995751403931,
    "ndcg_at_4": 0.00711064040423231,
    "ndcg_at_12": 0.056899138174850025,
    "ndcg_at_16": 0.17975039715984434,
    "ndcg_at_20": 0.18214810989505317,
    "roc_auc_upset": 0.8214285714285714
  },
  "test_metrics_by_conference": {
    "E": {
      "ndcg": 0.2839871023629248,
      "spearman": 0.4107142857142856
    },
    "W": {
      "ndcg": 0.7254976173422287,
      "spearman": 0.4964285714285714
    }
  },
  "by_season": {
    "2023-24": {
      "test_metrics_ensemble": {
        "ndcg": 0.5703149578245393,
        "spearman": 0.29299221357063404,
        "mrr_top2": 1.0,
        "mrr_top4": 1.0,
        "ndcg10": 0.5703149578245393,
        "ndcg_at_4": 0.35315119534797357,
        "ndcg_at_12": 0.6140526975265624,
        "ndcg_at_16": 0.6140133034781146,
        "ndcg_at_20": 0.6151659333828738,
        "roc_auc_upset": 0.8642533936651584,
        "rank_mae_pred_vs_playoff_final_results": 8.333333015441895,
        "rank_rmse_pred_vs_playoff_final_results": 10.292391777038574,
        "rank_mae_eos_standings_vs_playoff_final_results": 3.7333333333333334,
        "rank_rmse_eos_standings_vs_playoff_final_results": 6.093712606722878,
        "playoff_metrics": {
          "spearman_pred_vs_playoff_final_results": 0.3552836484983315,
          "ndcg_at_4_final_four": 0.35315119534797357,
          "ndcg10_pred_vs_playoff_final_results": 0.5703205502907563,
          "brier_championship_odds": 0.03222232684493065,
          "rank_mae_pred_vs_playoff_final_results": 8.333333015441895,
          "rank_rmse_pred_vs_playoff_final_results": 10.292391777038574,
          "rank_mae_eos_standings_vs_playoff_final_results": 3.7333333333333334,
          "rank_rmse_eos_standings_vs_playoff_final_results": 6.093712606722878
        }
      },
      "test_metrics_model_a": {
        "ndcg": 0.5703149578245393,
        "spearman": 0.29299221357063404,
        "mrr_top2": 1.0,
        "mrr_top4": 1.0,
        "ndcg10": 0.5703149578245393,
        "ndcg_at_4": 0.35315119534797357,
        "ndcg_at_12": 0.6140526975265624,
        "ndcg_at_16": 0.6140133034781146,
        "ndcg_at_20": 0.6151659333828738,
        "roc_auc_upset": 0.8642533936651584
      },
      "test_metrics_model_b": {
        "ndcg": 0.5713669045568714,
        "spearman": 0.40200222469410457,
        "mrr_top2": 0.5,
        "mrr_top4": 0.5,
        "ndcg10": 0.5713669045568714,
        "ndcg_at_4": 0.4589454418134188,
        "ndcg_at_12": 0.5712389449021764,
        "ndcg_at_16": 0.6118717419036834,
        "ndcg_at_20": 0.6118737498188598,
        "roc_auc_upset": 0.7194570135746606
      },
      "test_metrics_model_c": {
        "ndcg": 0.33348743391404295,
        "spearman": 0.23337041156840932,
        "mrr_top2": 0.16666666666666666,
        "mrr_top4": 0.16666666666666666,
        "ndcg10": 0.33348743391404295,
        "ndcg_at_4": 0.001111095381373398,
        "ndcg_at_12": 0.3389077264996702,
        "ndcg_at_16": 0.3596643455146382,
        "ndcg_at_20": 0.37000033942981986,
        "roc_auc_upset": 0.7633928571428571
      },
      "test_metrics_by_conference": {
        "E": {
          "ndcg": 0.38165271253999294,
          "spearman": 0.1607142857142857
        },
        "W": {
          "ndcg": 0.9108079063321369,
          "spearman": 0.42499999999999993
        }
      },
      "notes": {
        "eos_rank_source": "eos_final_rank"
      }
    },
    "2024-25": {
      "test_metrics_ensemble": {
        "ndcg": 0.48336252767144633,
        "spearman": 0.47230255839822033,
        "mrr_top2": 0.5,
        "mrr_top4": 0.5,
        "ndcg10": 0.48336252767144633,
        "ndcg_at_4": 0.4642838088219973,
        "ndcg_at_12": 0.48323627601519464,
        "ndcg_at_16": 0.5261670314163504,
        "ndcg_at_20": 0.5296748279810102,
        "roc_auc_upset": 0.7420814479638009,
        "rank_mae_pred_vs_playoff_final_results": 7.066666603088379,
        "rank_rmse_pred_vs_playoff_final_results": 8.89194393157959,
        "rank_mae_eos_standings_vs_playoff_final_results": 3.1333333333333333,
        "rank_rmse_eos_standings_vs_playoff_final_results": 4.449719092257398,
        "playoff_metrics": {
          "spearman_pred_vs_playoff_final_results": 0.47497219132369295,
          "ndcg_at_4_final_four": 0.4642838088219973,
          "ndcg10_pred_vs_playoff_final_results": 0.48335153833881006,
          "brier_championship_odds": 0.03222232684493065,
          "rank_mae_pred_vs_playoff_final_results": 7.066666603088379,
          "rank_rmse_pred_vs_playoff_final_results": 8.89194393157959,
          "rank_mae_eos_standings_vs_playoff_final_results": 3.1333333333333333,
          "rank_rmse_eos_standings_vs_playoff_final_results": 4.449719092257398
        }
      },
      "test_metrics_model_a": {
        "ndcg": 0.48336252767144633,
        "spearman": 0.47230255839822033,
        "mrr_top2": 0.5,
        "mrr_top4": 0.5,
        "ndcg10": 0.48336252767144633,
        "ndcg_at_4": 0.4642838088219973,