{
  "test_metrics_ensemble": {
    "ndcg": 0.48345856410008253,
    "spearman": 0.4211345939933259,
    "mrr_top2": 0.5,
    "mrr_top4": 0.5,
    "ndcg10": 0.48345856410008253,
    "ndcg_at_4": 0.46423103544156546,
    "ndcg_at_12": 0.48333228721821325,
    "ndcg_at_16": 0.526270593815645,
    "ndcg_at_20": 0.5274238997637485,
    "roc_auc_upset": 0.7321428571428572,
    "rank_mae_pred_vs_playoff_final_results": 7.599999904632568,
    "rank_rmse_pred_vs_playoff_final_results": 9.31307315826416,
    "rank_mae_eos_standings_vs_playoff_final_results": 3.1333333333333333,
    "rank_rmse_eos_standings_vs_playoff_final_results": 4.449719092257398,
    "playoff_metrics": {
      "spearman_pred_vs_playoff_final_results": 0.4487208008898776,
      "ndcg_at_4_final_four": 0.46421784209645756,
      "ndcg10_pred_vs_playoff_final_results": 0.48344467941087127,
      "brier_championship_odds": 0.03222232684493065,
      "rank_mae_pred_vs_playoff_final_results": 7.599999904632568,
      "rank_rmse_pred_vs_playoff_final_results": 9.31307315826416,
      "rank_mae_eos_standings_vs_playoff_final_results": 3.1333333333333333,
      "rank_rmse_eos_standings_vs_playoff_final_results": 4.449719092257398
    }
  },
  "test_metrics_model_a": {
    "ndcg": 0.48345856410008253,
    "spearman": 0.4211345939933259,
    "mrr_top2": 0.5,
    "mrr_top4": 0.5,
    "ndcg10": 0.48345856410008253,
    "ndcg_at_4": 0.46423103544156546,
    "ndcg_at_12": 0.48333228721821325,
    "ndcg_at_16": 0.526270593815645,
    "ndcg_at_20": 0.5274238997637485,
    "roc_auc_upset": 0.7321428571428572
  },
  "test_metrics_model_b": {
    "ndcg": 0.38879705507120466,
    "spearman": 0.6195773081201335,
    "mrr_top2": 0.2,
    "mrr_top4": 0.2,
    "ndcg10": 0.38879705507120466,
    "ndcg_at_4": 0.047452952934463374,
    "ndcg_at_12": 0.43262532921608393,
    "ndcg_at_16": 0.4545674513268405,
    "ndcg_at_20": 0.4545724132141945,
    "roc_auc_upset": 0.7058823529411765
  },
  "test_metrics_model_c": {
    "ndcg": 0.05711942387129425,
    "spearman": 0.3263626251390434,
    "mrr_top2": 0.07142857142857142,
    "mrr_top4": 0.2,
    "ndcg10": 0.05711942387129425,
    "ndcg_at_4": 0.00711064040423231,
    "ndcg_at_12": 0.057104609154267565,
    "ndcg_at_16": 0.17995585237841255,
    "ndcg_at_20": 0.1823535642099839,
    "roc_auc_upset": 0.8125
  },
  "test_metrics_by_conference": {
    "E": {
      "ndcg": 0.24661687954560116,
      "spearman": 0.2607142857142857
    },
    "W": {
      "ndcg": 0.7258597620414731,
      "spearman": 0.557142857142857
    }
  },
  "notes": {
    "eos_rank_source": "eos_final_rank"
  }
}