{
  "test_metrics_ensemble": {
    "ndcg": 0.5582020878505326,
    "spearman": 0.25339265850945497,
    "mrr_top2": 1.0,
    "mrr_top4": 1.0,
    "ndcg10": 0.5582020878505326,
    "ndcg_at_4": 0.35315119534797357,
    "ndcg_at_12": 0.6033606254473877,
    "ndcg_at_16": 0.6033180222927236,
    "ndcg_at_20": 0.6033156702352561,
    "roc_auc_upset": 0.8169642857142857,
    "rank_mae_pred_vs_playoff_final_results": 8.333333015441895,
    "rank_rmse_pred_vs_playoff_final_results": 10.576704025268555,
    "rank_mae_eos_standings_vs_playoff_final_results": 3.7333333333333334,
    "rank_rmse_eos_standings_vs_playoff_final_results": 6.093712606722878,
    "playoff_metrics": {
      "spearman_pred_vs_playoff_final_results": 0.3196885428253615,
      "ndcg_at_4_final_four": 0.35315119534797357,
      "ndcg10_pred_vs_playoff_final_results": 0.5582079776207863,
      "brier_championship_odds": 0.03222232684493065,
      "rank_mae_pred_vs_playoff_final_results": 8.333333015441895,
      "rank_rmse_pred_vs_playoff_final_results": 10.576704025268555,
      "rank_mae_eos_standings_vs_playoff_final_results": 3.7333333333333334,
      "rank_rmse_eos_standings_vs_playoff_final_results": 6.093712606722878
    }
  },
  "test_metrics_model_a": {
    "ndcg": 0.5582020878505326,
    "spearman": 0.25339265850945497,
    "mrr_top2": 1.0,
    "mrr_top4": 1.0,
    "ndcg10": 0.5582020878505326,
    "ndcg_at_4": 0.35315119534797357,
    "ndcg_at_12": 0.6033606254473877,
    "ndcg_at_16": 0.6033180222927236,
    "ndcg_at_20": 0.6033156702352561,
    "roc_auc_upset": 0.8169642857142857
  },
  "test_metrics_model_b": {
    "ndcg": 0.7075835618156144,
    "spearman": 0.3575083426028921,
    "mrr_top2": 1.0,
    "mrr_top4": 1.0,
    "ndcg10": 0.7075835618156144,
    "ndcg_at_4": 0.7261751187226982,
    "ndcg_at_12": 0.798018735492861,
    "ndcg_at_16": 0.8030328592573652,
    "ndcg_at_20": 0.8406810772608168,
    "roc_auc_upset": 0.8125
  },
  "test_metrics_model_c": {
    "ndcg": 0.3335099094849099,
    "spearman": 0.23470522803114574,
    "mrr_top2": 0.16666666666666666,
    "mrr_top4": 0.16666666666666666,
    "ndcg10": 0.3335099094849099,
    "ndcg_at_4": 0.0011069724610271625,
    "ndcg_at_12": 0.3334230198971147,
    "ndcg_at_16": 0.3595107229202198,
    "ndcg_at_20": 0.3709916765311029,
    "roc_auc_upset": 0.7822222222222222
  },
  "test_metrics_by_conference": {
    "E": {
      "ndcg": 0.34599033342505914,
      "spearman": 0.024999999999999998
    },
    "W": {
      "ndcg": 0.9134414339347299,
      "spearman": 0.42142857142857143
    }
  },
  "notes": {
    "eos_rank_source": "eos_final_rank"
  }
}