{
  "notes": {
    "eval_on": "test",
    "eos_rank_source": "eos_final_rank",
    "upset_definition": "sleeper = EOS_global_rank > predicted_strength",
    "mrr_top2": "1/rank of first team in top 2 (champion+runner-up) in predicted order.",
    "mrr_top4": "1/rank of first team in top 4 (conference finals) in predicted order.",
    "per_conference_relevance": "Within E/W: actual rank derived from EOS_global_rank (1=best in conf); NDCG/Spearman use this relevance.",
    "playoff_metrics": "Spearman (pred global vs playoff_final_results), NDCG@4 (final four), Brier (champion vs odds). rank_mae/rank_rmse: pred vs playoff_final_results; eos_standings vs playoff_final_results (baseline)."
  },
  "split_info": {
    "train_frac": 0.75,
    "n_train_dates": 141,
    "n_test_dates": 36,
    "split_mode": "seasons"
  },
  "test_metrics_ensemble": {
    "ndcg": 0.5287792566214737,
    "spearman": 0.48565072302558404,
    "mrr_top2": 0.5,
    "mrr_top4": 0.5,
    "ndcg10": 0.5287792566214737,
    "ndcg_at_4": 0.4640676940033355,
    "ndcg_at_12": 0.5289839151844786,
    "ndcg_at_16": 0.5302070529292825,
    "ndcg_at_20": 0.5325576666649339,
    "roc_auc_upset": 0.7455357142857142,
    "rank_mae_pred_vs_playoff_final_results": 6.666666507720947,
    "rank_rmse_pred_vs_playoff_final_results": 8.778761863708496,
    "rank_mae_eos_standings_vs_playoff_final_results": 3.1333333333333333,
    "rank_rmse_eos_standings_vs_playoff_final_results": 4.449719092257398,
    "playoff_metrics": {
      "spearman_pred_vs_playoff_final_results": 0.45984427141268075,
      "ndcg_at_4_final_four": 0.46405447074221323,
      "ndcg10_pred_vs_playoff_final_results": 0.5287664176210797,
      "brier_championship_odds": 0.03222232684493065,
      "rank_mae_pred_vs_playoff_final_results": 6.666666507720947,
      "rank_rmse_pred_vs_playoff_final_results": 8.778761863708496,
      "rank_mae_eos_standings_vs_playoff_final_results": 3.1333333333333333,
      "rank_rmse_eos_standings_vs_playoff_final_results": 4.449719092257398
    }
  },
  "test_metrics_model_a": {
    "ndcg": 0.5296585615171536,
    "spearman": 0.48654060066740823,
    "mrr_top2": 0.5,
    "mrr_top4": 0.5,
    "ndcg10": 0.5296585615171536,
    "ndcg_at_4": 0.4640676940033355,
    "ndcg_at_12": 0.5298629891156237,
    "ndcg_at_16": 0.5310860594302153,
    "ndcg_at_20": 0.5334366692998015,
    "roc_auc_upset": 0.7455357142857142
  },
  "test_metrics_model_b": {
    "ndcg": 0.2500923620701232,
    "spearman": 0.657842046718576,
    "mrr_top2": 0.25,
    "mrr_top4": 0.25,
    "ndcg10": 0.2500923620701232,
    "ndcg_at_4": 0.16775742802418675,
    "ndcg_at_12": 0.25006970106686305,
    "ndcg_at_16": 0.4125283519520517,
    "ndcg_at_20": 0.4125268967108293,
    "roc_auc_upset": 0.7053571428571428
  },
  "test_metrics_model_c": {
    "ndcg": 0.05124995751403931,
    "spearman": 0.307230255839822,
    "mrr_top2": 0.0625,
    "mrr_top4": 0.2,
    "ndcg10": 0.05124995751403931,
    "ndcg_at_4": 0.00711064040423231,
    "ndcg_at_12": 0.056899138174850025,
    "ndcg_at_16": 0.1769467286075223,
    "ndcg_at_20": 0.17934460063934335,
    "roc_auc_upset": 0.8214285714285714
  },
  "test_metrics_by_conference": {
    "E": {
      "ndcg": 0.23755186535974065,
      "spearman": 0.18214285714285713
    },
    "W": {
      "ndcg": 0.7519157235194247,
      "spearman": 0.6928571428571427
    }
  },
  "by_season": {
    "2023-24": {
      "test_metrics_ensemble": {
        "ndcg": 0.6071973615053933,
        "spearman": 0.4402669632925473,
        "mrr_top2": 1.0,
        "mrr_top4": 1.0,
        "ndcg10": 0.6071973615053933,
        "ndcg_at_4": 0.35315119534797357,
        "ndcg_at_12": 0.6070447394165618,
        "ndcg_at_16": 0.6082970713451191,
        "ndcg_at_20": 0.6089120734544138,
        "roc_auc_upset": 0.7314814814814814,
        "rank_mae_pred_vs_playoff_final_results": 7.199999809265137,
        "rank_rmse_pred_vs_playoff_final_results": 9.157875061035156,
        "rank_mae_eos_standings_vs_playoff_final_results": 3.7333333333333334,
        "rank_rmse_eos_standings_vs_playoff_final_results": 6.093712606722878,
        "playoff_metrics": {
          "spearman_pred_vs_playoff_final_results": 0.45317018909899887,
          "ndcg_at_4_final_four": 0.35315119534797357,
          "ndcg10_pred_vs_playoff_final_results": 0.6071966423510671,
          "brier_championship_odds": 0.03222232684493065,
          "rank_mae_pred_vs_playoff_final_results": 7.199999809265137,
          "rank_rmse_pred_vs_playoff_final_results": 9.157875061035156,
          "rank_mae_eos_standings_vs_playoff_final_results": 3.7333333333333334,
          "rank_rmse_eos_standings_vs_playoff_final_results": 6.093712606722878
        }
      },
      "test_metrics_model_a": {
        "ndcg": 0.6071973615053933,
        "spearman": 0.4407119021134594,
        "mrr_top2": 1.0,
        "mrr_top4": 1.0,
        "ndcg10": 0.6071973615053933,
        "ndcg_at_4": 0.35315119534797357,
        "ndcg_at_12": 0.6070447394165618,
        "ndcg_at_16": 0.6082970713451191,
        "ndcg_at_20": 0.6089121087119586,
        "roc_auc_upset": 0.7314814814814814
      },
      "test_metrics_model_b": {
        "ndcg": 0.806304394071103,
        "spearman": 0.4593993325917686,
        "mrr_top2": 1.0,
        "mrr_top4": 1.0,
        "ndcg10": 0.806304394071103,
        "ndcg_at_4": 0.7116242168324007,
        "ndcg_at_12": 0.8061783407978209,
        "ndcg_at_16": 0.8467162991716015,
        "ndcg_at_20": 0.8513385273998019,
        "roc_auc_upset": 0.71875
      },
      "test_metrics_model_c": {
        "ndcg": 0.333487026575135,
        "spearman": 0.23159065628476083,
        "mrr_top2": 0.16666666666666666,
        "mrr_top4": 0.16666666666666666,
        "ndcg10": 0.333487026575135,
        "ndcg_at_4": 0.0011069724610271625,
        "ndcg_at_12": 0.33890731926775686,
        "ndcg_at_16": 0.35966393831396193,
        "ndcg_at_20": 0.3699999322309346,
        "roc_auc_upset": 0.7633928571428571
      },
      "test_metrics_by_conference": {
        "E": {
          "ndcg": 0.3851402749883562,
          "spearman": 0.2785714285714285
        },
        "W": {
          "ndcg": 0.9458053628953939,
          "spearman": 0.6071428571428571
        }
      },
      "notes": {
        "eos_rank_source": "eos_final_rank"
      }
    },
    "2024-25": {
      "test_metrics_ensemble": {
        "ndcg": 0.5287792566214737,
        "spearman": 0.48565072302558404,
        "mrr_top2": 0.5,
        "mrr_top4": 0.5,
        "ndcg10": 0.5287792566214737,
        "ndcg_at_4": 0.4640676940033355,
        "ndcg_at_12": 0.5289839151844786,
        "ndcg_at_16": 0.5302070529292825,
        "ndcg_at_20": 0.5325576666649339,
        "roc_auc_upset": 0.7455357142857142,
        "rank_mae_pred_vs_playoff_final_results": 6.666666507720947,
        "rank_rmse_pred_vs_playoff_final_results": 8.778761863708496,
        "rank_mae_eos_standings_vs_playoff_final_results": 3.1333333333333333,
        "rank_rmse_eos_standings_vs_playoff_final_results": 4.449719092257398,
        "playoff_metrics": {
          "spearman_pred_vs_playoff_final_results": 0.45984427141268075,
          "ndcg_at_4_final_four": 0.46405447074221323,
          "ndcg10_pred_vs_playoff_final_results": 0.5287664176210797,
          "brier_championship_odds": 0.03222232684493065,
          "rank_mae_pred_vs_playoff_final_results": 6.666666507720947,
          "rank_rmse_pred_vs_playoff_final_results": 8.778761863708496,
          "rank_mae_eos_standings_vs_playoff_final_results": 3.1333333333333333,
          "rank_rmse_eos_standings_vs_playoff_final_results": 4.449719092257398
        }
      },
      "test_metrics_model_a": {
        "ndcg": 0.5296585615171536,
        "spearman": 0.48654060066740823,
        "mrr_top2": 0.5,
        "mrr_top4": 0.5,
        "ndcg10": 0.5296585615171536,
        "ndcg_at_4": 0.4640676940033355,
        "ndcg_at_12": 0.5298629891156237,
        "ndcg_at_16": 0.5310860594302153,