{
  "test_metrics_ensemble": {
    "ndcg": 0.5287792566214737,
    "spearman": 0.48565072302558404,
    "mrr_top2": 0.5,
    "mrr_top4": 0.5,
    "ndcg10": 0.5287792566214737,
    "ndcg_at_4": 0.4640676940033355,
    "ndcg_at_12": 0.5289839151844786,
    "ndcg_at_16": 0.5302070529292825,
    "ndcg_at_20": 0.5325576666649339,
    "roc_auc_upset": 0.7455357142857142,
    "rank_mae_pred_vs_playoff_final_results": 6.666666507720947,
    "rank_rmse_pred_vs_playoff_final_results": 8.778761863708496,
    "rank_mae_eos_standings_vs_playoff_final_results": 3.1333333333333333,
    "rank_rmse_eos_standings_vs_playoff_final_results": 4.449719092257398,
    "playoff_metrics": {
      "spearman_pred_vs_playoff_final_results": 0.45984427141268075,
      "ndcg_at_4_final_four": 0.46405447074221323,
      "ndcg10_pred_vs_playoff_final_results": 0.5287664176210797,
      "brier_championship_odds": 0.03222232684493065,
      "rank_mae_pred_vs_playoff_final_results": 6.666666507720947,
      "rank_rmse_pred_vs_playoff_final_results": 8.778761863708496,
      "rank_mae_eos_standings_vs_playoff_final_results": 3.1333333333333333,
      "rank_rmse_eos_standings_vs_playoff_final_results": 4.449719092257398
    }
  },
  "test_metrics_model_a": {
    "ndcg": 0.5296585615171536,
    "spearman": 0.48654060066740823,
    "mrr_top2": 0.5,
    "mrr_top4": 0.5,
    "ndcg10": 0.5296585615171536,
    "ndcg_at_4": 0.4640676940033355,
    "ndcg_at_12": 0.5298629891156237,
    "ndcg_at_16": 0.5310860594302153,
    "ndcg_at_20": 0.5334366692998015,
    "roc_auc_upset": 0.7455357142857142
  },
  "test_metrics_model_b": {
    "ndcg": 0.2500923620701232,
    "spearman": 0.657842046718576,
    "mrr_top2": 0.25,
    "mrr_top4": 0.25,
    "ndcg10": 0.2500923620701232,
    "ndcg_at_4": 0.16775742802418675,
    "ndcg_at_12": 0.25006970106686305,
    "ndcg_at_16": 0.4125283519520517,
    "ndcg_at_20": 0.4125268967108293,
    "roc_auc_upset": 0.7053571428571428
  },
  "test_metrics_model_c": {
    "ndcg": 0.05124995751403931,
    "spearman": 0.307230255839822,
    "mrr_top2": 0.0625,
    "mrr_top4": 0.2,
    "ndcg10": 0.05124995751403931,
    "ndcg_at_4": 0.00711064040423231,
    "ndcg_at_12": 0.056899138174850025,
    "ndcg_at_16": 0.1769467286075223,
    "ndcg_at_20": 0.17934460063934335,
    "roc_auc_upset": 0.8214285714285714
  },
  "test_metrics_by_conference": {
    "E": {
      "ndcg": 0.23755186535974065,
      "spearman": 0.18214285714285713
    },
    "W": {
      "ndcg": 0.7519157235194247,
      "spearman": 0.6928571428571427
    }
  },
  "notes": {
    "eos_rank_source": "eos_final_rank"
  }
}