{
  "test_metrics_ensemble": {
    "ndcg": 0.6071973615053933,
    "spearman": 0.4402669632925473,
    "mrr_top2": 1.0,
    "mrr_top4": 1.0,
    "ndcg10": 0.6071973615053933,
    "ndcg_at_4": 0.35315119534797357,
    "ndcg_at_12": 0.6070447394165618,
    "ndcg_at_16": 0.6082970713451191,
    "ndcg_at_20": 0.6089120734544138,
    "roc_auc_upset": 0.7314814814814814,
    "rank_mae_pred_vs_playoff_final_results": 7.199999809265137,
    "rank_rmse_pred_vs_playoff_final_results": 9.157875061035156,
    "rank_mae_eos_standings_vs_playoff_final_results": 3.7333333333333334,
    "rank_rmse_eos_standings_vs_playoff_final_results": 6.093712606722878,
    "playoff_metrics": {
      "spearman_pred_vs_playoff_final_results": 0.45317018909899887,
      "ndcg_at_4_final_four": 0.35315119534797357,
      "ndcg10_pred_vs_playoff_final_results": 0.6071966423510671,
      "brier_championship_odds": 0.03222232684493065,
      "rank_mae_pred_vs_playoff_final_results": 7.199999809265137,
      "rank_rmse_pred_vs_playoff_final_results": 9.157875061035156,
      "rank_mae_eos_standings_vs_playoff_final_results": 3.7333333333333334,
      "rank_rmse_eos_standings_vs_playoff_final_results": 6.093712606722878
    }
  },
  "test_metrics_model_a": {
    "ndcg": 0.6071973615053933,
    "spearman": 0.4407119021134594,
    "mrr_top2": 1.0,
    "mrr_top4": 1.0,
    "ndcg10": 0.6071973615053933,
    "ndcg_at_4": 0.35315119534797357,
    "ndcg_at_12": 0.6070447394165618,
    "ndcg_at_16": 0.6082970713451191,
    "ndcg_at_20": 0.6089121087119586,
    "roc_auc_upset": 0.7314814814814814
  },
  "test_metrics_model_b": {
    "ndcg": 0.806304394071103,
    "spearman": 0.4593993325917686,
    "mrr_top2": 1.0,
    "mrr_top4": 1.0,
    "ndcg10": 0.806304394071103,
    "ndcg_at_4": 0.7116242168324007,
    "ndcg_at_12": 0.8061783407978209,
    "ndcg_at_16": 0.8467162991716015,
    "ndcg_at_20": 0.8513385273998019,
    "roc_auc_upset": 0.71875
  },
  "test_metrics_model_c": {
    "ndcg": 0.333487026575135,
    "spearman": 0.23159065628476083,
    "mrr_top2": 0.16666666666666666,
    "mrr_top4": 0.16666666666666666,
    "ndcg10": 0.333487026575135,
    "ndcg_at_4": 0.0011069724610271625,
    "ndcg_at_12": 0.33890731926775686,
    "ndcg_at_16": 0.35966393831396193,
    "ndcg_at_20": 0.3699999322309346,
    "roc_auc_upset": 0.7633928571428571
  },
  "test_metrics_by_conference": {
    "E": {
      "ndcg": 0.3851402749883562,
      "spearman": 0.2785714285714285
    },
    "W": {
      "ndcg": 0.9458053628953939,
      "spearman": 0.6071428571428571
    }
  },
  "notes": {
    "eos_rank_source": "eos_final_rank"
  }
}