{
  "notes": {
    "eval_on": "test",
    "eos_rank_source": "eos_final_rank",
    "upset_definition": "sleeper = EOS_global_rank > predicted_strength",
    "mrr_top2": "1/rank of first team in top 2 (champion+runner-up) in predicted order.",
    "mrr_top4": "1/rank of first team in top 4 (conference finals) in predicted order.",
    "per_conference_relevance": "Within E/W: actual rank derived from EOS_global_rank (1=best in conf); NDCG/Spearman use this relevance.",
    "playoff_metrics": "Spearman (pred global vs playoff_final_results), NDCG@4 (final four), Brier (champion vs odds). rank_mae/rank_rmse: pred vs playoff_final_results; eos_standings vs playoff_final_results (baseline)."
  },
  "split_info": {
    "train_frac": 0.75,
    "n_train_dates": 141,
    "n_test_dates": 36,
    "split_mode": "seasons"
  },
  "test_metrics_ensemble": {
    "ndcg": 0.4845532226697665,
    "spearman": 0.47185761957730815,
    "mrr_top2": 0.5,
    "mrr_top4": 0.5,
    "ndcg10": 0.4845532226697665,
    "ndcg_at_4": 0.46437685999867345,
    "ndcg_at_12": 0.4848012796036005,
    "ndcg_at_16": 0.5274160011016258,
    "ndcg_at_20": 0.5310243121584689,
    "roc_auc_upset": 0.7633928571428572,
    "rank_mae_pred_vs_playoff_final_results": 6.933333396911621,
    "rank_rmse_pred_vs_playoff_final_results": 8.895691871643066,
    "rank_mae_eos_standings_vs_playoff_final_results": 3.1333333333333333,
    "rank_rmse_eos_standings_vs_playoff_final_results": 4.449719092257398,
    "playoff_metrics": {
      "spearman_pred_vs_playoff_final_results": 0.47185761957730815,
      "ndcg_at_4_final_four": 0.4643768342304213,
      "ndcg10_pred_vs_playoff_final_results": 0.4845437065091722,
      "brier_championship_odds": 0.03222232684493065,
      "rank_mae_pred_vs_playoff_final_results": 6.933333396911621,
      "rank_rmse_pred_vs_playoff_final_results": 8.895691871643066,
      "rank_mae_eos_standings_vs_playoff_final_results": 3.1333333333333333,
      "rank_rmse_eos_standings_vs_playoff_final_results": 4.449719092257398
    }
  },
  "test_metrics_model_a": {
    "ndcg": 0.4845532226697665,
    "spearman": 0.47185761957730815,
    "mrr_top2": 0.5,
    "mrr_top4": 0.5,
    "ndcg10": 0.4845532226697665,
    "ndcg_at_4": 0.46437685999867345,
    "ndcg_at_12": 0.4848012796036005,
    "ndcg_at_16": 0.5274160011016258,
    "ndcg_at_20": 0.5310243121584689,
    "roc_auc_upset": 0.7633928571428572
  },
  "test_metrics_model_b": {
    "ndcg": 0.18116306435132506,
    "spearman": 0.6511679644048943,
    "mrr_top2": 0.16666666666666666,
    "mrr_top4": 0.16666666666666666,
    "ndcg10": 0.18116306435132506,
    "ndcg_at_4": 0.04166423104576856,
    "ndcg_at_12": 0.22500181184747217,
    "ndcg_at_16": 0.3955973841121214,
    "ndcg_at_20": 0.3956339609178858,
    "roc_auc_upset": 0.7638888888888888
  },
  "test_metrics_model_c": {
    "ndcg": 0.05139534647930671,
    "spearman": 0.3050055617352614,
    "mrr_top2": 0.06666666666666667,
    "mrr_top4": 0.2,
    "ndcg10": 0.05139534647930671,
    "ndcg_at_4": 0.0072603807417201014,
    "ndcg_at_12": 0.05704448895120833,
    "ndcg_at_16": 0.1779607433491712,
    "ndcg_at_20": 0.18035846395567354,
    "roc_auc_upset": 0.8258928571428571
  },
  "test_metrics_by_conference": {
    "E": {
      "ndcg": 0.2592377558477092,
      "spearman": 0.2285714285714285
    },
    "W": {
      "ndcg": 0.7519157235194247,
      "spearman": 0.6928571428571427
    }
  },
  "by_season": {
    "2023-24": {
      "test_metrics_ensemble": {
        "ndcg": 0.6197040229201561,
        "spearman": 0.3810901001112347,
        "mrr_top2": 1.0,
        "mrr_top4": 1.0,
        "ndcg10": 0.6197040229201561,
        "ndcg_at_4": 0.35315119534797357,
        "ndcg_at_12": 0.619546604553902,
        "ndcg_at_16": 0.6214200053636786,
        "ndcg_at_20": 0.6214173699826145,
        "roc_auc_upset": 0.7330316742081449,
        "rank_mae_pred_vs_playoff_final_results": 7.866666793823242,
        "rank_rmse_pred_vs_playoff_final_results": 9.629815101623535,
        "rank_mae_eos_standings_vs_playoff_final_results": 3.7333333333333334,
        "rank_rmse_eos_standings_vs_playoff_final_results": 6.093712606722878,
        "playoff_metrics": {
          "spearman_pred_vs_playoff_final_results": 0.43759733036707454,
          "ndcg_at_4_final_four": 0.35315119534797357,
          "ndcg10_pred_vs_playoff_final_results": 0.6197033037658299,
          "brier_championship_odds": 0.03222232684493065,
          "rank_mae_pred_vs_playoff_final_results": 7.866666793823242,
          "rank_rmse_pred_vs_playoff_final_results": 9.629815101623535,
          "rank_mae_eos_standings_vs_playoff_final_results": 3.7333333333333334,
          "rank_rmse_eos_standings_vs_playoff_final_results": 6.093712606722878
        }
      },
      "test_metrics_model_a": {
        "ndcg": 0.6175057606809565,
        "spearman": 0.3793103448275862,
        "mrr_top2": 1.0,
        "mrr_top4": 1.0,
        "ndcg10": 0.6175057606809565,
        "ndcg_at_4": 0.35315119534797357,
        "ndcg_at_12": 0.6173489197260393,
        "ndcg_at_16": 0.6192224891113467,
        "ndcg_at_20": 0.6192198633954454,
        "roc_auc_upset": 0.7330316742081449
      },
      "test_metrics_model_b": {
        "ndcg": 0.8156118081046849,
        "spearman": 0.5043381535038932,
        "mrr_top2": 1.0,
        "mrr_top4": 1.0,
        "ndcg10": 0.8156118081046849,
        "ndcg_at_4": 0.7261751187226982,
        "ndcg_at_12": 0.8607188042089712,
        "ndcg_at_16": 0.860736728351539,
        "ndcg_at_20": 0.8654347445219024,
        "roc_auc_upset": 0.7239819004524888
      },
      "test_metrics_model_c": {
        "ndcg": 0.333487026575135,
        "spearman": 0.2382647385984427,
        "mrr_top2": 0.16666666666666666,
        "mrr_top4": 0.16666666666666666,
        "ndcg10": 0.333487026575135,
        "ndcg_at_4": 0.0011069724610271625,
        "ndcg_at_12": 0.33890731926775686,
        "ndcg_at_16": 0.3602072243020767,
        "ndcg_at_20": 0.37054321582955735,
        "roc_auc_upset": 0.7589285714285714
      },
      "test_metrics_by_conference": {
        "E": {
          "ndcg": 0.40649848933393984,
          "spearman": 0.2714285714285714
        },
        "W": {
          "ndcg": 0.935615902658024,
          "spearman": 0.47857142857142854
        }
      },
      "notes": {
        "eos_rank_source": "eos_final_rank"
      }
    },
    "2024-25": {
      "test_metrics_ensemble": {
        "ndcg": 0.4845532226697665,
        "spearman": 0.47185761957730815,
        "mrr_top2": 0.5,
        "mrr_top4": 0.5,
        "ndcg10": 0.4845532226697665,
        "ndcg_at_4": 0.46437685999867345,
        "ndcg_at_12": 0.4848012796036005,
        "ndcg_at_16": 0.5274160011016258,
        "ndcg_at_20": 0.5310243121584689,
        "roc_auc_upset": 0.7633928571428572,
        "rank_mae_pred_vs_playoff_final_results": 6.933333396911621,
        "rank_rmse_pred_vs_playoff_final_results": 8.895691871643066,
        "rank_mae_eos_standings_vs_playoff_final_results": 3.1333333333333333,
        "rank_rmse_eos_standings_vs_playoff_final_results": 4.449719092257398,
        "playoff_metrics": {
          "spearman_pred_vs_playoff_final_results": 0.47185761957730815,
          "ndcg_at_4_final_four": 0.4643768342304213,
          "ndcg10_pred_vs_playoff_final_results": 0.4845437065091722,
          "brier_championship_odds": 0.03222232684493065,
          "rank_mae_pred_vs_playoff_final_results": 6.933333396911621,
          "rank_rmse_pred_vs_playoff_final_results": 8.895691871643066,
          "rank_mae_eos_standings_vs_playoff_final_results": 3.1333333333333333,
          "rank_rmse_eos_standings_vs_playoff_final_results": 4.449719092257398
        }
      },
      "test_metrics_model_a": {
        "ndcg": 0.4845532226697665,
        "spearman": 0.47185761957730815,
        "mrr_top2": 0.5,
        "mrr_top4": 0.5,
        "ndcg10": 0.4845532226697665,
        "ndcg_at_4": 0.46437685999867345,
        "ndcg_at_12": 0.4848012796036005,