{
  "notes": {
    "eval_on": "test",
    "eos_rank_source": "eos_final_rank",
    "upset_definition": "sleeper = EOS_global_rank > predicted_strength",
    "mrr_top2": "1/rank of first team in top 2 (champion+runner-up) in predicted order.",
    "mrr_top4": "1/rank of first team in top 4 (conference finals) in predicted order.",
    "per_conference_relevance": "Within E/W: actual rank derived from EOS_global_rank (1=best in conf); NDCG/Spearman use this relevance.",
    "playoff_metrics": "Spearman (pred global vs playoff_final_results), NDCG@4 (final four), Brier (champion vs odds). rank_mae/rank_rmse: pred vs playoff_final_results; eos_standings vs playoff_final_results (baseline)."
  },
  "split_info": {
    "train_frac": 0.75,
    "n_train_dates": 141,
    "n_test_dates": 36,
    "split_mode": "seasons"
  },
  "test_metrics_ensemble": {
    "ndcg": 0.54688868367582,
    "spearman": 0.49187986651835364,
    "mrr_top2": 0.5,
    "mrr_top4": 0.5,
    "ndcg10": 0.54688868367582,
    "ndcg_at_4": 0.5061571405372405,
    "ndcg_at_12": 0.5471321323546027,
    "ndcg_at_16": 0.5471114463498872,
    "ndcg_at_20": 0.5507375126596551,
    "roc_auc_upset": 0.7901785714285714,
    "rank_mae_pred_vs_playoff_final_results": 6.666666507720947,
    "rank_rmse_pred_vs_playoff_final_results": 8.725441932678223,
    "rank_mae_eos_standings_vs_playoff_final_results": 3.1333333333333333,
    "rank_rmse_eos_standings_vs_playoff_final_results": 4.449719092257398,
    "playoff_metrics": {
      "spearman_pred_vs_playoff_final_results": 0.489210233592881,
      "ndcg_at_4_final_four": 0.5061571405372405,
      "ndcg10_pred_vs_playoff_final_results": 0.5468794042429471,
      "brier_championship_odds": 0.03222232684493065,
      "rank_mae_pred_vs_playoff_final_results": 6.666666507720947,
      "rank_rmse_pred_vs_playoff_final_results": 8.725441932678223,
      "rank_mae_eos_standings_vs_playoff_final_results": 3.1333333333333333,
      "rank_rmse_eos_standings_vs_playoff_final_results": 4.449719092257398
    }
  },
  "test_metrics_model_a": {
    "ndcg": 0.54688868367582,
    "spearman": 0.49187986651835364,
    "mrr_top2": 0.5,
    "mrr_top4": 0.5,
    "ndcg10": 0.54688868367582,
    "ndcg_at_4": 0.5061571405372405,
    "ndcg_at_12": 0.5471321323546027,
    "ndcg_at_16": 0.5471114463498872,
    "ndcg_at_20": 0.5507375126596551,
    "roc_auc_upset": 0.7901785714285714
  },
  "test_metrics_model_b": {
    "ndcg": 0.20314400039266522,
    "spearman": 0.5795328142380423,
    "mrr_top2": 0.16666666666666666,
    "mrr_top4": 0.16666666666666666,
    "ndcg10": 0.20314400039266522,
    "ndcg_at_4": 0.04029517653159447,
    "ndcg_at_12": 0.225122197282295,
    "ndcg_at_16": 0.22515593364502906,
    "ndcg_at_20": 0.37544515548042456,
    "roc_auc_upset": 0.7777777777777777
  },
  "test_metrics_model_c": {
    "ndcg": 0.057264812836561645,
    "spearman": 0.3041156840934371,
    "mrr_top2": 0.06666666666666667,
    "mrr_top4": 0.2,
    "ndcg10": 0.057264812836561645,
    "ndcg_at_4": 0.0072603807417201014,
    "ndcg_at_12": 0.057249959930625864,
    "ndcg_at_16": 0.17816619856773946,
    "ndcg_at_20": 0.180523010501275,
    "roc_auc_upset": 0.8258928571428572
  },
  "test_metrics_by_conference": {
    "E": {
      "ndcg": 0.2989753486152558,
      "spearman": 0.28571428571428564
    },
    "W": {
      "ndcg": 0.7723538271486643,
      "spearman": 0.7035714285714285
    }
  },
  "by_season": {
    "2023-24": {
      "test_metrics_ensemble": {
        "ndcg": 0.405671221586424,
        "spearman": 0.4318131256952169,
        "mrr_top2": 1.0,
        "mrr_top4": 1.0,
        "ndcg10": 0.405671221586424,
        "ndcg_at_4": 0.3560053866302678,
        "ndcg_at_12": 0.5881353156525632,
        "ndcg_at_16": 0.5880967001281204,
        "ndcg_at_20": 0.588690283169265,
        "roc_auc_upset": 0.8125,
        "rank_mae_pred_vs_playoff_final_results": 7.333333492279053,
        "rank_rmse_pred_vs_playoff_final_results": 9.22677230834961,
        "rank_mae_eos_standings_vs_playoff_final_results": 3.7333333333333334,
        "rank_rmse_eos_standings_vs_playoff_final_results": 6.093712606722878,
        "playoff_metrics": {
          "spearman_pred_vs_playoff_final_results": 0.4767519466073415,
          "ndcg_at_4_final_four": 0.3560053866302678,
          "ndcg10_pred_vs_playoff_final_results": 0.40567629062481375,
          "brier_championship_odds": 0.03222232684493065,
          "rank_mae_pred_vs_playoff_final_results": 7.333333492279053,
          "rank_rmse_pred_vs_playoff_final_results": 9.22677230834961,
          "rank_mae_eos_standings_vs_playoff_final_results": 3.7333333333333334,
          "rank_rmse_eos_standings_vs_playoff_final_results": 6.093712606722878
        }
      },
      "test_metrics_model_a": {
        "ndcg": 0.405671221586424,
        "spearman": 0.42380422691879865,
        "mrr_top2": 1.0,
        "mrr_top4": 1.0,
        "ndcg10": 0.405671221586424,
        "ndcg_at_4": 0.3560053866302678,
        "ndcg_at_12": 0.5881353156525632,
        "ndcg_at_16": 0.5880967001281204,
        "ndcg_at_20": 0.5886812575132494,
        "roc_auc_upset": 0.8214285714285714
      },
      "test_metrics_model_b": {
        "ndcg": 0.6110035708488951,
        "spearman": 0.5101223581757508,
        "mrr_top2": 0.5,
        "mrr_top4": 0.5,
        "ndcg10": 0.6110035708488951,
        "ndcg_at_4": 0.44093212795935904,
        "ndcg_at_12": 0.6108672736033278,
        "ndcg_at_16": 0.610900492088503,
        "ndcg_at_20": 0.615523968956587,
        "roc_auc_upset": 0.76
      },
      "test_metrics_model_c": {
        "ndcg": 0.33348743391404295,
        "spearman": 0.2418242491657397,
        "mrr_top2": 0.16666666666666666,
        "mrr_top4": 0.16666666666666666,
        "ndcg10": 0.33348743391404295,
        "ndcg_at_4": 0.001111095381373398,
        "ndcg_at_12": 0.3389077264996702,
        "ndcg_at_16": 0.360207631502753,
        "ndcg_at_20": 0.37054369193532377,
        "roc_auc_upset": 0.7733333333333334
      },
      "test_metrics_by_conference": {
        "E": {
          "ndcg": 0.39762918388061474,
          "spearman": 0.2821428571428571
        },
        "W": {
          "ndcg": 0.928005036371462,
          "spearman": 0.6071428571428571
        }
      },
      "notes": {
        "eos_rank_source": "eos_final_rank"
      }
    },
    "2024-25": {
      "test_metrics_ensemble": {
        "ndcg": 0.54688868367582,
        "spearman": 0.49187986651835364,
        "mrr_top2": 0.5,
        "mrr_top4": 0.5,
        "ndcg10": 0.54688868367582,
        "ndcg_at_4": 0.5061571405372405,
        "ndcg_at_12": 0.5471321323546027,
        "ndcg_at_16": 0.5471114463498872,
        "ndcg_at_20": 0.5507375126596551,
        "roc_auc_upset": 0.7901785714285714,
        "rank_mae_pred_vs_playoff_final_results": 6.666666507720947,
        "rank_rmse_pred_vs_playoff_final_results": 8.725441932678223,
        "rank_mae_eos_standings_vs_playoff_final_results": 3.1333333333333333,
        "rank_rmse_eos_standings_vs_playoff_final_results": 4.449719092257398,
        "playoff_metrics": {
          "spearman_pred_vs_playoff_final_results": 0.489210233592881,
          "ndcg_at_4_final_four": 0.5061571405372405,
          "ndcg10_pred_vs_playoff_final_results": 0.5468794042429471,
          "brier_championship_odds": 0.03222232684493065,
          "rank_mae_pred_vs_playoff_final_results": 6.666666507720947,
          "rank_rmse_pred_vs_playoff_final_results": 8.725441932678223,
          "rank_mae_eos_standings_vs_playoff_final_results": 3.1333333333333333,
          "rank_rmse_eos_standings_vs_playoff_final_results": 4.449719092257398
        }
      },
      "test_metrics_model_a": {
        "ndcg": 0.54688868367582,
        "spearman": 0.49187986651835364,
        "mrr_top2": 0.5,
        "mrr_top4": 0.5,
        "ndcg10": 0.54688868367582,
        "ndcg_at_4": 0.5061571405372405,
        "ndcg_at_12": 0.5471321323546027,
        "ndcg_at_16": 0.5471114463498872,