{
  "test_metrics_ensemble": {
    "ndcg": 0.54688868367582,
    "spearman": 0.49187986651835364,
    "mrr_top2": 0.5,
    "mrr_top4": 0.5,
    "ndcg10": 0.54688868367582,
    "ndcg_at_4": 0.5061571405372405,
    "ndcg_at_12": 0.5471321323546027,
    "ndcg_at_16": 0.5471114463498872,
    "ndcg_at_20": 0.5507375126596551,
    "roc_auc_upset": 0.7901785714285714,
    "rank_mae_pred_vs_playoff_final_results": 6.666666507720947,
    "rank_rmse_pred_vs_playoff_final_results": 8.725441932678223,
    "rank_mae_eos_standings_vs_playoff_final_results": 3.1333333333333333,
    "rank_rmse_eos_standings_vs_playoff_final_results": 4.449719092257398,
    "playoff_metrics": {
      "spearman_pred_vs_playoff_final_results": 0.489210233592881,
      "ndcg_at_4_final_four": 0.5061571405372405,
      "ndcg10_pred_vs_playoff_final_results": 0.5468794042429471,
      "brier_championship_odds": 0.03222232684493065,
      "rank_mae_pred_vs_playoff_final_results": 6.666666507720947,
      "rank_rmse_pred_vs_playoff_final_results": 8.725441932678223,
      "rank_mae_eos_standings_vs_playoff_final_results": 3.1333333333333333,
      "rank_rmse_eos_standings_vs_playoff_final_results": 4.449719092257398
    }
  },
  "test_metrics_model_a": {
    "ndcg": 0.54688868367582,
    "spearman": 0.49187986651835364,
    "mrr_top2": 0.5,
    "mrr_top4": 0.5,
    "ndcg10": 0.54688868367582,
    "ndcg_at_4": 0.5061571405372405,
    "ndcg_at_12": 0.5471321323546027,
    "ndcg_at_16": 0.5471114463498872,
    "ndcg_at_20": 0.5507375126596551,
    "roc_auc_upset": 0.7901785714285714
  },
  "test_metrics_model_b": {
    "ndcg": 0.20314400039266522,
    "spearman": 0.5795328142380423,
    "mrr_top2": 0.16666666666666666,
    "mrr_top4": 0.16666666666666666,
    "ndcg10": 0.20314400039266522,
    "ndcg_at_4": 0.04029517653159447,
    "ndcg_at_12": 0.225122197282295,
    "ndcg_at_16": 0.22515593364502906,
    "ndcg_at_20": 0.37544515548042456,
    "roc_auc_upset": 0.7777777777777777
  },
  "test_metrics_model_c": {
    "ndcg": 0.057264812836561645,
    "spearman": 0.3041156840934371,
    "mrr_top2": 0.06666666666666667,
    "mrr_top4": 0.2,
    "ndcg10": 0.057264812836561645,
    "ndcg_at_4": 0.0072603807417201014,
    "ndcg_at_12": 0.057249959930625864,
    "ndcg_at_16": 0.17816619856773946,
    "ndcg_at_20": 0.180523010501275,
    "roc_auc_upset": 0.8258928571428572
  },
  "test_metrics_by_conference": {
    "E": {
      "ndcg": 0.2989753486152558,
      "spearman": 0.28571428571428564
    },
    "W": {
      "ndcg": 0.7723538271486643,
      "spearman": 0.7035714285714285
    }
  },
  "notes": {
    "eos_rank_source": "eos_final_rank"
  }
}