{
  "test_metrics_ensemble": {
    "ndcg": 0.405671221586424,
    "spearman": 0.4318131256952169,
    "mrr_top2": 1.0,
    "mrr_top4": 1.0,
    "ndcg10": 0.405671221586424,
    "ndcg_at_4": 0.3560053866302678,
    "ndcg_at_12": 0.5881353156525632,
    "ndcg_at_16": 0.5880967001281204,
    "ndcg_at_20": 0.588690283169265,
    "roc_auc_upset": 0.8125,
    "rank_mae_pred_vs_playoff_final_results": 7.333333492279053,
    "rank_rmse_pred_vs_playoff_final_results": 9.22677230834961,
    "rank_mae_eos_standings_vs_playoff_final_results": 3.7333333333333334,
    "rank_rmse_eos_standings_vs_playoff_final_results": 6.093712606722878,
    "playoff_metrics": {
      "spearman_pred_vs_playoff_final_results": 0.4767519466073415,
      "ndcg_at_4_final_four": 0.3560053866302678,
      "ndcg10_pred_vs_playoff_final_results": 0.40567629062481375,
      "brier_championship_odds": 0.03222232684493065,
      "rank_mae_pred_vs_playoff_final_results": 7.333333492279053,
      "rank_rmse_pred_vs_playoff_final_results": 9.22677230834961,
      "rank_mae_eos_standings_vs_playoff_final_results": 3.7333333333333334,
      "rank_rmse_eos_standings_vs_playoff_final_results": 6.093712606722878
    }
  },
  "test_metrics_model_a": {
    "ndcg": 0.405671221586424,
    "spearman": 0.42380422691879865,
    "mrr_top2": 1.0,
    "mrr_top4": 1.0,
    "ndcg10": 0.405671221586424,
    "ndcg_at_4": 0.3560053866302678,
    "ndcg_at_12": 0.5881353156525632,
    "ndcg_at_16": 0.5880967001281204,
    "ndcg_at_20": 0.5886812575132494,
    "roc_auc_upset": 0.8214285714285714
  },
  "test_metrics_model_b": {
    "ndcg": 0.6110035708488951,
    "spearman": 0.5101223581757508,
    "mrr_top2": 0.5,
    "mrr_top4": 0.5,
    "ndcg10": 0.6110035708488951,
    "ndcg_at_4": 0.44093212795935904,
    "ndcg_at_12": 0.6108672736033278,
    "ndcg_at_16": 0.610900492088503,
    "ndcg_at_20": 0.615523968956587,
    "roc_auc_upset": 0.76
  },
  "test_metrics_model_c": {
    "ndcg": 0.33348743391404295,
    "spearman": 0.2418242491657397,
    "mrr_top2": 0.16666666666666666,
    "mrr_top4": 0.16666666666666666,
    "ndcg10": 0.33348743391404295,
    "ndcg_at_4": 0.001111095381373398,
    "ndcg_at_12": 0.3389077264996702,
    "ndcg_at_16": 0.360207631502753,
    "ndcg_at_20": 0.37054369193532377,
    "roc_auc_upset": 0.7733333333333334
  },
  "test_metrics_by_conference": {
    "E": {
      "ndcg": 0.39762918388061474,
      "spearman": 0.2821428571428571
    },
    "W": {
      "ndcg": 0.928005036371462,
      "spearman": 0.6071428571428571
    }
  },
  "notes": {
    "eos_rank_source": "eos_final_rank"
  }
}