{
  "test_metrics_ensemble": {
    "ndcg": 0.4888367611070558,
    "spearman": 0.48787541713014465,
    "mrr_top2": 0.5,
    "mrr_top4": 0.5,
    "ndcg10": 0.4888367611070558,
    "ndcg_at_4": 0.4643519436832566,
    "ndcg_at_12": 0.5329484247206548,
    "ndcg_at_16": 0.5329297404811312,
    "ndcg_at_20": 0.5364972728059447,
    "roc_auc_upset": 0.7455357142857143,
    "rank_mae_pred_vs_playoff_final_results": 6.666666507720947,
    "rank_rmse_pred_vs_playoff_final_results": 8.759756088256836,
    "rank_mae_eos_standings_vs_playoff_final_results": 3.1333333333333333,
    "rank_rmse_eos_standings_vs_playoff_final_results": 4.449719092257398,
    "playoff_metrics": {
      "spearman_pred_vs_playoff_final_results": 0.4914349276974415,
      "ndcg_at_4_final_four": 0.46433662668392073,
      "ndcg10_pred_vs_playoff_final_results": 0.4888213324791424,
      "brier_championship_odds": 0.03222232684493065,
      "rank_mae_pred_vs_playoff_final_results": 6.666666507720947,
      "rank_rmse_pred_vs_playoff_final_results": 8.759756088256836,
      "rank_mae_eos_standings_vs_playoff_final_results": 3.1333333333333333,
      "rank_rmse_eos_standings_vs_playoff_final_results": 4.449719092257398
    }
  },
  "test_metrics_model_a": {
    "ndcg": 0.4888367611070558,
    "spearman": 0.4909899888765294,
    "mrr_top2": 0.5,
    "mrr_top4": 0.5,
    "ndcg10": 0.4888367611070558,
    "ndcg_at_4": 0.4643519436832566,
    "ndcg_at_12": 0.5343510221309359,
    "ndcg_at_16": 0.5343322303038275,
    "ndcg_at_20": 0.5378997564601803,
    "roc_auc_upset": 0.7455357142857143
  },
  "test_metrics_model_b": {
    "ndcg": 0.15627980117372517,
    "spearman": 0.5795328142380423,
    "mrr_top2": 0.16666666666666666,
    "mrr_top4": 0.16666666666666666,
    "ndcg10": 0.15627980117372517,
    "ndcg_at_4": 0.04029517653159447,
    "ndcg_at_12": 0.22348163367275453,
    "ndcg_at_16": 0.2235154958764998,
    "ndcg_at_20": 0.37139632542759216,
    "roc_auc_upset": 0.8054298642533936
  },
  "test_metrics_model_c": {
    "ndcg": 0.05124995751403931,
    "spearman": 0.307230255839822,
    "mrr_top2": 0.0625,
    "mrr_top4": 0.2,
    "ndcg10": 0.05124995751403931,
    "ndcg_at_4": 0.00711064040423231,
    "ndcg_at_12": 0.056899138174850025,
    "ndcg_at_16": 0.1769467286075223,
    "ndcg_at_20": 0.17934460063934335,
    "roc_auc_upset": 0.8214285714285714
  },
  "test_metrics_by_conference": {
    "E": {
      "ndcg": 0.24737794491293497,
      "spearman": 0.24642857142857136
    },
    "W": {
      "ndcg": 0.7737357849437491,
      "spearman": 0.7107142857142856
    }
  },
  "notes": {
    "eos_rank_source": "eos_final_rank"
  }
}