{
  "test_metrics_ensemble": {
    "ndcg": 0.5467831883486493,
    "spearman": 0.40867630700778645,
    "mrr_top2": 1.0,
    "mrr_top4": 1.0,
    "ndcg10": 0.5467831883486493,
    "ndcg_at_4": 0.33513898093933947,
    "ndcg_at_12": 0.5919447253156028,
    "ndcg_at_16": 0.5931995164600549,
    "ndcg_at_20": 0.5940942137036948,
    "roc_auc_upset": 0.7013574660633484,
    "rank_mae_pred_vs_playoff_final_results": 7.5333333015441895,
    "rank_rmse_pred_vs_playoff_final_results": 9.41275691986084,
    "rank_mae_eos_standings_vs_playoff_final_results": 3.7333333333333334,
    "rank_rmse_eos_standings_vs_playoff_final_results": 6.093712606722878,
    "playoff_metrics": {
      "spearman_pred_vs_playoff_final_results": 0.46785317018909905,
      "ndcg_at_4_final_four": 0.33513815635527017,
      "ndcg10_pred_vs_playoff_final_results": 0.546788118949449,
      "brier_championship_odds": 0.03222232684493065,
      "rank_mae_pred_vs_playoff_final_results": 7.5333333015441895,
      "rank_rmse_pred_vs_playoff_final_results": 9.41275691986084,
      "rank_mae_eos_standings_vs_playoff_final_results": 3.7333333333333334,
      "rank_rmse_eos_standings_vs_playoff_final_results": 6.093712606722878
    }
  },
  "test_metrics_model_a": {
    "ndcg": 0.5467831883486493,
    "spearman": 0.40333704115684094,
    "mrr_top2": 1.0,
    "mrr_top4": 1.0,
    "ndcg10": 0.5467831883486493,
    "ndcg_at_4": 0.33513898093933947,
    "ndcg_at_12": 0.5919447253156028,
    "ndcg_at_16": 0.5931995164600549,
    "ndcg_at_20": 0.5940942137036948,
    "roc_auc_upset": 0.7058823529411764
  },
  "test_metrics_model_b": {
    "ndcg": 0.5770779819174525,
    "spearman": 0.5078976640711901,
    "mrr_top2": 0.5,
    "mrr_top4": 0.5,
    "ndcg10": 0.5770779819174525,
    "ndcg_at_4": 0.44093212795935904,
    "ndcg_at_12": 0.6208153276352778,
    "ndcg_at_16": 0.6208679742593902,
    "ndcg_at_20": 0.6254913184887446,
    "roc_auc_upset": 0.7142857142857143
  },
  "test_metrics_model_c": {
    "ndcg": 0.333487026575135,
    "spearman": 0.23159065628476083,
    "mrr_top2": 0.16666666666666666,
    "mrr_top4": 0.16666666666666666,
    "ndcg10": 0.333487026575135,
    "ndcg_at_4": 0.0011069724610271625,
    "ndcg_at_12": 0.33890731926775686,
    "ndcg_at_16": 0.35966393831396193,
    "ndcg_at_20": 0.3699999322309346,
    "roc_auc_upset": 0.7633928571428571
  },
  "test_metrics_by_conference": {
    "E": {
      "ndcg": 0.38520906425700524,
      "spearman": 0.2714285714285714
    },
    "W": {
      "ndcg": 0.9192067951115218,
      "spearman": 0.4928571428571427
    }
  },
  "notes": {
    "eos_rank_source": "eos_final_rank"
  }
}