{
  "notes": {
    "eval_on": "test",
    "eos_rank_source": "eos_final_rank",
    "upset_definition": "sleeper = EOS_global_rank > predicted_strength",
    "mrr_top2": "1/rank of first team in top 2 (champion+runner-up) in predicted order.",
    "mrr_top4": "1/rank of first team in top 4 (conference finals) in predicted order.",
    "per_conference_relevance": "Within E/W: actual rank derived from EOS_global_rank (1=best in conf); NDCG/Spearman use this relevance.",
    "playoff_metrics": "Spearman (pred global vs playoff_final_results), NDCG@4 (final four), Brier (champion vs odds). rank_mae/rank_rmse: pred vs playoff_final_results; eos_standings vs playoff_final_results (baseline)."
  },
  "split_info": {
    "train_frac": 0.75,
    "n_train_dates": 141,
    "n_test_dates": 36,
    "split_mode": "seasons"
  },
  "test_metrics_ensemble": {
    "ndcg": 0.5312362591009946,
    "spearman": 0.5038932146829811,
    "mrr_top2": 0.5,
    "mrr_top4": 0.5,
    "ndcg10": 0.5312362591009946,
    "ndcg_at_4": 0.4645175546554888,
    "ndcg_at_12": 0.5314402722900939,
    "ndcg_at_16": 0.5326632474526353,
    "ndcg_at_20": 0.5350136972862701,
    "roc_auc_upset": 0.7544642857142857,
    "rank_mae_pred_vs_playoff_final_results": 6.800000190734863,
    "rank_rmse_pred_vs_playoff_final_results": 8.621678352355957,
    "rank_mae_eos_standings_vs_playoff_final_results": 3.1333333333333333,
    "rank_rmse_eos_standings_vs_playoff_final_results": 4.449719092257398,
    "playoff_metrics": {
      "spearman_pred_vs_playoff_final_results": 0.5056729699666296,
      "ndcg_at_4_final_four": 0.4645175546554888,
      "ndcg10_pred_vs_playoff_final_results": 0.5312256458223015,
      "brier_championship_odds": 0.03222232684493065,
      "rank_mae_pred_vs_playoff_final_results": 6.800000190734863,
      "rank_rmse_pred_vs_playoff_final_results": 8.621678352355957,
      "rank_mae_eos_standings_vs_playoff_final_results": 3.1333333333333333,
      "rank_rmse_eos_standings_vs_playoff_final_results": 4.449719092257398
    }
  },
  "test_metrics_model_a": {
    "ndcg": 0.5312362591009946,
    "spearman": 0.49543937708565067,
    "mrr_top2": 0.5,
    "mrr_top4": 0.5,
    "ndcg10": 0.5312362591009946,
    "ndcg_at_4": 0.4645175546554888,
    "ndcg_at_12": 0.5314402722900939,
    "ndcg_at_16": 0.5314217560732173,
    "ndcg_at_20": 0.5349891463385436,
    "roc_auc_upset": 0.7589285714285714
  },
  "test_metrics_model_b": {
    "ndcg": 0.18958334964093326,
    "spearman": 0.567964404894327,
    "mrr_top2": 0.2,
    "mrr_top4": 0.2,
    "ndcg10": 0.18958334964093326,
    "ndcg_at_4": 0.04029517653159447,
    "ndcg_at_12": 0.23491906924130845,
    "ndcg_at_16": 0.23495205412554646,
    "ndcg_at_20": 0.23495193696543254,
    "roc_auc_upset": 0.7511312217194569
  },
  "test_metrics_model_c": {
    "ndcg": 0.05139534647930671,
    "spearman": 0.3050055617352614,
    "mrr_top2": 0.06666666666666667,
    "mrr_top4": 0.2,
    "ndcg10": 0.05139534647930671,
    "ndcg_at_4": 0.0072603807417201014,
    "ndcg_at_12": 0.05704448895120833,
    "ndcg_at_16": 0.1779607433491712,
    "ndcg_at_20": 0.18035846395567354,
    "roc_auc_upset": 0.8258928571428571
  },
  "test_metrics_by_conference": {
    "E": {
      "ndcg": 0.26248772319829716,
      "spearman": 0.2714285714285714
    },
    "W": {
      "ndcg": 0.7505337657243399,
      "spearman": 0.6857142857142856
    }
  },
  "by_season": {
    "2023-24": {
      "test_metrics_ensemble": {
        "ndcg": 0.5404951442088172,
        "spearman": 0.38598442714126807,
        "mrr_top2": 1.0,
        "mrr_top4": 1.0,
        "ndcg10": 0.5404951442088172,
        "ndcg_at_4": 0.35315119534797357,
        "ndcg_at_12": 0.5856583328385747,
        "ndcg_at_16": 0.5875343330808609,
        "ndcg_at_20": 0.587541163177672,
        "roc_auc_upset": 0.7918552036199096,
        "rank_mae_pred_vs_playoff_final_results": 7.666666507720947,
        "rank_rmse_pred_vs_playoff_final_results": 9.591663360595703,
        "rank_mae_eos_standings_vs_playoff_final_results": 3.7333333333333334,
        "rank_rmse_eos_standings_vs_playoff_final_results": 6.093712606722878,
        "playoff_metrics": {
          "spearman_pred_vs_playoff_final_results": 0.4153503893214683,
          "ndcg_at_4_final_four": 0.35315119534797357,
          "ndcg10_pred_vs_playoff_final_results": 0.5405006797052259,
          "brier_championship_odds": 0.03222232684493065,
          "rank_mae_pred_vs_playoff_final_results": 7.666666507720947,
          "rank_rmse_pred_vs_playoff_final_results": 9.591663360595703,
          "rank_mae_eos_standings_vs_playoff_final_results": 3.7333333333333334,
          "rank_rmse_eos_standings_vs_playoff_final_results": 6.093712606722878
        }
      },
      "test_metrics_model_a": {
        "ndcg": 0.39962741426695436,
        "spearman": 0.3797552836484983,
        "mrr_top2": 1.0,
        "mrr_top4": 1.0,
        "ndcg10": 0.39962741426695436,
        "ndcg_at_4": 0.35315119534797357,
        "ndcg_at_12": 0.580727010521052,
        "ndcg_at_16": 0.5826033890251645,
        "ndcg_at_20": 0.5826100810522451,
        "roc_auc_upset": 0.7963800904977376
      },
      "test_metrics_model_b": {
        "ndcg": 0.6258922332818463,
        "spearman": 0.5007786429365962,
        "mrr_top2": 0.5,
        "mrr_top4": 0.5,
        "ndcg10": 0.6258922332818463,
        "ndcg_at_4": 0.4589454418134188,
        "ndcg_at_12": 0.6257285019281718,
        "ndcg_at_16": 0.6257833079226888,
        "ndcg_at_20": 0.6304065098226247,
        "roc_auc_upset": 0.7239819004524887
      },
      "test_metrics_model_c": {
        "ndcg": 0.333487026575135,
        "spearman": 0.2382647385984427,
        "mrr_top2": 0.16666666666666666,
        "mrr_top4": 0.16666666666666666,
        "ndcg10": 0.333487026575135,
        "ndcg_at_4": 0.0011069724610271625,
        "ndcg_at_12": 0.33890731926775686,
        "ndcg_at_16": 0.3602072243020767,
        "ndcg_at_20": 0.37054321582955735,
        "roc_auc_upset": 0.7589285714285714
      },
      "test_metrics_by_conference": {
        "E": {
          "ndcg": 0.3851402749883562,
          "spearman": 0.25357142857142856
        },
        "W": {
          "ndcg": 0.9223374593894513,
          "spearman": 0.5464285714285714
        }
      },
      "notes": {
        "eos_rank_source": "eos_final_rank"
      }
    },
    "2024-25": {
      "test_metrics_ensemble": {
        "ndcg": 0.5312362591009946,
        "spearman": 0.5038932146829811,
        "mrr_top2": 0.5,
        "mrr_top4": 0.5,
        "ndcg10": 0.5312362591009946,
        "ndcg_at_4": 0.4645175546554888,
        "ndcg_at_12": 0.5314402722900939,
        "ndcg_at_16": 0.5326632474526353,
        "ndcg_at_20": 0.5350136972862701,
        "roc_auc_upset": 0.7544642857142857,
        "rank_mae_pred_vs_playoff_final_results": 6.800000190734863,
        "rank_rmse_pred_vs_playoff_final_results": 8.621678352355957,
        "rank_mae_eos_standings_vs_playoff_final_results": 3.1333333333333333,
        "rank_rmse_eos_standings_vs_playoff_final_results": 4.449719092257398,
        "playoff_metrics": {
          "spearman_pred_vs_playoff_final_results": 0.5056729699666296,
          "ndcg_at_4_final_four": 0.4645175546554888,
          "ndcg10_pred_vs_playoff_final_results": 0.5312256458223015,
          "brier_championship_odds": 0.03222232684493065,
          "rank_mae_pred_vs_playoff_final_results": 6.800000190734863,
          "rank_rmse_pred_vs_playoff_final_results": 8.621678352355957,
          "rank_mae_eos_standings_vs_playoff_final_results": 3.1333333333333333,
          "rank_rmse_eos_standings_vs_playoff_final_results": 4.449719092257398
        }
      },
      "test_metrics_model_a": {
        "ndcg": 0.5312362591009946,
        "spearman": 0.49543937708565067,
        "mrr_top2": 0.5,
        "mrr_top4": 0.5,
        "ndcg10": 0.5312362591009946,
        "ndcg_at_4": 0.4645175546554888,
        "ndcg_at_12": 0.5314402722900939,
        "ndcg_at_16": 0.5314217560732173,