{
  "test_metrics_ensemble": {
    "ndcg": 0.6003951502264369,
    "spearman": 0.39443826473859844,
    "mrr_top2": 1.0,
    "mrr_top4": 1.0,
    "ndcg10": 0.6003951502264369,
    "ndcg_at_4": 0.35315119534797357,
    "ndcg_at_12": 0.6002428036672672,
    "ndcg_at_16": 0.6014667809446447,
    "ndcg_at_20": 0.6020726233377318,
    "roc_auc_upset": 0.7410714285714286,
    "rank_mae_pred_vs_playoff_final_results": 7.5333333015441895,
    "rank_rmse_pred_vs_playoff_final_results": 9.52540397644043,
    "rank_mae_eos_standings_vs_playoff_final_results": 3.7333333333333334,
    "rank_rmse_eos_standings_vs_playoff_final_results": 6.093712606722878,
    "playoff_metrics": {
      "spearman_pred_vs_playoff_final_results": 0.44160177975528364,
      "ndcg_at_4_final_four": 0.35315119534797357,
      "ndcg10_pred_vs_playoff_final_results": 0.6003944310721108,
      "brier_championship_odds": 0.03222232684493065,
      "rank_mae_pred_vs_playoff_final_results": 7.5333333015441895,
      "rank_rmse_pred_vs_playoff_final_results": 9.52540397644043,
      "rank_mae_eos_standings_vs_playoff_final_results": 3.7333333333333334,
      "rank_rmse_eos_standings_vs_playoff_final_results": 6.093712606722878
    }
  },
  "test_metrics_model_a": {
    "ndcg": 0.6003951502264369,
    "spearman": 0.38954393770856505,
    "mrr_top2": 1.0,
    "mrr_top4": 1.0,
    "ndcg10": 0.6003951502264369,
    "ndcg_at_4": 0.35315119534797357,
    "ndcg_at_12": 0.6002428036672672,
    "ndcg_at_16": 0.6014667809446447,
    "ndcg_at_20": 0.6020726233377318,
    "roc_auc_upset": 0.7410714285714286
  },
  "test_metrics_model_b": {
    "ndcg": 0.5642044138078595,
    "spearman": 0.4487208008898776,
    "mrr_top2": 0.5,
    "mrr_top4": 0.5,
    "ndcg10": 0.5642044138078595,
    "ndcg_at_4": 0.4437410146181249,
    "ndcg_at_12": 0.5640589156942029,
    "ndcg_at_16": 0.5691922139115427,
    "ndcg_at_20": 0.6074215847213377,
    "roc_auc_upset": 0.7946428571428571
  },
  "test_metrics_model_c": {
    "ndcg": 0.333487026575135,
    "spearman": 0.23159065628476083,
    "mrr_top2": 0.16666666666666666,
    "mrr_top4": 0.16666666666666666,
    "ndcg10": 0.333487026575135,
    "ndcg_at_4": 0.0011069724610271625,
    "ndcg_at_12": 0.33890731926775686,
    "ndcg_at_16": 0.35966393831396193,
    "ndcg_at_20": 0.3699999322309346,
    "roc_auc_upset": 0.7633928571428571
  },
  "test_metrics_by_conference": {
    "E": {
      "ndcg": 0.38369169619137905,
      "spearman": 0.2321428571428571
    },
    "W": {
      "ndcg": 0.9426581942405318,
      "spearman": 0.5249999999999999
    }
  },
  "notes": {
    "eos_rank_source": "eos_final_rank"
  }
}