{
  "test_metrics_ensemble": {
    "ndcg": 0.550060271991847,
    "spearman": 0.5568409343715239,
    "mrr_top2": 0.5,
    "mrr_top4": 0.5,
    "ndcg10": 0.550060271991847,
    "ndcg_at_4": 0.5058932736350814,
    "ndcg_at_12": 0.5502586711111218,
    "ndcg_at_16": 0.5502386855758709,
    "ndcg_at_20": 0.5543791351712154,
    "roc_auc_upset": 0.7733333333333333,
    "rank_mae_pred_vs_playoff_final_results": 6.333333492279053,
    "rank_rmse_pred_vs_playoff_final_results": 8.148619651794434,
    "rank_mae_eos_standings_vs_playoff_final_results": 3.1333333333333333,
    "rank_rmse_eos_standings_vs_playoff_final_results": 4.449719092257398,
    "playoff_metrics": {
      "spearman_pred_vs_playoff_final_results": 0.5675194660734149,
      "ndcg_at_4_final_four": 0.5058800802899736,
      "ndcg10_pred_vs_playoff_final_results": 0.5500469024272862,
      "brier_championship_odds": 0.03222232684493065,
      "rank_mae_pred_vs_playoff_final_results": 6.333333492279053,
      "rank_rmse_pred_vs_playoff_final_results": 8.148619651794434,
      "rank_mae_eos_standings_vs_playoff_final_results": 3.1333333333333333,
      "rank_rmse_eos_standings_vs_playoff_final_results": 4.449719092257398
    }
  },
  "test_metrics_model_a": {
    "ndcg": 0.550060271991847,
    "spearman": 0.5568409343715239,
    "mrr_top2": 0.5,
    "mrr_top4": 0.5,
    "ndcg10": 0.550060271991847,
    "ndcg_at_4": 0.5058932736350814,
    "ndcg_at_12": 0.5502586711111218,
    "ndcg_at_16": 0.5502386855758709,
    "ndcg_at_20": 0.5543791351712154,
    "roc_auc_upset": 0.7733333333333333
  },
  "test_metrics_model_b": {
    "ndcg": 0.14891035451823584,
    "spearman": 0.5136818687430478,
    "mrr_top2": 0.14285714285714285,
    "mrr_top4": 0.14285714285714285,
    "ndcg10": 0.14891035451823584,
    "ndcg_at_4": 0.04029517653159447,
    "ndcg_at_12": 0.19280163902558592,
    "ndcg_at_16": 0.21266175083585728,
    "ndcg_at_20": 0.2126611438087348,
    "roc_auc_upset": 0.8421052631578947
  },
  "test_metrics_model_c": {
    "ndcg": 0.05124995751403931,
    "spearman": 0.307230255839822,
    "mrr_top2": 0.0625,
    "mrr_top4": 0.2,
    "ndcg10": 0.05124995751403931,
    "ndcg_at_4": 0.00711064040423231,
    "ndcg_at_12": 0.056899138174850025,
    "ndcg_at_16": 0.1769467286075223,
    "ndcg_at_20": 0.17934460063934335,
    "roc_auc_upset": 0.8214285714285714
  },
  "test_metrics_by_conference": {
    "E": {
      "ndcg": 0.2733150299464783,
      "spearman": 0.32499999999999996
    },
    "W": {
      "ndcg": 0.7836189732796609,
      "spearman": 0.7321428571428571
    }
  },
  "notes": {
    "eos_rank_source": "eos_final_rank"
  }
}