{
  "test_metrics_ensemble": {
    "ndcg": 0.584214667261924,
    "spearman": 0.42380422691879865,
    "mrr_top2": 1.0,
    "mrr_top4": 1.0,
    "ndcg10": 0.584214667261924,
    "ndcg_at_4": 0.35315119534797357,
    "ndcg_at_12": 0.6279487559665059,
    "ndcg_at_16": 0.629174455972109,
    "ndcg_at_20": 0.6297713525231149,
    "roc_auc_upset": 0.7321428571428572,
    "rank_mae_pred_vs_playoff_final_results": 7.400000095367432,
    "rank_rmse_pred_vs_playoff_final_results": 9.291573524475098,
    "rank_mae_eos_standings_vs_playoff_final_results": 3.7333333333333334,
    "rank_rmse_eos_standings_vs_playoff_final_results": 6.093712606722878,
    "playoff_metrics": {
      "spearman_pred_vs_playoff_final_results": 0.4407119021134594,
      "ndcg_at_4_final_four": 0.35315119534797357,
      "ndcg10_pred_vs_playoff_final_results": 0.5842196793305052,
      "brier_championship_odds": 0.03222232684493065,
      "rank_mae_pred_vs_playoff_final_results": 7.400000095367432,
      "rank_rmse_pred_vs_playoff_final_results": 9.291573524475098,
      "rank_mae_eos_standings_vs_playoff_final_results": 3.7333333333333334,
      "rank_rmse_eos_standings_vs_playoff_final_results": 6.093712606722878
    }
  },
  "test_metrics_model_a": {
    "ndcg": 0.584214667261924,
    "spearman": 0.4126807563959955,
    "mrr_top2": 1.0,
    "mrr_top4": 1.0,
    "ndcg10": 0.584214667261924,
    "ndcg_at_4": 0.35315119534797357,
    "ndcg_at_12": 0.6279487559665059,
    "ndcg_at_16": 0.629174455972109,
    "ndcg_at_20": 0.6297713525231149,
    "roc_auc_upset": 0.7410714285714286
  },
  "test_metrics_model_b": {
    "ndcg": 0.5619836988258433,
    "spearman": 0.43003337041156836,
    "mrr_top2": 0.5,
    "mrr_top4": 0.5,
    "ndcg10": 0.5619836988258433,
    "ndcg_at_4": 0.4437410146181249,
    "ndcg_at_12": 0.561858872515484,
    "ndcg_at_16": 0.5670914683622055,
    "ndcg_at_20": 0.6040639261809493,
    "roc_auc_upset": 0.8125
  },
  "test_metrics_model_c": {
    "ndcg": 0.33348743391404295,
    "spearman": 0.23337041156840932,
    "mrr_top2": 0.16666666666666666,
    "mrr_top4": 0.16666666666666666,
    "ndcg10": 0.33348743391404295,
    "ndcg_at_4": 0.001111095381373398,
    "ndcg_at_12": 0.3389077264996702,
    "ndcg_at_16": 0.3596643455146382,
    "ndcg_at_20": 0.37000033942981986,
    "roc_auc_upset": 0.7633928571428571
  },
  "test_metrics_by_conference": {
    "E": {
      "ndcg": 0.4050499105369627,
      "spearman": 0.23928571428571427
    },
    "W": {
      "ndcg": 0.9158491180196829,
      "spearman": 0.5785714285714285
    }
  },
  "notes": {
    "eos_rank_source": "eos_final_rank"
  }
}