{
  "notes": {
    "eval_on": "test",
    "eos_rank_source": "eos_final_rank",
    "upset_definition": "sleeper = EOS_global_rank > predicted_strength",
    "mrr_top2": "1/rank of first team in top 2 (champion+runner-up) in predicted order.",
    "mrr_top4": "1/rank of first team in top 4 (conference finals) in predicted order.",
    "per_conference_relevance": "Within E/W: actual rank derived from EOS_global_rank (1=best in conf); NDCG/Spearman use this relevance.",
    "playoff_metrics": "Spearman (pred global vs playoff_final_results), NDCG@4 (final four), Brier (champion vs odds). rank_mae/rank_rmse: pred vs playoff_final_results; eos_standings vs playoff_final_results (baseline)."
  },
  "split_info": {
    "train_frac": 0.75,
    "n_train_dates": 141,
    "n_test_dates": 36,
    "split_mode": "seasons"
  },
  "test_metrics_ensemble": {
    "ndcg": 0.48094781706612844,
    "spearman": 0.4282536151279199,
    "mrr_top2": 0.5,
    "mrr_top4": 0.5,
    "ndcg10": 0.48094781706612844,
    "ndcg_at_4": 0.46437685999867345,
    "ndcg_at_12": 0.5250615528463894,
    "ndcg_at_16": 0.5250429736565101,
    "ndcg_at_20": 0.5262622787554603,
    "roc_auc_upset": 0.7737556561085973,
    "rank_mae_pred_vs_playoff_final_results": 7.133333206176758,
    "rank_rmse_pred_vs_playoff_final_results": 9.25562858581543,
    "rank_mae_eos_standings_vs_playoff_final_results": 3.1333333333333333,
    "rank_rmse_eos_standings_vs_playoff_final_results": 4.449719092257398,
    "playoff_metrics": {
      "spearman_pred_vs_playoff_final_results": 0.4202447163515017,
      "ndcg_at_4_final_four": 0.4643768342304213,
      "ndcg10_pred_vs_playoff_final_results": 0.4809366374835656,
      "brier_championship_odds": 0.03222232684493065,
      "rank_mae_pred_vs_playoff_final_results": 7.133333206176758,
      "rank_rmse_pred_vs_playoff_final_results": 9.25562858581543,
      "rank_mae_eos_standings_vs_playoff_final_results": 3.1333333333333333,
      "rank_rmse_eos_standings_vs_playoff_final_results": 4.449719092257398
    }
  },
  "test_metrics_model_a": {
    "ndcg": 0.48094781706612844,
    "spearman": 0.4313681868743047,
    "mrr_top2": 0.5,
    "mrr_top4": 0.5,
    "ndcg10": 0.48094781706612844,
    "ndcg_at_4": 0.46437685999867345,
    "ndcg_at_12": 0.5264641502566705,
    "ndcg_at_16": 0.5264454634792064,
    "ndcg_at_20": 0.5276647624096958,
    "roc_auc_upset": 0.7737556561085973
  },
  "test_metrics_model_b": {
    "ndcg": 0.16744612903542058,
    "spearman": 0.5114571746384872,
    "mrr_top2": 0.2,
    "mrr_top4": 0.2,
    "ndcg10": 0.16744612903542058,
    "ndcg_at_4": 0.04166423104576856,
    "ndcg_at_12": 0.1675334798558363,
    "ndcg_at_16": 0.23003500951858813,
    "ndcg_at_20": 0.2300349558283289,
    "roc_auc_upset": 0.832535885167464
  },
  "test_metrics_model_c": {
    "ndcg": 0.05139534647930671,
    "spearman": 0.3125695216907675,
    "mrr_top2": 0.07142857142857142,
    "mrr_top4": 0.2,
    "ndcg10": 0.05139534647930671,
    "ndcg_at_4": 0.0072603807417201014,
    "ndcg_at_12": 0.05704448895120833,
    "ndcg_at_16": 0.17989573678693135,
    "ndcg_at_20": 0.18229344888290439,
    "roc_auc_upset": 0.8214285714285714
  },
  "test_metrics_by_conference": {
    "E": {
      "ndcg": 0.25857054067368296,
      "spearman": 0.1964285714285714
    },
    "W": {
      "ndcg": 0.7377325343055607,
      "spearman": 0.6642857142857141
    }
  },
  "by_season": {
    "2023-24": {
      "test_metrics_ensemble": {
        "ndcg": 0.584214667261924,
        "spearman": 0.42380422691879865,
        "mrr_top2": 1.0,
        "mrr_top4": 1.0,
        "ndcg10": 0.584214667261924,
        "ndcg_at_4": 0.35315119534797357,
        "ndcg_at_12": 0.6279487559665059,
        "ndcg_at_16": 0.629174455972109,
        "ndcg_at_20": 0.6297713525231149,
        "roc_auc_upset": 0.7321428571428572,
        "rank_mae_pred_vs_playoff_final_results": 7.400000095367432,
        "rank_rmse_pred_vs_playoff_final_results": 9.291573524475098,
        "rank_mae_eos_standings_vs_playoff_final_results": 3.7333333333333334,
        "rank_rmse_eos_standings_vs_playoff_final_results": 6.093712606722878,
        "playoff_metrics": {
          "spearman_pred_vs_playoff_final_results": 0.4407119021134594,
          "ndcg_at_4_final_four": 0.35315119534797357,
          "ndcg10_pred_vs_playoff_final_results": 0.5842196793305052,
          "brier_championship_odds": 0.03222232684493065,
          "rank_mae_pred_vs_playoff_final_results": 7.400000095367432,
          "rank_rmse_pred_vs_playoff_final_results": 9.291573524475098,
          "rank_mae_eos_standings_vs_playoff_final_results": 3.7333333333333334,
          "rank_rmse_eos_standings_vs_playoff_final_results": 6.093712606722878
        }
      },
      "test_metrics_model_a": {
        "ndcg": 0.584214667261924,
        "spearman": 0.4126807563959955,
        "mrr_top2": 1.0,
        "mrr_top4": 1.0,
        "ndcg10": 0.584214667261924,
        "ndcg_at_4": 0.35315119534797357,
        "ndcg_at_12": 0.6279487559665059,
        "ndcg_at_16": 0.629174455972109,
        "ndcg_at_20": 0.6297713525231149,
        "roc_auc_upset": 0.7410714285714286
      },
      "test_metrics_model_b": {
        "ndcg": 0.5619836988258433,
        "spearman": 0.43003337041156836,
        "mrr_top2": 0.5,
        "mrr_top4": 0.5,
        "ndcg10": 0.5619836988258433,
        "ndcg_at_4": 0.4437410146181249,
        "ndcg_at_12": 0.561858872515484,
        "ndcg_at_16": 0.5670914683622055,
        "ndcg_at_20": 0.6040639261809493,
        "roc_auc_upset": 0.8125
      },
      "test_metrics_model_c": {
        "ndcg": 0.33348743391404295,
        "spearman": 0.23337041156840932,
        "mrr_top2": 0.16666666666666666,
        "mrr_top4": 0.16666666666666666,
        "ndcg10": 0.33348743391404295,
        "ndcg_at_4": 0.001111095381373398,
        "ndcg_at_12": 0.3389077264996702,
        "ndcg_at_16": 0.3596643455146382,
        "ndcg_at_20": 0.37000033942981986,
        "roc_auc_upset": 0.7633928571428571
      },
      "test_metrics_by_conference": {
        "E": {
          "ndcg": 0.4050499105369627,
          "spearman": 0.23928571428571427
        },
        "W": {
          "ndcg": 0.9158491180196829,
          "spearman": 0.5785714285714285
        }
      },
      "notes": {
        "eos_rank_source": "eos_final_rank"
      }
    },
    "2024-25": {
      "test_metrics_ensemble": {
        "ndcg": 0.48094781706612844,
        "spearman": 0.4282536151279199,
        "mrr_top2": 0.5,
        "mrr_top4": 0.5,
        "ndcg10": 0.48094781706612844,
        "ndcg_at_4": 0.46437685999867345,
        "ndcg_at_12": 0.5250615528463894,
        "ndcg_at_16": 0.5250429736565101,
        "ndcg_at_20": 0.5262622787554603,
        "roc_auc_upset": 0.7737556561085973,
        "rank_mae_pred_vs_playoff_final_results": 7.133333206176758,
        "rank_rmse_pred_vs_playoff_final_results": 9.25562858581543,
        "rank_mae_eos_standings_vs_playoff_final_results": 3.1333333333333333,
        "rank_rmse_eos_standings_vs_playoff_final_results": 4.449719092257398,
        "playoff_metrics": {
          "spearman_pred_vs_playoff_final_results": 0.4202447163515017,
          "ndcg_at_4_final_four": 0.4643768342304213,
          "ndcg10_pred_vs_playoff_final_results": 0.4809366374835656,
          "brier_championship_odds": 0.03222232684493065,
          "rank_mae_pred_vs_playoff_final_results": 7.133333206176758,
          "rank_rmse_pred_vs_playoff_final_results": 9.25562858581543,
          "rank_mae_eos_standings_vs_playoff_final_results": 3.1333333333333333,
          "rank_rmse_eos_standings_vs_playoff_final_results": 4.449719092257398
        }
      },
      "test_metrics_model_a": {
        "ndcg": 0.48094781706612844,
        "spearman": 0.4313681868743047,
        "mrr_top2": 0.5,
        "mrr_top4": 0.5,
        "ndcg10": 0.48094781706612844,
        "ndcg_at_4": 0.46437685999867345,
        "ndcg_at_12": 0.5264641502566705,
        "ndcg_at_16": 0.5264454634792064,