{
  "test_metrics_ensemble": {
    "ndcg": 0.48094781706612844,
    "spearman": 0.4282536151279199,
    "mrr_top2": 0.5,
    "mrr_top4": 0.5,
    "ndcg10": 0.48094781706612844,
    "ndcg_at_4": 0.46437685999867345,
    "ndcg_at_12": 0.5250615528463894,
    "ndcg_at_16": 0.5250429736565101,
    "ndcg_at_20": 0.5262622787554603,
    "roc_auc_upset": 0.7737556561085973,
    "rank_mae_pred_vs_playoff_final_results": 7.133333206176758,
    "rank_rmse_pred_vs_playoff_final_results": 9.25562858581543,
    "rank_mae_eos_standings_vs_playoff_final_results": 3.1333333333333333,
    "rank_rmse_eos_standings_vs_playoff_final_results": 4.449719092257398,
    "playoff_metrics": {
      "spearman_pred_vs_playoff_final_results": 0.4202447163515017,
      "ndcg_at_4_final_four": 0.4643768342304213,
      "ndcg10_pred_vs_playoff_final_results": 0.4809366374835656,
      "brier_championship_odds": 0.03222232684493065,
      "rank_mae_pred_vs_playoff_final_results": 7.133333206176758,
      "rank_rmse_pred_vs_playoff_final_results": 9.25562858581543,
      "rank_mae_eos_standings_vs_playoff_final_results": 3.1333333333333333,
      "rank_rmse_eos_standings_vs_playoff_final_results": 4.449719092257398
    }
  },
  "test_metrics_model_a": {
    "ndcg": 0.48094781706612844,
    "spearman": 0.4313681868743047,
    "mrr_top2": 0.5,
    "mrr_top4": 0.5,
    "ndcg10": 0.48094781706612844,
    "ndcg_at_4": 0.46437685999867345,
    "ndcg_at_12": 0.5264641502566705,
    "ndcg_at_16": 0.5264454634792064,
    "ndcg_at_20": 0.5276647624096958,
    "roc_auc_upset": 0.7737556561085973
  },
  "test_metrics_model_b": {
    "ndcg": 0.16744612903542058,
    "spearman": 0.5114571746384872,
    "mrr_top2": 0.2,
    "mrr_top4": 0.2,
    "ndcg10": 0.16744612903542058,
    "ndcg_at_4": 0.04166423104576856,
    "ndcg_at_12": 0.1675334798558363,
    "ndcg_at_16": 0.23003500951858813,
    "ndcg_at_20": 0.2300349558283289,
    "roc_auc_upset": 0.832535885167464
  },
  "test_metrics_model_c": {
    "ndcg": 0.05139534647930671,
    "spearman": 0.3125695216907675,
    "mrr_top2": 0.07142857142857142,
    "mrr_top4": 0.2,
    "ndcg10": 0.05139534647930671,
    "ndcg_at_4": 0.0072603807417201014,
    "ndcg_at_12": 0.05704448895120833,
    "ndcg_at_16": 0.17989573678693135,
    "ndcg_at_20": 0.18229344888290439,
    "roc_auc_upset": 0.8214285714285714
  },
  "test_metrics_by_conference": {
    "E": {
      "ndcg": 0.25857054067368296,
      "spearman": 0.1964285714285714
    },
    "W": {
      "ndcg": 0.7377325343055607,
      "spearman": 0.6642857142857141
    }
  },
  "notes": {
    "eos_rank_source": "eos_final_rank"
  }
}