{
  "test_metrics_ensemble": {
    "ndcg": 0.4860100915716091,
    "spearman": 0.4705228031145718,
    "mrr_top2": 0.5,
    "mrr_top4": 0.5,
    "ndcg10": 0.4860100915716091,
    "ndcg_at_4": 0.4645175546554888,
    "ndcg_at_12": 0.48623767634377385,
    "ndcg_at_16": 0.5277842702310115,
    "ndcg_at_20": 0.5313471677864624,
    "roc_auc_upset": 0.8035714285714285,
    "rank_mae_pred_vs_playoff_final_results": 7.0,
    "rank_rmse_pred_vs_playoff_final_results": 8.906926155090332,
    "rank_mae_eos_standings_vs_playoff_final_results": 3.1333333333333333,
    "rank_rmse_eos_standings_vs_playoff_final_results": 4.449719092257398,
    "playoff_metrics": {
      "spearman_pred_vs_playoff_final_results": 0.4589543937708565,
      "ndcg_at_4_final_four": 0.4645175546554888,
      "ndcg10_pred_vs_playoff_final_results": 0.48599894092517176,
      "brier_championship_odds": 0.03222232684493065,
      "rank_mae_pred_vs_playoff_final_results": 7.0,
      "rank_rmse_pred_vs_playoff_final_results": 8.906926155090332,
      "rank_mae_eos_standings_vs_playoff_final_results": 3.1333333333333333,
      "rank_rmse_eos_standings_vs_playoff_final_results": 4.449719092257398
    }
  },
  "test_metrics_model_a": {
    "ndcg": 0.4860100915716091,
    "spearman": 0.4705228031145718,
    "mrr_top2": 0.5,
    "mrr_top4": 0.5,
    "ndcg10": 0.4860100915716091,
    "ndcg_at_4": 0.4645175546554888,
    "ndcg_at_12": 0.48623767634377385,
    "ndcg_at_16": 0.5277842702310115,
    "ndcg_at_20": 0.5313471677864624,
    "roc_auc_upset": 0.8035714285714285
  },
  "test_metrics_model_b": {
    "ndcg": 0.3616963748664193,
    "spearman": 0.6169076751946607,
    "mrr_top2": 0.16666666666666666,
    "mrr_top4": 0.16666666666666666,
    "ndcg10": 0.3616963748664193,
    "ndcg_at_4": 0.04166423104576856,
    "ndcg_at_12": 0.3622874356380605,
    "ndcg_at_16": 0.42514943646478953,
    "ndcg_at_20": 0.42522595412690695,
    "roc_auc_upset": 0.7149321266968326
  },
  "test_metrics_model_c": {
    "ndcg": 0.05711942387129425,
    "spearman": 0.31568409343715237,
    "mrr_top2": 0.06666666666666667,
    "mrr_top4": 0.2,
    "ndcg10": 0.05711942387129425,
    "ndcg_at_4": 0.00711064040423231,
    "ndcg_at_12": 0.057104609154267565,
    "ndcg_at_16": 0.1780208589406524,
    "ndcg_at_20": 0.18041872624821054,
    "roc_auc_upset": 0.8169642857142857
  },
  "test_metrics_by_conference": {
    "E": {
      "ndcg": 0.29621288306423854,
      "spearman": 0.2714285714285714
    },
    "W": {
      "ndcg": 0.7505337657243399,
      "spearman": 0.6857142857142856
    }
  },
  "notes": {
    "eos_rank_source": "eos_final_rank"
  }
}