{
  "test_metrics_ensemble": {
    "ndcg": 0.6120434477755406,
    "spearman": 0.41090100111234706,
    "mrr_top2": 1.0,
    "mrr_top4": 1.0,
    "ndcg10": 0.6120434477755406,
    "ndcg_at_4": 0.35315119534797357,
    "ndcg_at_12": 0.6189166015000717,
    "ndcg_at_16": 0.6188755253857903,
    "ndcg_at_20": 0.6194904051750273,
    "roc_auc_upset": 0.7546296296296297,
    "rank_mae_pred_vs_playoff_final_results": 7.5333333015441895,
    "rank_rmse_pred_vs_playoff_final_results": 9.395034790039062,
    "rank_mae_eos_standings_vs_playoff_final_results": 3.7333333333333334,
    "rank_rmse_eos_standings_vs_playoff_final_results": 6.093712606722878,
    "playoff_metrics": {
      "spearman_pred_vs_playoff_final_results": 0.44471635150166855,
      "ndcg_at_4_final_four": 0.35315119534797357,
      "ndcg10_pred_vs_playoff_final_results": 0.6120484598441219,
      "brier_championship_odds": 0.03222232684493065,
      "rank_mae_pred_vs_playoff_final_results": 7.5333333015441895,
      "rank_rmse_pred_vs_playoff_final_results": 9.395034790039062,
      "rank_mae_eos_standings_vs_playoff_final_results": 3.7333333333333334,
      "rank_rmse_eos_standings_vs_playoff_final_results": 6.093712606722878
    }
  },
  "test_metrics_model_a": {
    "ndcg": 0.6120434477755406,
    "spearman": 0.41090100111234706,
    "mrr_top2": 1.0,
    "mrr_top4": 1.0,
    "ndcg10": 0.6120434477755406,
    "ndcg_at_4": 0.35315119534797357,
    "ndcg_at_12": 0.6189166015000717,
    "ndcg_at_16": 0.6188755253857903,
    "ndcg_at_20": 0.6194904051750273,
    "roc_auc_upset": 0.7546296296296297
  },
  "test_metrics_model_b": {
    "ndcg": 0.7039781946821133,
    "spearman": 0.32769744160177977,
    "mrr_top2": 1.0,
    "mrr_top4": 1.0,
    "ndcg10": 0.7039781946821133,
    "ndcg_at_4": 0.6907114070725182,
    "ndcg_at_12": 0.7915877226568429,
    "ndcg_at_16": 0.7915327442437077,
    "ndcg_at_20": 0.8298344708406942,
    "roc_auc_upset": 0.8222222222222222
  },
  "test_metrics_model_c": {
    "ndcg": 0.3335099094849099,
    "spearman": 0.24404894327030033,
    "mrr_top2": 0.16666666666666666,
    "mrr_top4": 0.16666666666666666,
    "ndcg10": 0.3335099094849099,
    "ndcg_at_4": 0.0011069724610271625,
    "ndcg_at_12": 0.3334230198971147,
    "ndcg_at_16": 0.3595107229202198,
    "ndcg_at_20": 0.36984678641794877,
    "roc_auc_upset": 0.7777777777777778
  },
  "test_metrics_by_conference": {
    "E": {
      "ndcg": 0.4083672068826328,
      "spearman": 0.2928571428571428
    },
    "W": {
      "ndcg": 0.9322282740664924,
      "spearman": 0.557142857142857
    }
  },
  "notes": {
    "eos_rank_source": "eos_final_rank"
  }
}