{
  "notes": {
    "eval_on": "test",
    "eos_rank_source": "eos_final_rank",
    "upset_definition": "sleeper = EOS_global_rank > predicted_strength",
    "mrr_top2": "1/rank of first team in top 2 (champion+runner-up) in predicted order.",
    "mrr_top4": "1/rank of first team in top 4 (conference finals) in predicted order.",
    "per_conference_relevance": "Within E/W: actual rank derived from EOS_global_rank (1=best in conf); NDCG/Spearman use this relevance.",
    "playoff_metrics": "Spearman (pred global vs playoff_final_results), NDCG@4 (final four), Brier (champion vs odds). rank_mae/rank_rmse: pred vs playoff_final_results; eos_standings vs playoff_final_results (baseline)."
  },
  "split_info": {
    "train_frac": 0.75,
    "n_train_dates": 141,
    "n_test_dates": 36,
    "split_mode": "seasons"
  },
  "test_metrics_ensemble": {
    "ndcg": 0.4860100915716091,
    "spearman": 0.4705228031145718,
    "mrr_top2": 0.5,
    "mrr_top4": 0.5,
    "ndcg10": 0.4860100915716091,
    "ndcg_at_4": 0.4645175546554888,
    "ndcg_at_12": 0.48623767634377385,
    "ndcg_at_16": 0.5277842702310115,
    "ndcg_at_20": 0.5313471677864624,
    "roc_auc_upset": 0.8035714285714285,
    "rank_mae_pred_vs_playoff_final_results": 7.0,
    "rank_rmse_pred_vs_playoff_final_results": 8.906926155090332,
    "rank_mae_eos_standings_vs_playoff_final_results": 3.1333333333333333,
    "rank_rmse_eos_standings_vs_playoff_final_results": 4.449719092257398,
    "playoff_metrics": {
      "spearman_pred_vs_playoff_final_results": 0.4589543937708565,
      "ndcg_at_4_final_four": 0.4645175546554888,
      "ndcg10_pred_vs_playoff_final_results": 0.48599894092517176,
      "brier_championship_odds": 0.03222232684493065,
      "rank_mae_pred_vs_playoff_final_results": 7.0,
      "rank_rmse_pred_vs_playoff_final_results": 8.906926155090332,
      "rank_mae_eos_standings_vs_playoff_final_results": 3.1333333333333333,
      "rank_rmse_eos_standings_vs_playoff_final_results": 4.449719092257398
    }
  },
  "test_metrics_model_a": {
    "ndcg": 0.4860100915716091,
    "spearman": 0.4705228031145718,
    "mrr_top2": 0.5,
    "mrr_top4": 0.5,
    "ndcg10": 0.4860100915716091,
    "ndcg_at_4": 0.4645175546554888,
    "ndcg_at_12": 0.48623767634377385,
    "ndcg_at_16": 0.5277842702310115,
    "ndcg_at_20": 0.5313471677864624,
    "roc_auc_upset": 0.8035714285714285
  },
  "test_metrics_model_b": {
    "ndcg": 0.3616963748664193,
    "spearman": 0.6169076751946607,
    "mrr_top2": 0.16666666666666666,
    "mrr_top4": 0.16666666666666666,
    "ndcg10": 0.3616963748664193,
    "ndcg_at_4": 0.04166423104576856,
    "ndcg_at_12": 0.3622874356380605,
    "ndcg_at_16": 0.42514943646478953,
    "ndcg_at_20": 0.42522595412690695,
    "roc_auc_upset": 0.7149321266968326
  },
  "test_metrics_model_c": {
    "ndcg": 0.05711942387129425,
    "spearman": 0.31568409343715237,
    "mrr_top2": 0.06666666666666667,
    "mrr_top4": 0.2,
    "ndcg10": 0.05711942387129425,
    "ndcg_at_4": 0.00711064040423231,
    "ndcg_at_12": 0.057104609154267565,
    "ndcg_at_16": 0.1780208589406524,
    "ndcg_at_20": 0.18041872624821054,
    "roc_auc_upset": 0.8169642857142857
  },
  "test_metrics_by_conference": {
    "E": {
      "ndcg": 0.29621288306423854,
      "spearman": 0.2714285714285714
    },
    "W": {
      "ndcg": 0.7505337657243399,
      "spearman": 0.6857142857142856
    }
  },
  "by_season": {
    "2023-24": {
      "test_metrics_ensemble": {
        "ndcg": 0.6120434477755406,
        "spearman": 0.41090100111234706,
        "mrr_top2": 1.0,
        "mrr_top4": 1.0,
        "ndcg10": 0.6120434477755406,
        "ndcg_at_4": 0.35315119534797357,
        "ndcg_at_12": 0.6189166015000717,
        "ndcg_at_16": 0.6188755253857903,
        "ndcg_at_20": 0.6194904051750273,
        "roc_auc_upset": 0.7546296296296297,
        "rank_mae_pred_vs_playoff_final_results": 7.5333333015441895,
        "rank_rmse_pred_vs_playoff_final_results": 9.395034790039062,
        "rank_mae_eos_standings_vs_playoff_final_results": 3.7333333333333334,
        "rank_rmse_eos_standings_vs_playoff_final_results": 6.093712606722878,
        "playoff_metrics": {
          "spearman_pred_vs_playoff_final_results": 0.44471635150166855,
          "ndcg_at_4_final_four": 0.35315119534797357,
          "ndcg10_pred_vs_playoff_final_results": 0.6120484598441219,
          "brier_championship_odds": 0.03222232684493065,
          "rank_mae_pred_vs_playoff_final_results": 7.5333333015441895,
          "rank_rmse_pred_vs_playoff_final_results": 9.395034790039062,
          "rank_mae_eos_standings_vs_playoff_final_results": 3.7333333333333334,
          "rank_rmse_eos_standings_vs_playoff_final_results": 6.093712606722878
        }
      },
      "test_metrics_model_a": {
        "ndcg": 0.6120434477755406,
        "spearman": 0.41090100111234706,
        "mrr_top2": 1.0,
        "mrr_top4": 1.0,
        "ndcg10": 0.6120434477755406,
        "ndcg_at_4": 0.35315119534797357,
        "ndcg_at_12": 0.6189166015000717,
        "ndcg_at_16": 0.6188755253857903,
        "ndcg_at_20": 0.6194904051750273,
        "roc_auc_upset": 0.7546296296296297
      },
      "test_metrics_model_b": {
        "ndcg": 0.7039781946821133,
        "spearman": 0.32769744160177977,
        "mrr_top2": 1.0,
        "mrr_top4": 1.0,
        "ndcg10": 0.7039781946821133,
        "ndcg_at_4": 0.6907114070725182,
        "ndcg_at_12": 0.7915877226568429,
        "ndcg_at_16": 0.7915327442437077,
        "ndcg_at_20": 0.8298344708406942,
        "roc_auc_upset": 0.8222222222222222
      },
      "test_metrics_model_c": {
        "ndcg": 0.3335099094849099,
        "spearman": 0.24404894327030033,
        "mrr_top2": 0.16666666666666666,
        "mrr_top4": 0.16666666666666666,
        "ndcg10": 0.3335099094849099,
        "ndcg_at_4": 0.0011069724610271625,
        "ndcg_at_12": 0.3334230198971147,
        "ndcg_at_16": 0.3595107229202198,
        "ndcg_at_20": 0.36984678641794877,
        "roc_auc_upset": 0.7777777777777778
      },
      "test_metrics_by_conference": {
        "E": {
          "ndcg": 0.4083672068826328,
          "spearman": 0.2928571428571428
        },
        "W": {
          "ndcg": 0.9322282740664924,
          "spearman": 0.557142857142857
        }
      },
      "notes": {
        "eos_rank_source": "eos_final_rank"
      }
    },
    "2024-25": {
      "test_metrics_ensemble": {
        "ndcg": 0.4860100915716091,
        "spearman": 0.4705228031145718,
        "mrr_top2": 0.5,
        "mrr_top4": 0.5,
        "ndcg10": 0.4860100915716091,
        "ndcg_at_4": 0.4645175546554888,
        "ndcg_at_12": 0.48623767634377385,
        "ndcg_at_16": 0.5277842702310115,
        "ndcg_at_20": 0.5313471677864624,
        "roc_auc_upset": 0.8035714285714285,
        "rank_mae_pred_vs_playoff_final_results": 7.0,
        "rank_rmse_pred_vs_playoff_final_results": 8.906926155090332,
        "rank_mae_eos_standings_vs_playoff_final_results": 3.1333333333333333,
        "rank_rmse_eos_standings_vs_playoff_final_results": 4.449719092257398,
        "playoff_metrics": {
          "spearman_pred_vs_playoff_final_results": 0.4589543937708565,
          "ndcg_at_4_final_four": 0.4645175546554888,
          "ndcg10_pred_vs_playoff_final_results": 0.48599894092517176,
          "brier_championship_odds": 0.03222232684493065,
          "rank_mae_pred_vs_playoff_final_results": 7.0,
          "rank_rmse_pred_vs_playoff_final_results": 8.906926155090332,
          "rank_mae_eos_standings_vs_playoff_final_results": 3.1333333333333333,
          "rank_rmse_eos_standings_vs_playoff_final_results": 4.449719092257398
        }
      },
      "test_metrics_model_a": {
        "ndcg": 0.4860100915716091,
        "spearman": 0.4705228031145718,
        "mrr_top2": 0.5,
        "mrr_top4": 0.5,
        "ndcg10": 0.4860100915716091,
        "ndcg_at_4": 0.4645175546554888,
        "ndcg_at_12": 0.48623767634377385,
        "ndcg_at_16": 0.5277842702310115,