{
  "notes": {
    "eval_on": "test",
    "eos_rank_source": "eos_final_rank",
    "upset_definition": "sleeper = EOS_global_rank > predicted_strength",
    "mrr_top2": "1/rank of first team in top 2 (champion+runner-up) in predicted order.",
    "mrr_top4": "1/rank of first team in top 4 (conference finals) in predicted order.",
    "per_conference_relevance": "Within E/W: actual rank derived from EOS_global_rank (1=best in conf); NDCG/Spearman use this relevance.",
    "playoff_metrics": "Spearman (pred global vs playoff_final_results), NDCG@4 (final four), Brier (champion vs odds). rank_mae/rank_rmse: pred vs playoff_final_results; eos_standings vs playoff_final_results (baseline)."
  },
  "split_info": {
    "train_frac": 0.75,
    "n_train_dates": 141,
    "n_test_dates": 36,
    "split_mode": "seasons"
  },
  "test_metrics_ensemble": {
    "ndcg": 0.4867702461642973,
    "spearman": 0.48787541713014465,
    "mrr_top2": 0.5,
    "mrr_top4": 0.5,
    "ndcg10": 0.4867702461642973,
    "ndcg_at_4": 0.4643944167678145,
    "ndcg_at_12": 0.532285049993824,
    "ndcg_at_16": 0.532266443142486,
    "ndcg_at_20": 0.5357740919221494,
    "roc_auc_upset": 0.7544642857142857,
    "rank_mae_pred_vs_playoff_final_results": 6.800000190734863,
    "rank_rmse_pred_vs_playoff_final_results": 8.759756088256836,
    "rank_mae_eos_standings_vs_playoff_final_results": 3.1333333333333333,
    "rank_rmse_eos_standings_vs_playoff_final_results": 4.449719092257398,
    "playoff_metrics": {
      "spearman_pred_vs_playoff_final_results": 0.4905450500556173,
      "ndcg_at_4_final_four": 0.4643812234227066,
      "ndcg10_pred_vs_playoff_final_results": 0.48675688051642113,
      "brier_championship_odds": 0.03222232684493065,
      "rank_mae_pred_vs_playoff_final_results": 6.800000190734863,
      "rank_rmse_pred_vs_playoff_final_results": 8.759756088256836,
      "rank_mae_eos_standings_vs_playoff_final_results": 3.1333333333333333,
      "rank_rmse_eos_standings_vs_playoff_final_results": 4.449719092257398
    }
  },
  "test_metrics_model_a": {
    "ndcg": 0.4867702461642973,
    "spearman": 0.48787541713014465,
    "mrr_top2": 0.5,
    "mrr_top4": 0.5,
    "ndcg10": 0.4867702461642973,
    "ndcg_at_4": 0.4643944167678145,
    "ndcg_at_12": 0.532285049993824,
    "ndcg_at_16": 0.532266443142486,
    "ndcg_at_20": 0.5357740919221494,
    "roc_auc_upset": 0.7544642857142857
  },
  "test_metrics_model_b": {
    "ndcg": 0.16752637595189138,
    "spearman": 0.5256952169076751,
    "mrr_top2": 0.2,
    "mrr_top4": 0.2,
    "ndcg10": 0.16752637595189138,
    "ndcg_at_4": 0.04166423104576856,
    "ndcg_at_12": 0.16749343407719353,
    "ndcg_at_16": 0.23046873241884416,
    "ndcg_at_20": 0.37834887783352233,
    "roc_auc_upset": 0.7799043062200957
  },
  "test_metrics_model_c": {
    "ndcg": 0.05304264223120525,
    "spearman": 0.31835372636262516,
    "mrr_top2": 0.06666666666666667,
    "mrr_top4": 0.2,
    "ndcg10": 0.05304264223120525,
    "ndcg_at_4": 0.0072603807417201014,
    "ndcg_at_12": 0.058691352012581785,
    "ndcg_at_16": 0.17960748008632796,
    "ndcg_at_20": 0.18200519345011773,
    "roc_auc_upset": 0.8169642857142857
  },
  "test_metrics_by_conference": {
    "E": {
      "ndcg": 0.2765773382095607,
      "spearman": 0.28571428571428564
    },
    "W": {
      "ndcg": 0.7510045643067997,
      "spearman": 0.6428571428571428
    }
  },
  "by_season": {
    "2023-24": {
      "test_metrics_ensemble": {
        "ndcg": 0.5483356035245887,
        "spearman": 0.3793103448275862,
        "mrr_top2": 1.0,
        "mrr_top4": 1.0,
        "ndcg10": 0.5483356035245887,
        "ndcg_at_4": 0.35315119534797357,
        "ndcg_at_12": 0.5934913761796443,
        "ndcg_at_16": 0.5947499534577037,
        "ndcg_at_20": 0.5953558809166501,
        "roc_auc_upset": 0.7375565610859729,
        "rank_mae_pred_vs_playoff_final_results": 7.933333396911621,
        "rank_rmse_pred_vs_playoff_final_results": 9.643651008605957,
        "rank_mae_eos_standings_vs_playoff_final_results": 3.7333333333333334,
        "rank_rmse_eos_standings_vs_playoff_final_results": 6.093712606722878,
        "playoff_metrics": {
          "spearman_pred_vs_playoff_final_results": 0.4064516129032258,
          "ndcg_at_4_final_four": 0.35315119534797357,
          "ndcg10_pred_vs_playoff_final_results": 0.5483338096347741,
          "brier_championship_odds": 0.03222232684493065,
          "rank_mae_pred_vs_playoff_final_results": 7.933333396911621,
          "rank_rmse_pred_vs_playoff_final_results": 9.643651008605957,
          "rank_mae_eos_standings_vs_playoff_final_results": 3.7333333333333334,
          "rank_rmse_eos_standings_vs_playoff_final_results": 6.093712606722878
        }
      },
      "test_metrics_model_a": {
        "ndcg": 0.5483356035245887,
        "spearman": 0.37352614015572855,
        "mrr_top2": 1.0,
        "mrr_top4": 1.0,
        "ndcg10": 0.5483356035245887,
        "ndcg_at_4": 0.35315119534797357,
        "ndcg_at_12": 0.5934913761796443,
        "ndcg_at_16": 0.5947499534577037,
        "ndcg_at_20": 0.5953558789885032,
        "roc_auc_upset": 0.7420814479638009
      },
      "test_metrics_model_b": {
        "ndcg": 0.5711042714004909,
        "spearman": 0.33926585094549494,
        "mrr_top2": 0.5,
        "mrr_top4": 0.5,
        "ndcg10": 0.5711042714004909,
        "ndcg_at_4": 0.4646538243780074,
        "ndcg_at_12": 0.5709763807309057,
        "ndcg_at_16": 0.5710146438919106,
        "ndcg_at_20": 0.5757089581438151,
        "roc_auc_upset": 0.78125
      },
      "test_metrics_model_c": {
        "ndcg": 0.33348743391404295,
        "spearman": 0.2525027808676307,
        "mrr_top2": 0.16666666666666666,
        "mrr_top4": 0.16666666666666666,
        "ndcg10": 0.33348743391404295,
        "ndcg_at_4": 0.001111095381373398,
        "ndcg_at_12": 0.3389077264996702,
        "ndcg_at_16": 0.360207631502753,
        "ndcg_at_20": 0.3705436230284426,
        "roc_auc_upset": 0.8044444444444445
      },
      "test_metrics_by_conference": {
        "E": {
          "ndcg": 0.385128810110248,
          "spearman": 0.25
        },
        "W": {
          "ndcg": 0.9250814924538788,
          "spearman": 0.5357142857142856
        }
      },
      "notes": {
        "eos_rank_source": "eos_final_rank"
      }
    },
    "2024-25": {
      "test_metrics_ensemble": {
        "ndcg": 0.4867702461642973,
        "spearman": 0.48787541713014465,
        "mrr_top2": 0.5,
        "mrr_top4": 0.5,
        "ndcg10": 0.4867702461642973,
        "ndcg_at_4": 0.4643944167678145,
        "ndcg_at_12": 0.532285049993824,
        "ndcg_at_16": 0.532266443142486,
        "ndcg_at_20": 0.5357740919221494,
        "roc_auc_upset": 0.7544642857142857,
        "rank_mae_pred_vs_playoff_final_results": 6.800000190734863,
        "rank_rmse_pred_vs_playoff_final_results": 8.759756088256836,
        "rank_mae_eos_standings_vs_playoff_final_results": 3.1333333333333333,
        "rank_rmse_eos_standings_vs_playoff_final_results": 4.449719092257398,
        "playoff_metrics": {
          "spearman_pred_vs_playoff_final_results": 0.4905450500556173,
          "ndcg_at_4_final_four": 0.4643812234227066,
          "ndcg10_pred_vs_playoff_final_results": 0.48675688051642113,
          "brier_championship_odds": 0.03222232684493065,
          "rank_mae_pred_vs_playoff_final_results": 6.800000190734863,
          "rank_rmse_pred_vs_playoff_final_results": 8.759756088256836,
          "rank_mae_eos_standings_vs_playoff_final_results": 3.1333333333333333,
          "rank_rmse_eos_standings_vs_playoff_final_results": 4.449719092257398
        }
      },
      "test_metrics_model_a": {
        "ndcg": 0.4867702461642973,
        "spearman": 0.48787541713014465,
        "mrr_top2": 0.5,
        "mrr_top4": 0.5,
        "ndcg10": 0.4867702461642973,
        "ndcg_at_4": 0.4643944167678145,
        "ndcg_at_12": 0.532285049993824,
        "ndcg_at_16": 0.532266443142486,