{
  "test_metrics_ensemble": {
    "ndcg": 0.5576489211580822,
    "spearman": 0.4042269187986652,
    "mrr_top2": 1.0,
    "mrr_top4": 1.0,
    "ndcg10": 0.5576489211580822,
    "ndcg_at_4": 0.35315119534797357,
    "ndcg_at_12": 0.6013899878122022,
    "ndcg_at_16": 0.602627405243742,
    "ndcg_at_20": 0.6032332425635496,
    "roc_auc_upset": 0.7991071428571429,
    "rank_mae_pred_vs_playoff_final_results": 7.400000095367432,
    "rank_rmse_pred_vs_playoff_final_results": 9.448103904724121,
    "rank_mae_eos_standings_vs_playoff_final_results": 3.7333333333333334,
    "rank_rmse_eos_standings_vs_playoff_final_results": 6.093712606722878,
    "playoff_metrics": {
      "spearman_pred_vs_playoff_final_results": 0.4513904338153503,
      "ndcg_at_4_final_four": 0.35315119534797357,
      "ndcg10_pred_vs_playoff_final_results": 0.5576539332266636,
      "brier_championship_odds": 0.03222232684493065,
      "rank_mae_pred_vs_playoff_final_results": 7.400000095367432,
      "rank_rmse_pred_vs_playoff_final_results": 9.448103904724121,
      "rank_mae_eos_standings_vs_playoff_final_results": 3.7333333333333334,
      "rank_rmse_eos_standings_vs_playoff_final_results": 6.093712606722878
    }
  },
  "test_metrics_model_a": {
    "ndcg": 0.5576489211580822,
    "spearman": 0.4082313681868743,
    "mrr_top2": 1.0,
    "mrr_top4": 1.0,
    "ndcg10": 0.5576489211580822,
    "ndcg_at_4": 0.35315119534797357,
    "ndcg_at_12": 0.6013899878122022,
    "ndcg_at_16": 0.6032384519277342,
    "ndcg_at_20": 0.6032453262360147,
    "roc_auc_upset": 0.7737556561085973
  },
  "test_metrics_model_b": {
    "ndcg": 0.5663539088601461,
    "spearman": 0.4291434927697442,
    "mrr_top2": 0.5,
    "mrr_top4": 0.5,
    "ndcg10": 0.5663539088601461,
    "ndcg_at_4": 0.4646538243780074,
    "ndcg_at_12": 0.5662936259833413,
    "ndcg_at_16": 0.6059993902246701,
    "ndcg_at_20": 0.6108691264150994,
    "roc_auc_upset": 0.7782805429864253
  },
  "test_metrics_model_c": {
    "ndcg": 0.3335099094849099,
    "spearman": 0.23559510567296996,
    "mrr_top2": 0.16666666666666666,
    "mrr_top4": 0.16666666666666666,
    "ndcg10": 0.3335099094849099,
    "ndcg_at_4": 0.0011069724610271625,
    "ndcg_at_12": 0.3389081203242068,
    "ndcg_at_16": 0.3596647393089661,
    "ndcg_at_20": 0.3700007332224158,
    "roc_auc_upset": 0.7633928571428571
  },
  "test_metrics_by_conference": {
    "E": {
      "ndcg": 0.4050499105369627,
      "spearman": 0.25357142857142856
    },
    "W": {
      "ndcg": 0.9223575179360517,
      "spearman": 0.5392857142857141
    }
  },
  "notes": {
    "eos_rank_source": "eos_final_rank"
  }
}