{
  "test_metrics_ensemble": {
    "ndcg": 0.4860542779053957,
    "spearman": 0.47185761957730815,
    "mrr_top2": 0.5,
    "mrr_top4": 0.5,
    "ndcg10": 0.4860542779053957,
    "ndcg_at_4": 0.4643519436832566,
    "ndcg_at_12": 0.4863019405612881,
    "ndcg_at_16": 0.5301580383290878,
    "ndcg_at_20": 0.5325039904728438,
    "roc_auc_upset": 0.7633928571428571,
    "rank_mae_pred_vs_playoff_final_results": 6.933333396911621,
    "rank_rmse_pred_vs_playoff_final_results": 8.895691871643066,
    "rank_mae_eos_standings_vs_playoff_final_results": 3.1333333333333333,
    "rank_rmse_eos_standings_vs_playoff_final_results": 4.449719092257398,
    "playoff_metrics": {
      "spearman_pred_vs_playoff_final_results": 0.4513904338153503,
      "ndcg_at_4_final_four": 0.46433662668392073,
      "ndcg10_pred_vs_playoff_final_results": 0.48603879709100745,
      "brier_championship_odds": 0.03222232684493065,
      "rank_mae_pred_vs_playoff_final_results": 6.933333396911621,
      "rank_rmse_pred_vs_playoff_final_results": 8.895691871643066,
      "rank_mae_eos_standings_vs_playoff_final_results": 3.1333333333333333,
      "rank_rmse_eos_standings_vs_playoff_final_results": 4.449719092257398
    }
  },
  "test_metrics_model_a": {
    "ndcg": 0.4860542779053957,
    "spearman": 0.46206896551724136,
    "mrr_top2": 0.5,
    "mrr_top4": 0.5,
    "ndcg10": 0.4860542779053957,
    "ndcg_at_4": 0.4643519436832566,
    "ndcg_at_12": 0.4863019405612881,
    "ndcg_at_16": 0.5289165469496698,
    "ndcg_at_20": 0.5324794395251172,
    "roc_auc_upset": 0.7678571428571428
  },
  "test_metrics_model_b": {
    "ndcg": 0.16619710541230373,
    "spearman": 0.5181312569521691,
    "mrr_top2": 0.2,
    "mrr_top4": 0.2,
    "ndcg10": 0.16619710541230373,
    "ndcg_at_4": 0.04029517653159447,
    "ndcg_at_12": 0.18810759038456568,
    "ndcg_at_16": 0.22969872072767064,
    "ndcg_at_20": 0.22970310438106734,
    "roc_auc_upset": 0.7655502392344498
  },
  "test_metrics_model_c": {
    "ndcg": 0.05124995751403931,
    "spearman": 0.3196885428253615,
    "mrr_top2": 0.07142857142857142,
    "mrr_top4": 0.2,
    "ndcg10": 0.05124995751403931,
    "ndcg_at_4": 0.00711064040423231,
    "ndcg_at_12": 0.056899138174850025,
    "ndcg_at_16": 0.18061907061753987,
    "ndcg_at_20": 0.18301677953213064,
    "roc_auc_upset": 0.8169642857142857
  },
  "test_metrics_by_conference": {
    "E": {
      "ndcg": 0.24405195619643236,
      "spearman": 0.1928571428571428
    },
    "W": {
      "ndcg": 0.7723141400583361,
      "spearman": 0.6928571428571427
    }
  },
  "notes": {
    "eos_rank_source": "eos_final_rank"
  }
}