{
  "test_metrics_ensemble": {
    "ndcg": 0.5574059672872763,
    "spearman": 0.39488320355951056,
    "mrr_top2": 1.0,
    "mrr_top4": 1.0,
    "ndcg10": 0.5574059672872763,
    "ndcg_at_4": 0.35315119534797357,
    "ndcg_at_12": 0.602560696100867,
    "ndcg_at_16": 0.6044390541019566,
    "ndcg_at_20": 0.6044454421047929,
    "roc_auc_upset": 0.7828054298642533,
    "rank_mae_pred_vs_playoff_final_results": 7.5333333015441895,
    "rank_rmse_pred_vs_playoff_final_results": 9.521903991699219,
    "rank_mae_eos_standings_vs_playoff_final_results": 3.7333333333333334,
    "rank_rmse_eos_standings_vs_playoff_final_results": 6.093712606722878,
    "playoff_metrics": {
      "spearman_pred_vs_playoff_final_results": 0.4674082313681869,
      "ndcg_at_4_final_four": 0.35315119534797357,
      "ndcg10_pred_vs_playoff_final_results": 0.5574112165865631,
      "brier_championship_odds": 0.03222232684493065,
      "rank_mae_pred_vs_playoff_final_results": 7.5333333015441895,
      "rank_rmse_pred_vs_playoff_final_results": 9.521903991699219,
      "rank_mae_eos_standings_vs_playoff_final_results": 3.7333333333333334,
      "rank_rmse_eos_standings_vs_playoff_final_results": 6.093712606722878
    }
  },
  "test_metrics_model_a": {
    "ndcg": 0.5480267151016321,
    "spearman": 0.3793103448275862,
    "mrr_top2": 1.0,
    "mrr_top4": 1.0,
    "ndcg10": 0.5480267151016321,
    "ndcg_at_4": 0.35315119534797357,
    "ndcg_at_12": 0.5931839075369183,
    "ndcg_at_16": 0.5950629847936026,
    "ndcg_at_20": 0.595060458618091,
    "roc_auc_upset": 0.7918552036199095
  },
  "test_metrics_model_b": {
    "ndcg": 0.5666962508087642,
    "spearman": 0.4852057842046719,
    "mrr_top2": 0.5,
    "mrr_top4": 0.5,
    "ndcg10": 0.5666962508087642,
    "ndcg_at_4": 0.4437410146181249,
    "ndcg_at_12": 0.5665501635064715,
    "ndcg_at_16": 0.6071850956945779,
    "ndcg_at_20": 0.6118836771010339,
    "roc_auc_upset": 0.76
  },
  "test_metrics_model_c": {
    "ndcg": 0.3335103168238178,
    "spearman": 0.23737486095661847,
    "mrr_top2": 0.16666666666666666,
    "mrr_top4": 0.16666666666666666,
    "ndcg10": 0.3335103168238178,
    "ndcg_at_4": 0.001111095381373398,
    "ndcg_at_12": 0.33890852755612016,
    "ndcg_at_16": 0.3596651465096424,
    "ndcg_at_20": 0.37000114042130106,
    "roc_auc_upset": 0.7633928571428571
  },
  "test_metrics_by_conference": {
    "E": {
      "ndcg": 0.4050499105369627,
      "spearman": 0.23928571428571427
    },
    "W": {
      "ndcg": 0.9220945207085108,
      "spearman": 0.5285714285714286
    }
  },
  "notes": {
    "eos_rank_source": "eos_final_rank"
  }
}