{
  "notes": {
    "eval_on": "test",
    "eos_rank_source": "eos_final_rank",
    "upset_definition": "sleeper = EOS_global_rank > predicted_strength",
    "mrr_top2": "1/rank of first team in top 2 (champion+runner-up) in predicted order.",
    "mrr_top4": "1/rank of first team in top 4 (conference finals) in predicted order.",
    "per_conference_relevance": "Within E/W: actual rank derived from EOS_global_rank (1=best in conf); NDCG/Spearman use this relevance.",
    "playoff_metrics": "Spearman (pred global vs playoff_final_results), NDCG@4 (final four), Brier (champion vs odds). rank_mae/rank_rmse: pred vs playoff_final_results; eos_standings vs playoff_final_results (baseline)."
  },
  "split_info": {
    "train_frac": 0.75,
    "n_train_dates": 141,
    "n_test_dates": 36,
    "split_mode": "seasons"
  },
  "test_metrics_ensemble": {
    "ndcg": 0.5370527377935452,
    "spearman": 0.5381535038932147,
    "mrr_top2": 0.5,
    "mrr_top4": 0.5,
    "ndcg10": 0.5370527377935452,
    "ndcg_at_4": 0.4747879258974167,
    "ndcg_at_12": 0.5372552231846055,
    "ndcg_at_16": 0.5385048460582349,
    "ndcg_at_20": 0.5408554188911627,
    "roc_auc_upset": 0.768888888888889,
    "rank_mae_pred_vs_playoff_final_results": 6.400000095367432,
    "rank_rmse_pred_vs_playoff_final_results": 8.318653106689453,
    "rank_mae_eos_standings_vs_playoff_final_results": 3.1333333333333333,
    "rank_rmse_eos_standings_vs_playoff_final_results": 4.449719092257398,
    "playoff_metrics": {
      "spearman_pred_vs_playoff_final_results": 0.54972191323693,
      "ndcg_at_4_final_four": 0.4747879258974167,
      "ndcg10_pred_vs_playoff_final_results": 0.5370428057085589,
      "brier_championship_odds": 0.03222232684493065,
      "rank_mae_pred_vs_playoff_final_results": 6.400000095367432,
      "rank_rmse_pred_vs_playoff_final_results": 8.318653106689453,
      "rank_mae_eos_standings_vs_playoff_final_results": 3.1333333333333333,
      "rank_rmse_eos_standings_vs_playoff_final_results": 4.449719092257398
    }
  },
  "test_metrics_model_a": {
    "ndcg": 0.5356891068183425,
    "spearman": 0.5256952169076751,
    "mrr_top2": 0.5,
    "mrr_top4": 0.5,
    "ndcg10": 0.5356891068183425,
    "ndcg_at_4": 0.4733834825680338,
    "ndcg_at_12": 0.5355705185500664,
    "ndcg_at_16": 0.5371326523266571,
    "ndcg_at_20": 0.5394455989218707,
    "roc_auc_upset": 0.7777777777777778
  },
  "test_metrics_model_b": {
    "ndcg": 0.16744612903542058,
    "spearman": 0.5995550611790879,
    "mrr_top2": 0.2,
    "mrr_top4": 0.2,
    "ndcg10": 0.16744612903542058,
    "ndcg_at_4": 0.04166423104576856,
    "ndcg_at_12": 0.21270195081541188,
    "ndcg_at_16": 0.23413232107971843,
    "ndcg_at_20": 0.3899035186028345,
    "roc_auc_upset": 0.7955555555555556
  },
  "test_metrics_model_c": {
    "ndcg": 0.05124995751403931,
    "spearman": 0.31123470522803115,
    "mrr_top2": 0.07142857142857142,
    "mrr_top4": 0.2,
    "ndcg10": 0.05124995751403931,
    "ndcg_at_4": 0.00711064040423231,
    "ndcg_at_12": 0.056899138174850025,
    "ndcg_at_16": 0.17975039715984434,
    "ndcg_at_20": 0.18214810989505317,
    "roc_auc_upset": 0.8214285714285714
  },
  "test_metrics_by_conference": {
    "E": {
      "ndcg": 0.34408280759264154,
      "spearman": 0.3321428571428571
    },
    "W": {
      "ndcg": 0.7748716561006616,
      "spearman": 0.7142857142857142
    }
  },
  "by_season": {
    "2023-24": {
      "test_metrics_ensemble": {
        "ndcg": 0.6306640395567109,
        "spearman": 0.47230255839822033,
        "mrr_top2": 1.0,
        "mrr_top4": 1.0,
        "ndcg10": 0.6306640395567109,
        "ndcg_at_4": 0.35315119534797357,
        "ndcg_at_12": 0.6304997244558199,
        "ndcg_at_16": 0.6317554629728929,
        "ndcg_at_20": 0.6323705910881557,
        "roc_auc_upset": 0.6787330316742082,
        "rank_mae_pred_vs_playoff_final_results": 7.066666603088379,
        "rank_rmse_pred_vs_playoff_final_results": 8.89194393157959,
        "rank_mae_eos_standings_vs_playoff_final_results": 3.7333333333333334,
        "rank_rmse_eos_standings_vs_playoff_final_results": 6.093712606722878,
        "playoff_metrics": {
          "spearman_pred_vs_playoff_final_results": 0.47185761957730815,
          "ndcg_at_4_final_four": 0.35315119534797357,
          "ndcg10_pred_vs_playoff_final_results": 0.6306633204023848,
          "brier_championship_odds": 0.03222232684493065,
          "rank_mae_pred_vs_playoff_final_results": 7.066666603088379,
          "rank_rmse_pred_vs_playoff_final_results": 8.89194393157959,
          "rank_mae_eos_standings_vs_playoff_final_results": 3.7333333333333334,
          "rank_rmse_eos_standings_vs_playoff_final_results": 6.093712606722878
        }
      },
      "test_metrics_model_a": {
        "ndcg": 0.6306640395567109,
        "spearman": 0.47230255839822033,
        "mrr_top2": 1.0,
        "mrr_top4": 1.0,
        "ndcg10": 0.6306640395567109,
        "ndcg_at_4": 0.35315119534797357,
        "ndcg_at_12": 0.6304997244558199,
        "ndcg_at_16": 0.6317554629728929,
        "ndcg_at_20": 0.6323705910881557,
        "roc_auc_upset": 0.6787330316742082
      },
      "test_metrics_model_b": {
        "ndcg": 0.8062814887710054,
        "spearman": 0.32591768631813123,
        "mrr_top2": 1.0,
        "mrr_top4": 1.0,
        "ndcg10": 0.8062814887710054,
        "ndcg_at_4": 0.7116242168324007,
        "ndcg_at_12": 0.8060924934497766,
        "ndcg_at_16": 0.8061110123190369,
        "ndcg_at_20": 0.806112426003141,
        "roc_auc_upset": 0.8099547511312217
      },
      "test_metrics_model_c": {
        "ndcg": 0.33348743391404295,
        "spearman": 0.23337041156840932,
        "mrr_top2": 0.16666666666666666,
        "mrr_top4": 0.16666666666666666,
        "ndcg10": 0.33348743391404295,
        "ndcg_at_4": 0.001111095381373398,
        "ndcg_at_12": 0.3389077264996702,
        "ndcg_at_16": 0.3596643455146382,
        "ndcg_at_20": 0.37000033942981986,
        "roc_auc_upset": 0.7633928571428571
      },
      "test_metrics_by_conference": {
        "E": {
          "ndcg": 0.4065672786025889,
          "spearman": 0.3
        },
        "W": {
          "ndcg": 0.9281189312730401,
          "spearman": 0.6428571428571428
        }
      },
      "notes": {
        "eos_rank_source": "eos_final_rank"
      }
    },
    "2024-25": {
      "test_metrics_ensemble": {
        "ndcg": 0.5370527377935452,
        "spearman": 0.5381535038932147,
        "mrr_top2": 0.5,
        "mrr_top4": 0.5,
        "ndcg10": 0.5370527377935452,
        "ndcg_at_4": 0.4747879258974167,
        "ndcg_at_12": 0.5372552231846055,
        "ndcg_at_16": 0.5385048460582349,
        "ndcg_at_20": 0.5408554188911627,
        "roc_auc_upset": 0.768888888888889,
        "rank_mae_pred_vs_playoff_final_results": 6.400000095367432,
        "rank_rmse_pred_vs_playoff_final_results": 8.318653106689453,
        "rank_mae_eos_standings_vs_playoff_final_results": 3.1333333333333333,
        "rank_rmse_eos_standings_vs_playoff_final_results": 4.449719092257398,
        "playoff_metrics": {
          "spearman_pred_vs_playoff_final_results": 0.54972191323693,
          "ndcg_at_4_final_four": 0.4747879258974167,
          "ndcg10_pred_vs_playoff_final_results": 0.5370428057085589,
          "brier_championship_odds": 0.03222232684493065,
          "rank_mae_pred_vs_playoff_final_results": 6.400000095367432,
          "rank_rmse_pred_vs_playoff_final_results": 8.318653106689453,
          "rank_mae_eos_standings_vs_playoff_final_results": 3.1333333333333333,
          "rank_rmse_eos_standings_vs_playoff_final_results": 4.449719092257398
        }
      },
      "test_metrics_model_a": {
        "ndcg": 0.5356891068183425,
        "spearman": 0.5256952169076751,
        "mrr_top2": 0.5,
        "mrr_top4": 0.5,
        "ndcg10": 0.5356891068183425,
        "ndcg_at_4": 0.4733834825680338,
        "ndcg_at_12": 0.5355705185500664,
        "ndcg_at_16": 0.5371326523266571,