{
  "test_metrics_ensemble": {
    "ndcg": 0.5405596464800142,
    "spearman": 0.3699666295884316,
    "mrr_top2": 1.0,
    "mrr_top4": 1.0,
    "ndcg10": 0.5405596464800142,
    "ndcg_at_4": 0.35315119534797357,
    "ndcg_at_12": 0.5857188002691368,
    "ndcg_at_16": 0.5869779737501147,
    "ndcg_at_20": 0.5875839419130858,
    "roc_auc_upset": 0.7633928571428572,
    "rank_mae_pred_vs_playoff_final_results": 7.866666793823242,
    "rank_rmse_pred_vs_playoff_final_results": 9.71596622467041,
    "rank_mae_eos_standings_vs_playoff_final_results": 3.7333333333333334,
    "rank_rmse_eos_standings_vs_playoff_final_results": 6.093712606722878,
    "playoff_metrics": {
      "spearman_pred_vs_playoff_final_results": 0.38509454949944383,
      "ndcg_at_4_final_four": 0.35315119534797357,
      "ndcg10_pred_vs_playoff_final_results": 0.5405648957793009,
      "brier_championship_odds": 0.03222232684493065,
      "rank_mae_pred_vs_playoff_final_results": 7.866666793823242,
      "rank_rmse_pred_vs_playoff_final_results": 9.71596622467041,
      "rank_mae_eos_standings_vs_playoff_final_results": 3.7333333333333334,
      "rank_rmse_eos_standings_vs_playoff_final_results": 6.093712606722878
    }
  },
  "test_metrics_model_a": {
    "ndcg": 0.5405596464800142,
    "spearman": 0.3699666295884316,
    "mrr_top2": 1.0,
    "mrr_top4": 1.0,
    "ndcg10": 0.5405596464800142,
    "ndcg_at_4": 0.35315119534797357,
    "ndcg_at_12": 0.5857188002691368,
    "ndcg_at_16": 0.5869779737501147,
    "ndcg_at_20": 0.5875839419130858,
    "roc_auc_upset": 0.7633928571428572
  },
  "test_metrics_model_b": {
    "ndcg": 0.5696604880023005,
    "spearman": 0.435817575083426,
    "mrr_top2": 0.5,
    "mrr_top4": 0.5,
    "ndcg10": 0.5696604880023005,
    "ndcg_at_4": 0.44093212795935904,
    "ndcg_at_12": 0.5695336452513987,
    "ndcg_at_16": 0.6101723569286843,
    "ndcg_at_20": 0.610174472033194,
    "roc_auc_upset": 0.7276785714285714
  },
  "test_metrics_model_c": {
    "ndcg": 0.333487026575135,
    "spearman": 0.23515016685205786,
    "mrr_top2": 0.16666666666666666,
    "mrr_top4": 0.16666666666666666,
    "ndcg10": 0.333487026575135,
    "ndcg_at_4": 0.0011069724610271625,
    "ndcg_at_12": 0.33890731926775686,
    "ndcg_at_16": 0.35966393831396193,
    "ndcg_at_20": 0.3711507384927367,
    "roc_auc_upset": 0.7633928571428571
  },
  "test_metrics_by_conference": {
    "E": {
      "ndcg": 0.3851402749883562,
      "spearman": 0.25357142857142856
    },
    "W": {
      "ndcg": 0.9151612253331928,
      "spearman": 0.5142857142857142
    }
  },
  "notes": {
    "eos_rank_source": "eos_final_rank"
  }
}