{
  "test_metrics_ensemble": {
    "ndcg": 0.3978396553391762,
    "spearman": 0.4509454949944383,
    "mrr_top2": 0.3333333333333333,
    "mrr_top4": 0.3333333333333333,
    "ndcg10": 0.3978396553391762,
    "ndcg_at_4": 0.37698363165548254,
    "ndcg_at_12": 0.44197522090567637,
    "ndcg_at_16": 0.44196301493288426,
    "ndcg_at_20": 0.445488657826085,
    "roc_auc_upset": 0.7828054298642534,
    "rank_mae_pred_vs_playoff_final_results": 7.266666889190674,
    "rank_rmse_pred_vs_playoff_final_results": 9.070097923278809,
    "rank_mae_eos_standings_vs_playoff_final_results": 3.1333333333333333,
    "rank_rmse_eos_standings_vs_playoff_final_results": 4.449719092257398,
    "playoff_metrics": {
      "spearman_pred_vs_playoff_final_results": 0.4473859844271412,
      "ndcg_at_4_final_four": 0.37698363165548254,
      "ndcg10_pred_vs_playoff_final_results": 0.39782842393182855,
      "brier_championship_odds": 0.03222232684493065,
      "rank_mae_pred_vs_playoff_final_results": 7.266666889190674,
      "rank_rmse_pred_vs_playoff_final_results": 9.070097923278809,
      "rank_mae_eos_standings_vs_playoff_final_results": 3.1333333333333333,
      "rank_rmse_eos_standings_vs_playoff_final_results": 4.449719092257398
    }
  },
  "test_metrics_model_a": {
    "ndcg": 0.3978396553391762,
    "spearman": 0.4509454949944383,
    "mrr_top2": 0.3333333333333333,
    "mrr_top4": 0.3333333333333333,
    "ndcg10": 0.3978396553391762,
    "ndcg_at_4": 0.37698363165548254,
    "ndcg_at_12": 0.44197522090567637,
    "ndcg_at_16": 0.44196301493288426,
    "ndcg_at_20": 0.445488657826085,
    "roc_auc_upset": 0.7828054298642534
  },
  "test_metrics_model_b": {
    "ndcg": 0.15623394579288472,
    "spearman": 0.6102335928809789,
    "mrr_top2": 0.16666666666666666,
    "mrr_top4": 0.16666666666666666,
    "ndcg10": 0.15623394579288472,
    "ndcg_at_4": 0.04029517653159447,
    "ndcg_at_12": 0.22343579033661753,
    "ndcg_at_16": 0.22351272190460014,
    "ndcg_at_20": 0.3738014247289554,
    "roc_auc_upset": 0.7782805429864253
  },
  "test_metrics_model_c": {
    "ndcg": 0.05124995751403931,
    "spearman": 0.30233592880978866,
    "mrr_top2": 0.06666666666666667,
    "mrr_top4": 0.2,
    "ndcg10": 0.05124995751403931,
    "ndcg_at_4": 0.00711064040423231,
    "ndcg_at_12": 0.056899138174850025,
    "ndcg_at_16": 0.17781540372208415,
    "ndcg_at_20": 0.18021312496782235,
    "roc_auc_upset": 0.8258928571428571
  },
  "test_metrics_by_conference": {
    "E": {
      "ndcg": 0.2686232179809201,
      "spearman": 0.2642857142857143
    },
    "W": {
      "ndcg": 0.7363108894201478,
      "spearman": 0.6464285714285712
    }
  },
  "notes": {
    "eos_rank_source": "eos_final_rank"
  }
}