{
  "notes": {
    "eval_on": "test",
    "eos_rank_source": "eos_final_rank",
    "upset_definition": "sleeper = EOS_global_rank > predicted_strength",
    "mrr_top2": "1/rank of first team in top 2 (champion+runner-up) in predicted order.",
    "mrr_top4": "1/rank of first team in top 4 (conference finals) in predicted order.",
    "per_conference_relevance": "Within E/W: actual rank derived from EOS_global_rank (1=best in conf); NDCG/Spearman use this relevance.",
    "playoff_metrics": "Spearman (pred global vs playoff_final_results), NDCG@4 (final four), Brier (champion vs odds). rank_mae/rank_rmse: pred vs playoff_final_results; eos_standings vs playoff_final_results (baseline)."
  },
  "split_info": {
    "train_frac": 0.75,
    "n_train_dates": 141,
    "n_test_dates": 36,
    "split_mode": "seasons"
  },
  "test_metrics_ensemble": {
    "ndcg": 0.3978396553391762,
    "spearman": 0.4509454949944383,
    "mrr_top2": 0.3333333333333333,
    "mrr_top4": 0.3333333333333333,
    "ndcg10": 0.3978396553391762,
    "ndcg_at_4": 0.37698363165548254,
    "ndcg_at_12": 0.44197522090567637,
    "ndcg_at_16": 0.44196301493288426,
    "ndcg_at_20": 0.445488657826085,
    "roc_auc_upset": 0.7828054298642534,
    "rank_mae_pred_vs_playoff_final_results": 7.266666889190674,
    "rank_rmse_pred_vs_playoff_final_results": 9.070097923278809,
    "rank_mae_eos_standings_vs_playoff_final_results": 3.1333333333333333,
    "rank_rmse_eos_standings_vs_playoff_final_results": 4.449719092257398,
    "playoff_metrics": {
      "spearman_pred_vs_playoff_final_results": 0.4473859844271412,
      "ndcg_at_4_final_four": 0.37698363165548254,
      "ndcg10_pred_vs_playoff_final_results": 0.39782842393182855,
      "brier_championship_odds": 0.03222232684493065,
      "rank_mae_pred_vs_playoff_final_results": 7.266666889190674,
      "rank_rmse_pred_vs_playoff_final_results": 9.070097923278809,
      "rank_mae_eos_standings_vs_playoff_final_results": 3.1333333333333333,
      "rank_rmse_eos_standings_vs_playoff_final_results": 4.449719092257398
    }
  },
  "test_metrics_model_a": {
    "ndcg": 0.3978396553391762,
    "spearman": 0.4509454949944383,
    "mrr_top2": 0.3333333333333333,
    "mrr_top4": 0.3333333333333333,
    "ndcg10": 0.3978396553391762,
    "ndcg_at_4": 0.37698363165548254,
    "ndcg_at_12": 0.44197522090567637,
    "ndcg_at_16": 0.44196301493288426,
    "ndcg_at_20": 0.445488657826085,
    "roc_auc_upset": 0.7828054298642534
  },
  "test_metrics_model_b": {
    "ndcg": 0.15623394579288472,
    "spearman": 0.6102335928809789,
    "mrr_top2": 0.16666666666666666,
    "mrr_top4": 0.16666666666666666,
    "ndcg10": 0.15623394579288472,
    "ndcg_at_4": 0.04029517653159447,
    "ndcg_at_12": 0.22343579033661753,
    "ndcg_at_16": 0.22351272190460014,
    "ndcg_at_20": 0.3738014247289554,
    "roc_auc_upset": 0.7782805429864253
  },
  "test_metrics_model_c": {
    "ndcg": 0.05124995751403931,
    "spearman": 0.30233592880978866,
    "mrr_top2": 0.06666666666666667,
    "mrr_top4": 0.2,
    "ndcg10": 0.05124995751403931,
    "ndcg_at_4": 0.00711064040423231,
    "ndcg_at_12": 0.056899138174850025,
    "ndcg_at_16": 0.17781540372208415,
    "ndcg_at_20": 0.18021312496782235,
    "roc_auc_upset": 0.8258928571428571
  },
  "test_metrics_by_conference": {
    "E": {
      "ndcg": 0.2686232179809201,
      "spearman": 0.2642857142857143
    },
    "W": {
      "ndcg": 0.7363108894201478,
      "spearman": 0.6464285714285712
    }
  },
  "by_season": {
    "2023-24": {
      "test_metrics_ensemble": {
        "ndcg": 0.5405596464800142,
        "spearman": 0.3699666295884316,
        "mrr_top2": 1.0,
        "mrr_top4": 1.0,
        "ndcg10": 0.5405596464800142,
        "ndcg_at_4": 0.35315119534797357,
        "ndcg_at_12": 0.5857188002691368,
        "ndcg_at_16": 0.5869779737501147,
        "ndcg_at_20": 0.5875839419130858,
        "roc_auc_upset": 0.7633928571428572,
        "rank_mae_pred_vs_playoff_final_results": 7.866666793823242,
        "rank_rmse_pred_vs_playoff_final_results": 9.71596622467041,
        "rank_mae_eos_standings_vs_playoff_final_results": 3.7333333333333334,
        "rank_rmse_eos_standings_vs_playoff_final_results": 6.093712606722878,
        "playoff_metrics": {
          "spearman_pred_vs_playoff_final_results": 0.38509454949944383,
          "ndcg_at_4_final_four": 0.35315119534797357,
          "ndcg10_pred_vs_playoff_final_results": 0.5405648957793009,
          "brier_championship_odds": 0.03222232684493065,
          "rank_mae_pred_vs_playoff_final_results": 7.866666793823242,
          "rank_rmse_pred_vs_playoff_final_results": 9.71596622467041,
          "rank_mae_eos_standings_vs_playoff_final_results": 3.7333333333333334,
          "rank_rmse_eos_standings_vs_playoff_final_results": 6.093712606722878
        }
      },
      "test_metrics_model_a": {
        "ndcg": 0.5405596464800142,
        "spearman": 0.3699666295884316,
        "mrr_top2": 1.0,
        "mrr_top4": 1.0,
        "ndcg10": 0.5405596464800142,
        "ndcg_at_4": 0.35315119534797357,
        "ndcg_at_12": 0.5857188002691368,
        "ndcg_at_16": 0.5869779737501147,
        "ndcg_at_20": 0.5875839419130858,
        "roc_auc_upset": 0.7633928571428572
      },
      "test_metrics_model_b": {
        "ndcg": 0.5696604880023005,
        "spearman": 0.435817575083426,
        "mrr_top2": 0.5,
        "mrr_top4": 0.5,
        "ndcg10": 0.5696604880023005,
        "ndcg_at_4": 0.44093212795935904,
        "ndcg_at_12": 0.5695336452513987,
        "ndcg_at_16": 0.6101723569286843,
        "ndcg_at_20": 0.610174472033194,
        "roc_auc_upset": 0.7276785714285714
      },
      "test_metrics_model_c": {
        "ndcg": 0.333487026575135,
        "spearman": 0.23515016685205786,
        "mrr_top2": 0.16666666666666666,
        "mrr_top4": 0.16666666666666666,
        "ndcg10": 0.333487026575135,
        "ndcg_at_4": 0.0011069724610271625,
        "ndcg_at_12": 0.33890731926775686,
        "ndcg_at_16": 0.35966393831396193,
        "ndcg_at_20": 0.3711507384927367,
        "roc_auc_upset": 0.7633928571428571
      },
      "test_metrics_by_conference": {
        "E": {
          "ndcg": 0.3851402749883562,
          "spearman": 0.25357142857142856
        },
        "W": {
          "ndcg": 0.9151612253331928,
          "spearman": 0.5142857142857142
        }
      },
      "notes": {
        "eos_rank_source": "eos_final_rank"
      }
    },
    "2024-25": {
      "test_metrics_ensemble": {
        "ndcg": 0.3978396553391762,
        "spearman": 0.4509454949944383,
        "mrr_top2": 0.3333333333333333,
        "mrr_top4": 0.3333333333333333,
        "ndcg10": 0.3978396553391762,
        "ndcg_at_4": 0.37698363165548254,
        "ndcg_at_12": 0.44197522090567637,
        "ndcg_at_16": 0.44196301493288426,
        "ndcg_at_20": 0.445488657826085,
        "roc_auc_upset": 0.7828054298642534,
        "rank_mae_pred_vs_playoff_final_results": 7.266666889190674,
        "rank_rmse_pred_vs_playoff_final_results": 9.070097923278809,
        "rank_mae_eos_standings_vs_playoff_final_results": 3.1333333333333333,
        "rank_rmse_eos_standings_vs_playoff_final_results": 4.449719092257398,
        "playoff_metrics": {
          "spearman_pred_vs_playoff_final_results": 0.4473859844271412,
          "ndcg_at_4_final_four": 0.37698363165548254,
          "ndcg10_pred_vs_playoff_final_results": 0.39782842393182855,
          "brier_championship_odds": 0.03222232684493065,
          "rank_mae_pred_vs_playoff_final_results": 7.266666889190674,
          "rank_rmse_pred_vs_playoff_final_results": 9.070097923278809,
          "rank_mae_eos_standings_vs_playoff_final_results": 3.1333333333333333,
          "rank_rmse_eos_standings_vs_playoff_final_results": 4.449719092257398
        }
      },
      "test_metrics_model_a": {
        "ndcg": 0.3978396553391762,
        "spearman": 0.4509454949944383,
        "mrr_top2": 0.3333333333333333,
        "mrr_top4": 0.3333333333333333,