{
  "test_metrics_ensemble": {
    "ndcg": 0.48921427612750545,
    "spearman": 0.47897664071190205,
    "mrr_top2": 0.5,
    "mrr_top4": 0.5,
    "ndcg10": 0.48921427612750545,
    "ndcg_at_4": 0.4643519436832566,
    "ndcg_at_12": 0.5329726270965304,
    "ndcg_at_16": 0.5329539675039286,
    "ndcg_at_20": 0.5365577462677076,
    "roc_auc_upset": 0.7777777777777778,
    "rank_mae_pred_vs_playoff_final_results": 6.800000190734863,
    "rank_rmse_pred_vs_playoff_final_results": 8.83553409576416,
    "rank_mae_eos_standings_vs_playoff_final_results": 3.1333333333333333,
    "rank_rmse_eos_standings_vs_playoff_final_results": 4.449719092257398,
    "playoff_metrics": {
      "spearman_pred_vs_playoff_final_results": 0.49766407119021133,
      "ndcg_at_4_final_four": 0.46433662668392073,
      "ndcg10_pred_vs_playoff_final_results": 0.4891993848673363,
      "brier_championship_odds": 0.03222232684493065,
      "rank_mae_pred_vs_playoff_final_results": 6.800000190734863,
      "rank_rmse_pred_vs_playoff_final_results": 8.83553409576416,
      "rank_mae_eos_standings_vs_playoff_final_results": 3.1333333333333333,
      "rank_rmse_eos_standings_vs_playoff_final_results": 4.449719092257398
    }
  },
  "test_metrics_model_a": {
    "ndcg": 0.48883299460983043,
    "spearman": 0.4709677419354839,
    "mrr_top2": 0.5,
    "mrr_top4": 0.5,
    "ndcg10": 0.48883299460983043,
    "ndcg_at_4": 0.4643519436832566,
    "ndcg_at_12": 0.5329446592127647,
    "ndcg_at_16": 0.5329260017654665,
    "ndcg_at_20": 0.5365297806522449,
    "roc_auc_upset": 0.7589285714285714
  },
  "test_metrics_model_b": {
    "ndcg": 0.16619710541230373,
    "spearman": 0.5172413793103449,
    "mrr_top2": 0.2,
    "mrr_top4": 0.2,
    "ndcg10": 0.16619710541230373,
    "ndcg_at_4": 0.04029517653159447,
    "ndcg_at_12": 0.2326895122188349,
    "ndcg_at_16": 0.23272216675588892,
    "ndcg_at_20": 0.23272205940331311,
    "roc_auc_upset": 0.75
  },
  "test_metrics_model_c": {
    "ndcg": 0.05124995751403931,
    "spearman": 0.30189098998887653,
    "mrr_top2": 0.0625,
    "mrr_top4": 0.2,
    "ndcg10": 0.05124995751403931,
    "ndcg_at_4": 0.00711064040423231,
    "ndcg_at_12": 0.056899138174850025,
    "ndcg_at_16": 0.1769467286075223,
    "ndcg_at_20": 0.17934445367388585,
    "roc_auc_upset": 0.8258928571428571
  },
  "test_metrics_by_conference": {
    "E": {
      "ndcg": 0.24737794491293497,
      "spearman": 0.24285714285714283
    },
    "W": {
      "ndcg": 0.7733425262567636,
      "spearman": 0.6499999999999999
    }
  },
  "notes": {
    "eos_rank_source": "eos_final_rank"
  }
}