{
  "notes": {
    "eval_on": "test",
    "eos_rank_source": "eos_final_rank",
    "upset_definition": "sleeper = EOS_global_rank > predicted_strength",
    "mrr_top2": "1/rank of first team in top 2 (champion+runner-up) in predicted order.",
    "mrr_top4": "1/rank of first team in top 4 (conference finals) in predicted order.",
    "per_conference_relevance": "Within E/W: actual rank derived from EOS_global_rank (1=best in conf); NDCG/Spearman use this relevance.",
    "playoff_metrics": "Spearman (pred global vs playoff_final_results), NDCG@4 (final four), Brier (champion vs odds). rank_mae/rank_rmse: pred vs playoff_final_results; eos_standings vs playoff_final_results (baseline)."
  },
  "split_info": {
    "train_frac": 0.75,
    "n_train_dates": 141,
    "n_test_dates": 36,
    "split_mode": "seasons"
  },
  "test_metrics_ensemble": {
    "ndcg": 0.48385140251554926,
    "spearman": 0.4887652947719689,
    "mrr_top2": 0.5,
    "mrr_top4": 0.5,
    "ndcg10": 0.48385140251554926,
    "ndcg_at_4": 0.4641493447784409,
    "ndcg_at_12": 0.5279643756192166,
    "ndcg_at_16": 0.5279461001893665,
    "ndcg_at_20": 0.5320643019602578,
    "roc_auc_upset": 0.7589285714285714,
    "rank_mae_pred_vs_playoff_final_results": 6.866666793823242,
    "rank_rmse_pred_vs_playoff_final_results": 8.752142906188965,
    "rank_mae_eos_standings_vs_playoff_final_results": 3.1333333333333333,
    "rank_rmse_eos_standings_vs_playoff_final_results": 4.449719092257398,
    "playoff_metrics": {
      "spearman_pred_vs_playoff_final_results": 0.4958843159065628,
      "ndcg_at_4_final_four": 0.464136151433333,
      "ndcg10_pred_vs_playoff_final_results": 0.48383803770624356,
      "brier_championship_odds": 0.03222232684493065,
      "rank_mae_pred_vs_playoff_final_results": 6.866666793823242,
      "rank_rmse_pred_vs_playoff_final_results": 8.752142906188965,
      "rank_mae_eos_standings_vs_playoff_final_results": 3.1333333333333333,
      "rank_rmse_eos_standings_vs_playoff_final_results": 4.449719092257398
    }
  },
  "test_metrics_model_a": {
    "ndcg": 0.48385140251554926,
    "spearman": 0.4887652947719689,
    "mrr_top2": 0.5,
    "mrr_top4": 0.5,
    "ndcg10": 0.48385140251554926,
    "ndcg_at_4": 0.4641493447784409,
    "ndcg_at_12": 0.5279643756192166,
    "ndcg_at_16": 0.5279461001893665,
    "ndcg_at_20": 0.5320643019602578,
    "roc_auc_upset": 0.7589285714285714
  },
  "test_metrics_model_b": {
    "ndcg": 0.21451943219104314,
    "spearman": 0.6645161290322581,
    "mrr_top2": 0.2,
    "mrr_top4": 0.2,
    "ndcg10": 0.21451943219104314,
    "ndcg_at_4": 0.04166423104576856,
    "ndcg_at_12": 0.23640633775717118,
    "ndcg_at_16": 0.4026938876826707,
    "ndcg_at_20": 0.4026930696350806,
    "roc_auc_upset": 0.7546296296296295
  },
  "test_metrics_model_c": {
    "ndcg": 0.05124995751403931,
    "spearman": 0.31123470522803115,
    "mrr_top2": 0.07142857142857142,
    "mrr_top4": 0.2,
    "ndcg10": 0.05124995751403931,
    "ndcg_at_4": 0.00711064040423231,
    "ndcg_at_12": 0.056899138174850025,
    "ndcg_at_16": 0.17975039715984434,
    "ndcg_at_20": 0.18214810989505317,
    "roc_auc_upset": 0.8214285714285714
  },
  "test_metrics_by_conference": {
    "E": {
      "ndcg": 0.26492214568091826,
      "spearman": 0.2571428571428571
    },
    "W": {
      "ndcg": 0.7621882543043447,
      "spearman": 0.7249999999999999
    }
  },
  "by_season": {
    "2023-24": {
      "test_metrics_ensemble": {
        "ndcg": 0.5480267151016321,
        "spearman": 0.3530589543937709,
        "mrr_top2": 1.0,
        "mrr_top4": 1.0,
        "ndcg10": 0.5480267151016321,
        "ndcg_at_4": 0.35315119534797357,
        "ndcg_at_12": 0.5478881287366263,
        "ndcg_at_16": 0.5917665384895211,
        "ndcg_at_20": 0.5926500957849853,
        "roc_auc_upset": 0.7824074074074074,
        "rank_mae_pred_vs_playoff_final_results": 7.933333396911621,
        "rank_rmse_pred_vs_playoff_final_results": 9.84547233581543,
        "rank_mae_eos_standings_vs_playoff_final_results": 3.7333333333333334,
        "rank_rmse_eos_standings_vs_playoff_final_results": 6.093712606722878,
        "playoff_metrics": {
          "spearman_pred_vs_playoff_final_results": 0.43715239154616237,
          "ndcg_at_4_final_four": 0.35315119534797357,
          "ndcg10_pred_vs_playoff_final_results": 0.5480322505980408,
          "brier_championship_odds": 0.03222232684493065,
          "rank_mae_pred_vs_playoff_final_results": 7.933333396911621,
          "rank_rmse_pred_vs_playoff_final_results": 9.84547233581543,
          "rank_mae_eos_standings_vs_playoff_final_results": 3.7333333333333334,
          "rank_rmse_eos_standings_vs_playoff_final_results": 6.093712606722878
        }
      },
      "test_metrics_model_a": {
        "ndcg": 0.5404951442088172,
        "spearman": 0.3508342602892102,
        "mrr_top2": 1.0,
        "mrr_top4": 1.0,
        "ndcg10": 0.5404951442088172,
        "ndcg_at_4": 0.35315119534797357,
        "ndcg_at_12": 0.5403585361402772,
        "ndcg_at_16": 0.5842375234578217,
        "ndcg_at_20": 0.58512111386756,
        "roc_auc_upset": 0.7824074074074074
      },
      "test_metrics_model_b": {
        "ndcg": 0.8167762461145109,
        "spearman": 0.44649610678531704,
        "mrr_top2": 1.0,
        "mrr_top4": 1.0,
        "ndcg10": 0.8167762461145109,
        "ndcg_at_4": 0.7116242168324007,
        "ndcg_at_12": 0.8165858991411964,
        "ndcg_at_16": 0.8166073442118453,
        "ndcg_at_20": 0.8584462951051085,
        "roc_auc_upset": 0.7232142857142857
      },
      "test_metrics_model_c": {
        "ndcg": 0.3335103168238178,
        "spearman": 0.23737486095661847,
        "mrr_top2": 0.16666666666666666,
        "mrr_top4": 0.16666666666666666,
        "ndcg10": 0.3335103168238178,
        "ndcg_at_4": 0.001111095381373398,
        "ndcg_at_12": 0.33890852755612016,
        "ndcg_at_16": 0.3596651465096424,
        "ndcg_at_20": 0.37000114042130106,
        "roc_auc_upset": 0.7633928571428571
      },
      "test_metrics_by_conference": {
        "E": {
          "ndcg": 0.40506426649069116,
          "spearman": 0.2321428571428571
        },
        "W": {
          "ndcg": 0.9235837095702454,
          "spearman": 0.5071428571428571
        }
      },
      "notes": {
        "eos_rank_source": "eos_final_rank"
      }
    },
    "2024-25": {
      "test_metrics_ensemble": {
        "ndcg": 0.48385140251554926,
        "spearman": 0.4887652947719689,
        "mrr_top2": 0.5,
        "mrr_top4": 0.5,
        "ndcg10": 0.48385140251554926,
        "ndcg_at_4": 0.4641493447784409,
        "ndcg_at_12": 0.5279643756192166,
        "ndcg_at_16": 0.5279461001893665,
        "ndcg_at_20": 0.5320643019602578,
        "roc_auc_upset": 0.7589285714285714,
        "rank_mae_pred_vs_playoff_final_results": 6.866666793823242,
        "rank_rmse_pred_vs_playoff_final_results": 8.752142906188965,
        "rank_mae_eos_standings_vs_playoff_final_results": 3.1333333333333333,
        "rank_rmse_eos_standings_vs_playoff_final_results": 4.449719092257398,
        "playoff_metrics": {
          "spearman_pred_vs_playoff_final_results": 0.4958843159065628,
          "ndcg_at_4_final_four": 0.464136151433333,
          "ndcg10_pred_vs_playoff_final_results": 0.48383803770624356,
          "brier_championship_odds": 0.03222232684493065,
          "rank_mae_pred_vs_playoff_final_results": 6.866666793823242,
          "rank_rmse_pred_vs_playoff_final_results": 8.752142906188965,
          "rank_mae_eos_standings_vs_playoff_final_results": 3.1333333333333333,
          "rank_rmse_eos_standings_vs_playoff_final_results": 4.449719092257398
        }
      },
      "test_metrics_model_a": {
        "ndcg": 0.48385140251554926,
        "spearman": 0.4887652947719689,
        "mrr_top2": 0.5,
        "mrr_top4": 0.5,
        "ndcg10": 0.48385140251554926,
        "ndcg_at_4": 0.4641493447784409,
        "ndcg_at_12": 0.5279643756192166,